id,rate,votes,cuisine
48915,,0,South Indian
18721,2.7,135,Biryani
4577,,0,BBQ
40486,3.4,37,Mughlai
9045,3.5,40,Italian
839,4.1,305,Italian
17593,,0,North Indian
5363,3.4,7,Fast Food
8202,3.9,48,Fast Food
3937,3.7,37,Cafe
1024,,0,Continental
46377,,0,Desserts
2615,3.2,49,Arabian
9754,3.7,41,Biryani
1907,3.5,22,Biryani
18247,4.6,2785,Continental
1068,4.1,353,European
4174,4.1,129,Pizza
41925,4.2,1731,Chinese
46399,4.3,969,Chinese
23728,4.2,1745,Chinese
1298,4.0,1509,Cafe
2630,4.1,218,North Indian
22088,3.5,24,Cafe
298,4.0,808,North Indian
38964,4.0,1070,North Indian
48123,3.9,621,North Indian
635,4.1,2303,North Indian
295,3.4,58,Cafe
41574,3.7,33,Street Food
6961,4.3,597,Asian
42732,3.1,11,North Indian
22576,3.7,209,Kerala
13707,4.0,419,Chinese
4521,4.0,933,American
3048,3.6,15,Continental
12435,,0,North Indian
43212,,0,North Indian
2624,3.1,46,Asian
696,,0,Bakery
17595,3.3,4,Bakery
1556,3.4,9,Cafe
840,4.1,268,North Indian
38977,4.0,344,Continental
5865,3.0,7,South Indian
3819,4.1,1234,North Indian
23476,3.9,283,North Indian
6528,3.7,21,South Indian
43148,3.7,128,North Indian
10872,3.9,157,North Indian
3324,4.2,556,Tibetan
119,3.1,13,Cafe
2928,3.6,16,South Indian
36468,3.5,58,Chinese
5364,,0,Bakery
970,4.4,1149,North Indian
42482,4.5,1909,North Indian
41634,4.1,662,Finger Food
7626,,0,Juices
1481,3.0,17,Burger
18182,3.7,14,Ice Cream
22574,3.7,399,North Indian
7134,,0,South Indian
7131,,0,South Indian
788,,0,Bar Food
6914,,0,Seafood
40668,4.1,55,Fast Food
1909,3.6,82,South Indian
135,3.0,23,Street Food
8660,3.3,4,North Indian
32016,,0,North Indian
930,4.0,62,Cafe
8901,,0,Beverages
22229,,0,South Indian
5654,,0,South Indian
2218,3.2,4,South Indian
11725,3.9,737,American
9156,3.9,1763,Finger Food
9117,3.6,51,Mithai
1459,3.5,15,Cafe
966,3.8,478,North Indian
9177,3.5,11,North Indian
20765,3.4,8,Andhra
1900,,0,North Indian
2738,,0,North Indian
41655,3.9,210,North Indian
6123,3.7,259,Mughlai
22469,3.6,519,North Indian
2906,3.9,169,North Indian
1825,3.5,19,Chinese
22164,3.4,5,Biryani
2302,3.2,15,Biryani
4795,3.7,16,Fast Food
8406,3.9,105,Chinese
22032,3.2,4,Andhra
21794,,0,Bakery
46211,3.6,17,Bakery
7215,3.7,74,Pizza
11426,,0,Healthy Food
40629,,0,Healthy Food
3177,,0,Healthy Food
4077,,0,Healthy Food
7069,,0,South Indian
8788,,0,North Indian
1434,3.0,7,Finger Food
17142,,0,Fast Food
19614,3.6,106,South Indian
16987,,0,North Indian
4261,4.1,42,Desserts
1299,4.5,334,Desserts
563,,0,South Indian
22914,3.8,16,South Indian
3760,4.0,101,South Indian
9949,,0,South Indian
43840,3.4,32,Biryani
18393,4.0,458,North Indian
14141,3.6,12,Cafe
14469,2.8,211,Pizza
21796,,0,Bakery
12235,3.3,19,North Indian
1263,4.4,2859,Cafe
5643,,0,Chinese
22387,3.4,12,Bakery
4676,3.3,6,North Indian
19387,,0,Bakery
801,3.2,16,Biryani
5737,3.2,9,Beverages
7094,,0,Mughlai
2285,,0,Fast Food
48929,,0,Biryani
5625,3.5,21,North Indian
6856,,0,Biryani
48952,3.2,4,Biryani
42312,3.0,10,Biryani
8916,,0,Bakery
5495,3.6,25,North Indian
41290,3.2,4,Biryani
41828,3.5,46,Biryani
6664,,0,South Indian
1727,4.2,37,South Indian
4037,3.0,566,South Indian
4404,4.1,51,South Indian
22746,2.7,596,South Indian
24677,2.7,194,South Indian
1194,3.8,155,South Indian
8350,2.7,425,South Indian
9268,3.8,685,South Indian
41701,3.5,78,South Indian
31626,2.7,249,South Indian
7351,3.6,42,South Indian
26200,3.8,98,South Indian
22580,3.6,244,South Indian
42111,2.7,82,South Indian
46125,3.0,50,South Indian
21347,3.1,352,South Indian
17853,3.7,32,South Indian
11208,2.8,484,South Indian
28426,4.1,41,South Indian
16222,2.9,22,South Indian
11030,3.9,184,South Indian
40914,2.5,544,South Indian
956,3.6,213,South Indian
1277,2.7,97,South Indian
48397,2.9,96,South Indian
17497,2.8,210,South Indian
16713,3.7,42,Chinese
983,,0,Continental
1661,3.3,5,South Indian
19406,,0,Sandwich
4270,3.6,22,Fast Food
2374,,0,Fast Food
3718,4.0,558,North Indian
953,,0,North Indian
20111,3.6,94,North Indian
5545,3.7,11,Andhra
15339,4.2,807,Andhra
13810,3.5,15,Andhra
42776,3.4,58,Andhra
588,,0,North Indian
42844,,0,South Indian
304,,0,South Indian
14140,,0,Cafe
20757,4.0,68,North Indian
22133,,0,Modern Indian
42201,3.5,13,South Indian
9715,,0,North Indian
9909,4.0,65,Chinese
4948,3.5,888,North Indian
12384,,0,North Indian
471,,0,Biryani
4714,3.0,66,Bengali
6818,3.3,5,Bengali
11054,3.5,11,North Indian
4625,3.2,127,North Indian
7521,,0,BBQ
8031,3.4,212,North Indian
46246,3.6,15,North Indian
539,,0,North Indian
10621,3.3,11,South Indian
21113,3.1,249,North Indian
19816,2.7,35,North Indian
4347,3.8,34,North Indian
1997,3.8,120,Biryani
42332,3.9,131,Chinese
8158,,0,South Indian
12031,3.1,16,North Indian
14595,3.2,574,Chettinad
671,,0,Fast Food
951,4.9,6375,European
3480,4.7,881,European
16682,4.8,2882,European
22400,4.6,1502,European
42493,4.8,12121,European
4508,3.8,133,Fast Food
16742,3.5,54,Andhra
2138,,0,Chinese
6557,2.9,36,Andhra
22064,3.8,164,Andhra
18195,3.4,31,Andhra
4582,3.2,12,North Indian
3002,3.5,735,Andhra
3803,3.3,455,Andhra
5788,3.3,4,North Indian
4076,3.4,5,Andhra
43401,3.5,7,Fast Food
39888,3.7,173,Biryani
39117,3.8,209,Chinese
21000,,0,Lebanese
4757,3.8,116,Lebanese
41731,3.9,49,Desserts
17621,,0,North Indian
22118,,0,Chinese
46344,2.9,42,North Indian
12036,,0,Healthy Food
17258,3.8,405,Kerala
43402,3.6,33,Fast Food
512,3.1,10,Bakery
928,3.3,5,South Indian
32,3.7,88,South Indian
7041,,0,Bakery
8879,,0,Mithai
3015,3.3,55,South Indian
3204,3.7,28,South Indian
1772,4.0,334,South Indian
842,3.2,9,North Indian
9298,3.9,178,South Indian
6373,3.7,27,South Indian
12598,,0,North Indian
3280,3.3,10,South Indian
46082,3.7,59,Chinese
17913,3.7,21,Mithai
26172,3.5,30,South Indian
23418,3.2,123,Kerala
41029,2.9,25,South Indian
7498,3.4,8,Biryani
242,3.3,4,South Indian
461,,0,South Indian
2391,3.4,6,Mithai
40616,,0,Mithai
4410,,0,Mithai
241,,0,Fast Food
6527,,0,Kebab
4013,3.6,14,Arabian
16766,3.5,40,North Indian
3526,3.4,9,Fast Food
2482,3.8,267,North Indian
9821,3.5,16,North Indian
18485,4.0,592,Continental
22552,4.0,377,Continental
20310,,0,Chinese
22177,,0,Chinese
12442,,0,Chinese
32692,,0,South Indian
43022,3.7,61,North Indian
6187,3.6,13,Beverages
2907,2.8,76,North Indian
16252,3.4,9,Healthy Food
22149,3.2,9,North Indian
7482,,0,Biryani
5588,,0,Kebab
2620,,0,Fast Food
5563,,0,North Indian
22503,4.2,783,Mediterranean
4541,4.0,868,South Indian
29468,,0,South Indian
41035,3.3,6,Chinese
19022,,0,Finger Food
6957,2.9,59,Chinese
42075,3.6,24,Mithai
5569,,0,South Indian
2158,,0,South Indian
48533,,0,North Indian
4247,3.9,42,Biryani
1122,,0,North Indian
962,3.9,72,North Indian
18433,3.6,41,North Indian
18568,4.0,136,South Indian
1218,3.8,42,North Indian
49081,3.7,20,South Indian
5,,0,South Indian
2921,,0,North Indian
4238,3.6,20,Biryani
46030,4.0,336,North Indian
4992,3.1,38,Biryani
24454,3.2,4,South Indian
7370,3.4,29,North Indian
5499,3.2,13,South Indian
46294,,0,Andhra
843,,0,Mithai
42259,4.2,258,Modern Indian
5708,,0,North Indian
21889,,0,North Indian
21971,4.0,74,Cafe
2901,4.4,1413,Middle Eastern
22067,3.7,16,Rolls
22008,,0,Arabian
7903,,0,North Indian
23415,3.6,20,Arabian
3776,4.2,567,North Indian
736,3.3,12,Biryani
23196,,0,Mughlai
22080,,0,Biryani
6659,3.5,17,North Indian
4528,3.5,17,North Indian
32584,3.3,9,Biryani
46346,,0,Chinese
21897,3.7,90,Mughlai
900,,0,Lebanese
4163,3.9,370,Biryani
5393,3.0,13,North Indian
21908,3.4,6,North Indian
3322,,0,North Indian
22729,3.6,16,Biryani
33998,,0,South Indian
6733,3.8,22,North Indian
48184,3.9,185,North Indian
5176,3.5,31,Mughlai
10714,3.1,12,North Indian
48249,3.2,4,Fast Food
5200,3.5,14,Chinese
23063,,0,Arabian
23009,4.2,89,Arabian
5397,,0,Biryani
41807,3.2,25,Kebab
3095,3.6,113,North Indian
3151,3.9,169,Biryani
4113,3.6,208,Biryani
48175,4.1,371,Mughlai
41477,4.1,935,Mughlai
18193,3.6,118,Biryani
48717,4.1,568,Mughlai
8593,3.6,133,Biryani
20787,,0,Biryani
39829,3.9,52,Biryani
11226,3.9,682,North Indian
5231,,0,North Indian
17312,,0,Rolls
29232,,0,Biryani
5879,3.3,8,North Indian
897,3.4,22,Arabian
4932,,0,Arabian
6645,,0,Kebab
23347,,0,Chinese
6933,,0,Chinese
23204,,0,Biryani
48174,4.0,314,North Indian
41926,3.4,9,South Indian
3263,3.7,42,Chinese
42886,,0,South Indian
3738,3.9,255,Andhra
14109,4.5,583,Italian
5803,4.3,346,Bakery
12954,4.3,446,Modern Indian
2312,4.2,737,Cafe
6396,,0,North Indian
899,3.0,27,North Indian
42121,3.7,77,Continental
22188,,0,Rolls
41596,3.4,5,Chinese
21883,2.9,56,Arabian
4144,3.9,450,Arabian
14990,1.8,224,North Indian
4879,3.6,11,Juices
41621,,0,North Indian
4854,3.6,27,North Indian
8662,4.4,568,North Indian
2792,4.4,98,North Indian
21362,,0,North Indian
1006,,0,Fast Food
2572,,0,North Indian
5258,,0,North Indian
11323,3.6,23,Bakery
19023,,0,North Indian
20332,3.6,34,Desserts
15483,3.9,77,Desserts
41966,3.6,19,Desserts
17531,2.9,46,North Indian
12087,3.3,4,North Indian
1107,4.0,63,Italian
17394,3.3,387,Biryani
40811,4.1,821,Finger Food
3139,3.8,229,North Indian
41937,3.3,6,North Indian
22614,3.8,140,Cafe
22706,4.3,263,Italian
12369,,0,North Indian
7570,,0,Fast Food
1704,3.4,6,Beverages
2606,3.3,8,Chinese
21863,,0,Desserts
7280,,0,North Indian
1202,4.0,73,Bakery
4372,4.2,231,Bakery
17801,3.8,107,North Indian
49064,3.2,15,North Indian
17619,3.2,4,Bengali
6404,3.3,4,South Indian
2056,,0,Andhra
2045,,0,Andhra
12577,3.7,43,North Indian
513,,0,Chinese
2441,3.6,108,Andhra
5247,3.6,39,North Indian
1287,,0,Andhra
42953,3.5,93,South Indian
19576,3.0,148,Andhra
20947,3.4,6,Kerala
6087,3.4,7,Chinese
30360,,0,Ice Cream
42291,3.4,10,Finger Food
405,,0,North Indian
4619,3.8,256,Andhra
46239,2.7,57,North Indian
22680,3.9,140,North Indian
4887,,0,Italian
12151,4.1,93,Continental
48479,3.5,37,Biryani
42379,3.7,31,North Indian
23410,3.5,20,South Indian
6167,3.2,6,North Indian
19348,3.5,41,Biryani
46583,,0,Biryani
17629,3.2,4,Biryani
7267,3.3,6,Biryani
1217,3.3,136,Biryani
6393,3.6,26,Biryani
23191,,0,Biryani
7599,3.5,17,Biryani
4704,,0,Biryani
5716,,0,Biryani
23239,,0,Biryani
9239,3.2,5,South Indian
41263,,0,Biryani
13175,3.2,13,Biryani
32067,3.4,18,Biryani
8128,3.3,8,Biryani
1689,4.2,424,Biryani
42186,,0,Biryani
2180,,0,Biryani
12935,3.1,9,Biryani
41644,3.2,24,Biryani
7337,3.0,11,Biryani
3948,3.4,12,Biryani
19410,3.1,10,Biryani
2327,3.3,5,Biryani
2265,,0,Biryani
41245,,0,Biryani
5183,,0,Biryani
46575,,0,Biryani
2350,,0,Biryani
6473,,0,Biryani
17541,3.2,5,Biryani
5578,,0,Biryani
23533,,0,Biryani
22831,,0,Biryani
42422,,0,Biryani
17576,,0,Biryani
7605,3.1,6,Biryani
747,,0,Biryani
20887,,0,Biryani
14473,3.1,43,Biryani
29217,3.3,8,Biryani
597,3.0,13,Biryani
6892,3.5,21,Biryani
12498,3.1,6,Biryani
5711,3.2,6,Biryani
44101,3.0,9,Biryani
7161,,0,South Indian
23697,,0,Biryani
43860,,0,Biryani
8049,3.5,22,Biryani
3890,3.7,17,North Indian
2992,2.8,227,Biryani
11872,3.7,118,Biryani
9982,3.5,383,Biryani
15988,3.3,4,Biryani
34347,,0,Biryani
2663,3.4,17,Biryani
7957,,0,Biryani
12962,3.2,4,Biryani
19686,,0,Biryani
42757,3.8,38,North Indian
15204,4.0,47,Tibetan
28356,3.0,7,Fast Food
50999,3.7,21,Fast Food
4344,3.0,4,Pizza
3720,2.4,48,Fast Food
22358,3.6,23,Desserts
18993,3.8,31,American
23467,3.7,64,Chinese
4877,,0,North Indian
615,,0,South Indian
39401,,0,Kerala
40553,,0,Kerala
22077,,0,Biryani
9236,3.2,6,Fast Food
46372,3.9,54,Bakery
22309,3.9,130,Bakery
16611,4.2,245,Bakery
8161,3.6,11,Desserts
47516,4.0,120,Bakery
1196,3.9,95,Bakery
11465,4.1,146,Bakery
41983,4.2,217,Bakery
6032,4.0,98,Bakery
48604,3.8,56,Bakery
2209,3.8,60,Bakery
17814,4.0,74,Bakery
7853,4.0,102,Bakery
8244,4.2,434,Bakery
29261,,0,South Indian
49112,,0,South Indian
9031,3.5,6,Kerala
5848,,0,Kerala
9182,2.8,114,Biryani
469,2.1,342,Biryani
16651,2.7,231,Biryani
7149,2.4,392,Biryani
7152,2.7,77,Biryani
5167,2.8,43,Biryani
40402,2.5,131,Biryani
22717,2.7,171,Biryani
3704,3.4,84,North Indian
15046,3.7,15,North Indian
20482,3.9,568,Continental
2022,3.9,438,Bengali
7945,4.0,82,Cafe
6188,3.1,6,North Indian
12731,3.4,24,North Indian
46355,3.2,4,Mithai
42017,4.1,81,Ice Cream
42866,,0,North Indian
3088,3.9,104,North Indian
2224,4.0,260,North Indian
39123,3.5,250,North Indian
38495,3.8,20,South Indian
39736,3.5,54,North Indian
44094,,0,South Indian
4415,3.2,204,North Indian
40541,,0,Andhra
6092,3.4,5,Kerala
13185,,0,South Indian
11514,4.1,116,Street Food
18072,3.7,36,Street Food
30365,3.5,13,Street Food
9324,,0,Desserts
16841,4.1,701,Cafe
22554,4.0,241,Cafe
21979,,0,Fast Food
19817,3.2,4,North Indian
9220,,0,North Indian
1507,3.6,45,Biryani
1785,3.3,6,South Indian
5607,4.2,267,Mithai
1844,4.2,1076,Mithai
149,3.9,84,Mithai
14630,4.0,261,Mithai
1444,3.7,46,Mithai
13210,4.0,183,Mithai
22315,4.0,99,Mithai
5831,3.9,42,Mithai
6541,4.1,131,Mithai
5688,2.5,58,North Indian
1228,3.4,89,North Indian
2529,3.2,64,North Indian
17938,3.2,14,North Indian
46186,3.4,8,Fast Food
14438,3.6,133,Biryani
40054,3.6,24,South Indian
24335,3.1,22,Biryani
17897,3.5,30,Fast Food
10813,2.8,60,North Indian
21829,3.3,117,North Indian
29819,3.7,73,North Indian
40504,3.1,8,North Indian
5337,3.0,21,Fast Food
17520,3.3,225,North Indian
794,3.1,104,North Indian
2447,3.4,16,North Indian
6755,3.5,27,North Indian
37390,3.1,41,North Indian
798,3.8,120,North Indian
26489,3.1,22,North Indian
2449,3.2,56,North Indian
27983,3.2,9,North Indian
9190,3.3,5,North Indian
39388,,0,South Indian
1318,3.6,81,Andhra
3739,3.2,23,Andhra
6968,3.6,21,North Indian
4048,3.6,48,Andhra
27967,,0,Biryani
1792,3.1,4,North Indian
18374,4.0,108,Andhra
24998,4.0,469,Andhra
524,3.2,4,Andhra
20278,3.1,13,Andhra
2117,3.6,24,Andhra
43382,3.7,19,Andhra
2215,3.3,46,Andhra
797,,0,Andhra
7560,3.0,55,Andhra
19787,3.8,241,Andhra
1679,4.0,187,Andhra
1972,3.9,45,Andhra
4307,3.9,158,Andhra
46265,,0,South Indian
22,3.4,8,South Indian
14516,3.2,128,Andhra
27922,3.3,6,Biryani
18933,2.8,17,Andhra
4379,3.2,5,Andhra
39912,3.1,72,Andhra
41851,,0,Andhra
3661,4.2,1430,Andhra
14738,4.0,43,Andhra
43751,3.4,5,Andhra
19720,3.7,106,Andhra
250,3.3,5,South Indian
2067,4.1,666,Andhra
40506,,0,Andhra
5728,,0,North Indian
46139,3.4,9,Andhra
18080,3.2,4,Andhra
6489,3.5,11,Andhra
2014,3.2,22,Andhra
24451,,0,North Indian
20694,3.2,6,Biryani
17512,,0,Andhra
41759,3.9,317,Andhra
51337,,0,South Indian
9181,3.3,4,South Indian
42749,3.3,6,South Indian
4119,3.7,52,Andhra
20719,3.3,11,Andhra
45961,3.1,12,Cafe
40192,3.7,92,Biryani
21957,3.9,121,Arabian
43013,3.5,17,South Indian
17304,3.5,22,South Indian
2854,2.8,165,Kerala
41184,3.5,10,Kerala
4851,3.7,29,Burger
3591,3.3,5,Biryani
21716,,0,Andhra
180,4.1,739,Chinese
42658,3.9,96,Chettinad
16045,3.1,97,Chettinad
8957,2.9,304,Chettinad
7527,3.9,1155,Chettinad
15450,3.8,768,Chettinad
16545,3.4,5,Fast Food
19011,4.1,150,Fast Food
4029,3.4,6,Cafe
16745,,0,Street Food
1559,,0,Mithai
3759,3.8,62,South Indian
625,4.0,771,South Indian
3392,4.0,265,Continental
5404,,0,Continental
5172,3.5,28,Andhra
20358,,0,South Indian
7083,,0,South Indian
449,,0,South Indian
13651,3.9,434,South Indian
36613,3.9,82,Chinese
41553,3.5,73,South Indian
1921,3.3,5,Mughlai
19016,3.9,50,Bengali
26362,,0,South Indian
46689,,0,North Indian
4380,3.5,11,North Indian
49002,,0,South Indian
190,,0,South Indian
41560,3.9,461,Chinese
42489,4.4,730,Continental
1806,3.7,20,Desserts
23152,3.7,118,Chinese
4976,4.1,841,Seafood
4540,4.2,854,Seafood
540,4.1,179,Seafood
20907,,0,North Indian
4990,,0,North Indian
38658,,0,North Indian
19840,3.5,26,North Indian
10629,,0,North Indian
1681,3.6,474,North Indian
4482,3.1,35,North Indian
24311,,0,South Indian
21033,3.9,236,North Indian
6471,3.8,18,Kerala
7562,3.2,4,Kerala
4897,3.5,11,North Indian
4219,3.6,16,North Indian
42783,3.3,14,Beverages
5410,,0,North Indian
16076,4.6,206,Ice Cream
7229,4.0,65,Ice Cream
41835,4.0,25,Ice Cream
27790,4.1,145,Ice Cream
1502,4.1,59,Ice Cream
8791,4.5,194,Ice Cream
547,4.0,67,Ice Cream
16033,4.2,251,Ice Cream
4867,4.1,83,Ice Cream
19333,3.2,4,Ice Cream
19005,4.0,90,Ice Cream
4740,3.0,9,North Indian
41728,3.6,89,North Indian
23000,3.9,358,North Indian
16271,4.0,196,North Indian
7986,,0,Arabian
146,3.4,24,North Indian
42756,,0,Arabian
41343,,0,Arabian
4675,3.7,19,Biryani
4545,3.4,43,Fast Food
7680,,0,Mughlai
36440,,0,Arabian
3174,3.7,30,Arabian
5449,,0,Tea
8914,3.5,10,Juices
42384,3.3,4,Chinese
3824,3.9,191,Biryani
619,,0,South Indian
18538,3.7,0,Biryani
795,3.5,57,Biryani
3189,3.1,28,Biryani
11270,4.0,334,Biryani
5526,2.9,90,North Indian
41660,3.0,75,South Indian
40425,,0,Chinese
13570,4.5,8375,American
5260,3.7,31,Bakery
22147,,0,North Indian
18229,4.1,177,Sushi
5395,,0,Chinese
5411,3.3,5,Fast Food
22984,4.0,237,Korean
5738,3.5,12,Fast Food
12064,,0,North Indian
12666,3.4,9,South Indian
39951,3.8,72,Beverages
7699,,0,Rolls
8243,4.0,127,North Indian
4943,3.9,49,Fast Food
22595,3.7,83,Andhra
24249,4.2,533,Mughlai
12086,3.7,46,South Indian
6338,3.6,22,North Indian
39018,3.5,7,Cafe
25349,3.4,9,Biryani
7057,4.3,449,Ice Cream
12198,4.4,1896,Ice Cream
43782,,0,Fast Food
2793,,0,Desserts
43001,4.2,44,Desserts
17800,4.0,58,Desserts
4760,,0,Ice Cream
4141,,0,Ice Cream
15212,,0,Desserts
22230,3.8,92,Cafe
5119,,0,Lucknowi
1595,3.4,7,Ice Cream
22389,3.1,6,Ice Cream
16097,3.4,6,Ice Cream
40271,3.7,26,South Indian
13463,3.2,6,Mithai
4632,3.2,9,Mithai
698,,0,Mithai
2198,4.3,277,North Indian
13460,,0,Bakery
2085,,0,South Indian
40095,3.1,97,North Indian
7592,,0,Arabian
9222,,0,Arabian
19421,,0,Arabian
224,,0,Arabian
40473,,0,Arabian
4936,3.8,174,Pizza
1128,3.5,41,Pizza
3821,4.0,69,Chettinad
4538,3.4,11,Mangalorean
4433,4.4,864,Asian
5754,,0,Fast Food
48731,4.0,137,Desserts
42154,4.1,534,South Indian
3094,4.1,58,Mithai
41990,4.3,124,Mithai
916,3.6,27,Fast Food
48632,3.7,53,Mithai
41568,4.0,73,Mithai
3079,3.9,42,Mithai
3906,4.3,278,South Indian
6040,3.5,10,Desserts
1964,4.0,113,Chinese
43774,3.2,7,North Indian
19006,3.4,9,South Indian
15734,,0,South Indian
7539,4.1,237,Continental
4008,3.0,16,Thai
4978,3.1,9,Thai
6421,3.2,5,Thai
1027,4.9,2178,Asian
40177,3.3,4,Chinese
14898,3.6,25,Beverages
22975,,0,North Indian
6869,2.8,80,Andhra
23703,3.0,74,Andhra
7839,3.9,224,North Indian
41930,3.7,18,North Indian
39406,3.2,4,South Indian
4224,3.9,48,South Indian
6262,3.3,4,Biryani
4846,3.6,31,North Indian
5506,,0,South Indian
51298,,0,South Indian
8133,,0,South Indian
533,3.1,29,North Indian
3919,3.9,69,South Indian
38710,3.2,8,South Indian
46317,3.7,91,South Indian
14805,3.5,53,Asian
12260,4.1,208,Bakery
38541,,0,South Indian
4194,4.0,1229,Cafe
3795,4.0,73,Bakery
2690,,0,Cafe
39021,4.3,722,Cafe
4093,,0,Desserts
17573,,0,Continental
40715,4.0,24,Desserts
21190,,0,Chinese
39083,4.2,577,Asian
2415,,0,North Indian
1098,3.6,116,Continental
5013,,0,Andhra
46952,3.7,19,Fast Food
17093,3.3,6,Fast Food
20008,3.5,13,Fast Food
21946,,0,Fast Food
6712,3.3,5,Fast Food
13676,3.4,46,North Indian
22356,4.5,506,Cafe
4969,3.7,104,Andhra
9265,,0,Biryani
25532,,0,Biryani
2545,3.7,23,Chinese
12007,4.0,610,Assamese
4302,3.9,224,North Indian
456,3.7,39,North Indian
246,,0,Fast Food
48367,3.4,10,South Indian
48236,3.8,65,Chinese
2112,4.3,734,South Indian
17569,,0,North Indian
5952,,0,South Indian
5011,3.8,41,North Indian
4509,2.8,95,North Indian
367,3.6,29,Asian
36317,4.2,176,North Indian
35198,4.3,429,North Indian
2178,,0,Cafe
23730,4.3,1561,Finger Food
5218,3.7,500,North Indian
580,3.5,8,North Indian
5612,3.5,8,Arabian
46177,3.9,123,Continental
4489,,0,North Indian
41719,3.5,107,Continental
5684,3.7,68,South Indian
11780,4.6,634,Continental
42800,3.7,22,North Indian
4636,4.2,820,North Indian
11475,,0,North Indian
262,4.1,428,North Indian
9225,,0,North Indian
15866,4.0,364,North Indian
7553,4.1,446,North Indian
19266,,0,North Indian
5639,3.6,32,North Indian
11286,4.1,373,North Indian
16969,3.7,24,North Indian
19172,3.6,14,North Indian
3987,3.7,195,North Indian
46704,,0,North Indian
1054,,0,Chinese
11832,4.1,207,American
4536,3.1,43,Fast Food
2018,3.3,6,Biryani
12476,,0,Continental
5438,3.5,13,Burger
5595,,0,Kebab
41791,3.8,86,Kebab
39413,,0,Biryani
655,2.2,479,North Indian
3853,4.0,903,Andhra
13,3.8,527,North Indian
4557,4.2,1383,Continental
41916,,0,Fast Food
8144,3.5,7,Street Food
697,,0,Bakery
17596,3.4,9,Bakery
3450,4.0,89,Bakery
5408,3.1,9,Fast Food
150,3.5,15,Fast Food
22082,3.7,18,Bakery
6916,,0,Bakery
31450,3.2,15,Bakery
510,,0,Bakery
24064,,0,Bakery
22351,3.5,6,Bakery
7676,,0,Bakery
46298,,0,Bakery
6888,3.7,17,Bakery
5275,3.7,22,Bakery
4799,3.5,8,Bakery
503,,0,Bakery
785,3.3,7,Desserts
4143,4.0,175,Bakery
7724,,0,Bakery
13237,,0,Bakery
1195,3.9,48,Bakery
48633,3.0,8,Bakery
1513,3.8,77,Cafe
1180,3.6,41,Cafe
48345,3.8,35,Bakery
4394,4.0,36,Bakery
40247,,0,Desserts
31466,3.3,4,Bakery
13052,3.5,7,Continental
7759,,0,Desserts
20948,,0,Bakery
3043,4.0,74,Bakery
42788,3.4,27,South Indian
22112,,0,Biryani
5391,3.8,37,Street Food
21556,,0,South Indian
43352,,0,South Indian
6996,3.3,5,North Indian
22802,3.6,195,North Indian
11305,3.9,170,North Indian
42268,4.0,134,North Indian
9787,3.7,112,Chinese
1323,2.8,48,Charcoal Chicken
4755,4.2,532,Chinese
6717,3.7,1014,Continental
19923,3.5,12,Andhra
17329,2.9,15,North Indian
37069,3.7,24,Mithai
23222,3.2,6,Street Food
25772,2.8,19,North Indian
17408,2.7,16,North Indian
41948,,0,Biryani
48932,,0,Biryani
276,3.8,104,Biryani
7843,3.3,4,South Indian
598,,0,Biryani
5189,3.6,8,South Indian
41783,,0,South Indian
46545,3.6,24,South Indian
5767,,0,Biryani
29528,,0,South Indian
2821,4.0,44,Cafe
18179,3.9,65,Street Food
8680,3.9,144,Street Food
43405,3.8,98,Street Food
14129,4.2,484,Finger Food
5793,,0,Mithai
4120,3.7,309,Bengali
18472,3.6,124,Bengali
4458,3.9,452,Bengali
10091,3.7,11,Bengali
5296,2.9,153,Bengali
1172,3.0,61,Bengali
6976,2.9,58,Bengali
5989,3.2,4,Mithai
1371,3.9,134,Street Food
19615,3.3,6,Mithai
50,3.0,5,Mithai
39383,3.5,22,North Indian
709,3.6,20,North Indian
12050,,0,Biryani
46299,,0,Bakery
4732,4.1,624,Asian
13930,4.2,2212,Continental
4323,3.5,121,Fast Food
2694,3.7,197,South Indian
42829,,0,Bakery
432,2.9,17,Bakery
41839,,0,Bakery
1669,3.2,4,South Indian
16059,3.6,18,North Indian
17639,,0,Bengali
18127,,0,North Indian
47412,3.2,6,Arabian
17002,,0,Biryani
3343,,0,Andhra
3292,4.2,975,Chinese
18722,4.2,764,Chinese
2794,4.2,255,Cafe
5452,,0,Chinese
6765,,0,Juices
14175,4.1,209,Continental
3027,3.5,57,Chinese
10075,3.4,7,Biryani
21835,3.2,4,North Indian
1304,3.3,6,Street Food
22007,,0,Street Food
12925,3.3,9,Street Food
48912,3.5,7,Street Food
46568,,0,Street Food
12830,3.3,5,Street Food
43830,,0,Street Food
21282,,0,Street Food
42360,3.3,7,Street Food
5880,4.2,767,North Indian
2605,4.2,475,North Indian
48577,3.5,49,Mithai
16427,3.7,73,Mithai
4491,3.8,110,Street Food
9107,,0,Chinese
41169,3.0,112,Chinese
6967,3.6,19,Rolls
40846,4.1,1003,Continental
14806,3.9,72,Spanish
3482,4.3,1303,North Indian
42097,4.7,1316,BBQ
38958,4.3,592,North Indian
1020,3.4,173,Arabian
4440,3.7,65,Arabian
3683,3.8,188,Arabian
13422,3.7,83,Arabian
8444,4.4,1065,North Indian
48116,4.5,1282,North Indian
40793,4.4,2131,North Indian
22404,4.2,1132,North Indian
16722,3.8,32,North Indian
13538,4.7,7152,North Indian
1025,4.7,3852,North Indian
7896,4.7,3614,North Indian
787,4.3,1147,North Indian
42494,4.3,1074,North Indian
2762,2.8,151,North Indian
12549,3.8,169,South Indian
7418,,0,Rolls
18320,4.2,2445,Chinese
1412,3.5,66,Cafe
39030,3.4,31,Cafe
8858,3.7,35,Cafe
14190,3.2,11,Cafe
27603,3.6,36,Cafe
46752,3.6,18,Cafe
18650,4.3,176,Arabian
10879,3.4,5,Kerala
39796,4.2,842,Cafe
23631,3.8,4655,North Indian
12525,,0,South Indian
10534,,0,South Indian
2013,4.0,53,South Indian
356,3.5,13,South Indian
41325,,0,South Indian
43900,,0,South Indian
43784,3.5,6,South Indian
1829,,0,South Indian
18083,,0,South Indian
3895,3.6,11,South Indian
7357,3.3,11,South Indian
5312,,0,North Indian
43934,,0,North Indian
41563,3.8,75,South Indian
10836,3.4,8,South Indian
22310,4.3,496,Cafe
41887,3.5,24,Fast Food
441,,0,Fast Food
12917,3.7,24,Ice Cream
16250,3.7,47,Ice Cream
7469,3.9,86,Ice Cream
10856,3.6,25,Ice Cream
15711,3.1,17,Ice Cream
17980,3.8,80,Ice Cream
40145,2.9,55,Ice Cream
19573,3.9,51,Ice Cream
42007,3.3,24,Ice Cream
22299,3.6,27,Ice Cream
17230,3.5,36,Ice Cream
24999,3.1,11,Ice Cream
40698,,0,Ice Cream
41678,2.9,20,Ice Cream
51547,,0,Ice Cream
1200,3.7,25,Ice Cream
565,3.8,108,Ice Cream
38218,3.0,66,Ice Cream
29131,3.8,23,Ice Cream
4148,3.1,21,Ice Cream
28409,3.7,35,Ice Cream
8689,4.1,77,Ice Cream
4841,3.7,48,Ice Cream
7924,3.6,22,Ice Cream
3812,3.7,42,Ice Cream
46162,3.6,34,Ice Cream
43418,3.2,14,Ice Cream
42914,3.8,345,Biryani
4461,4.0,869,Biryani
19513,3.1,20,North Indian
3684,3.8,419,Biryani
527,,0,South Indian
4296,,0,Biryani
39910,3.6,17,South Indian
21206,,0,South Indian
9108,,0,South Indian
2119,3.5,15,South Indian
16359,2.6,26,Fast Food
3028,4.1,735,North Indian
3877,4.0,230,North Indian
1817,4.1,1242,North Indian
3679,4.0,533,North Indian
4865,3.9,362,North Indian
51438,,0,North Indian
1833,,0,North Indian
12620,3.3,5,Bakery
2015,3.0,29,North Indian
3461,3.4,65,Biryani
5359,3.1,140,North Indian
4770,3.3,56,North Indian
4743,3.5,89,North Indian
17354,,0,Biryani
21129,2.7,53,North Indian
325,3.1,4,North Indian
7543,,0,North Indian
6556,3.7,24,North Indian
907,4.0,415,Continental
2641,3.8,52,Continental
41044,3.5,8,Continental
19332,3.4,6,Fast Food
46228,,0,BBQ
48559,,0,BBQ
6445,3.4,7,BBQ
8485,4.3,471,BBQ
2601,3.7,41,BBQ
19321,3.5,11,Biryani
48405,3.7,16,South Indian
16118,3.5,134,North Indian
5847,3.5,8,Tamil
10660,4.3,392,Cafe
2628,4.2,174,Cafe
51189,3.8,179,Continental
5575,3.3,6,South Indian
39820,,0,Chinese
2602,4.2,541,North Indian
1693,3.7,64,Finger Food
3867,3.8,36,Beverages
12291,3.2,4,Biryani
162,3.9,230,Biryani
2908,4.2,128,Biryani
35499,4.0,114,Biryani
41517,4.0,221,Biryani
20912,4.1,349,Biryani
12825,4.0,190,Biryani
4333,4.0,138,Biryani
1686,4.0,356,Biryani
8389,4.0,99,Biryani
45987,4.1,187,Biryani
18394,3.9,167,Biryani
14353,4.0,85,Biryani
24112,3.9,232,Biryani
42590,4.0,234,Biryani
3880,4.0,357,Biryani
22394,3.8,17,Chinese
14410,3.1,282,Chinese
30881,4.0,859,Chinese
4708,3.9,221,Chinese
10309,3.8,262,Chinese
4389,3.7,9,Chinese
46452,3.6,314,Chinese
28524,3.3,16,Chinese
252,3.7,679,Chinese
663,2.7,128,Chinese
22494,,0,Chinese
4236,3.9,396,Chinese
31759,2.9,189,Chinese
8354,2.7,160,Chinese
41818,3.7,175,Chinese
18723,4.0,99,Chinese
1093,3.6,778,Chinese
18300,3.4,23,Chinese
48379,3.7,75,Chinese
2872,3.7,479,Chinese
46017,3.8,198,Chinese
20815,,0,Chinese
22657,4.0,499,Chinese
7632,3.5,341,Chinese
43553,3.9,300,Chinese
28536,,0,Healthy Food
6381,,0,Mexican
15695,4.0,277,Kerala
12496,,0,Desserts
4699,4.8,186,Desserts
22235,4.8,265,Desserts
3375,4.9,1743,Desserts
6007,4.8,392,Desserts
40236,,0,Desserts
40684,4.6,1822,Desserts
6134,4.0,68,Desserts
578,3.9,142,Mangalorean
6974,2.9,31,Chinese
4463,3.4,17,North Indian
5649,4.1,179,Fast Food
17115,,0,North Indian
46301,3.6,31,North Indian
1787,3.8,55,Chinese
48537,3.3,7,Mithai
1247,3.2,154,Fast Food
42112,4.2,244,Italian
46249,2.9,28,Biryani
29382,,0,Bengali
46392,3.9,40,Mithai
5548,3.9,65,Bengali
6382,3.0,38,South Indian
8709,4.3,521,Salad
46307,3.3,4,South Indian
2652,4.4,134,South Indian
572,4.1,201,South Indian
9326,,0,South Indian
1005,,0,North Indian
17426,3.7,45,South Indian
10561,2.6,21,South Indian
46291,,0,South Indian
23238,,0,South Indian
2,3.1,22,North Indian
397,3.5,25,Chinese
7985,3.7,26,Biryani
4727,4.2,858,Thai
9784,3.2,6,Arabian
25014,4.0,253,North Indian
6673,4.3,1899,Desserts
6544,3.8,89,Ice Cream
48568,,0,Ice Cream
4918,4.1,125,Continental
19027,,0,Juices
40474,3.4,6,Fast Food
22232,3.5,12,South Indian
7630,,0,North Indian
9317,,0,North Indian
7179,,0,North Indian
9445,,0,North Indian
48904,,0,North Indian
5333,,0,North Indian
8111,,0,North Indian
8115,,0,North Indian
17053,,0,Biryani
678,,0,North Indian
5621,,0,Biryani
41005,3.6,27,Continental
266,3.2,47,South Indian
3635,3.8,230,Bengali
7791,,0,Rolls
2655,,0,Cafe
15472,3.3,4,South Indian
6132,3.4,10,Fast Food
39787,4.1,868,Cafe
21118,4.1,859,Cafe
43233,3.2,426,North Indian
18708,3.9,854,North Indian
6425,4.1,106,Mediterranean
5921,3.6,223,Street Food
23319,2.3,119,Andhra
41434,2.5,81,Andhra
5153,2.3,131,Andhra
42684,2.0,259,Andhra
12057,3.1,6,South Indian
18982,3.6,115,North Indian
18983,3.8,35,Andhra
6108,3.4,6,Mughlai
9721,,0,Mughlai
6309,3.4,8,Mughlai
42498,3.4,4,South Indian
39120,4.1,133,South Indian
331,3.5,8,North Indian
12552,3.0,16,North Indian
12517,3.7,16,North Indian
29479,,0,North Indian
5604,3.4,27,North Indian
7517,3.3,6,North Indian
5735,3.6,21,Street Food
18094,,0,North Indian
748,3.6,16,North Indian
48352,3.4,7,South Indian
38672,,0,South Indian
15492,,0,South Indian
14668,3.7,16,Andhra
5494,3.7,20,Bengali
46095,3.1,37,North Indian
42221,,0,Pizza
6935,3.2,7,South Indian
32491,3.4,4,South Indian
34301,3.7,50,South Indian
238,3.4,6,North Indian
1625,3.9,153,South Indian
14349,3.9,418,North Indian
14918,4.1,1075,North Indian
5616,,0,North Indian
818,3.6,66,South Indian
2769,3.6,34,Street Food
3076,3.9,92,Beverages
29346,,0,Biryani
7573,,0,Maharashtrian
24052,3.6,73,Mughlai
1885,3.9,100,South Indian
4266,3.0,110,Andhra
7284,3.3,9,South Indian
41543,4.0,106,Fast Food
6885,3.5,18,South Indian
87,,0,Andhra
4301,4.0,781,Andhra
17970,3.0,41,North Indian
17563,3.7,70,North Indian
6198,,0,North Indian
7366,,0,Fast Food
506,,0,Fast Food
41213,,0,Andhra
1190,3.6,196,Andhra
4994,3.7,662,Bengali
4017,4.1,1956,Bengali
5597,2.9,24,Bengali
29181,,0,North Indian
327,,0,North Indian
14517,3.6,8,North Indian
20619,3.4,7,North Indian
7157,3.1,7,Healthy Food
46221,3.3,6,North Indian
70,3.3,7,Healthy Food
1602,3.2,63,Chinese
10179,3.7,125,North Indian
22832,,0,South Indian
3742,3.5,41,American
10449,3.8,212,American
2743,3.7,85,American
21336,3.9,56,American
41794,3.8,39,American
4885,,0,American
18607,3.7,61,American
40812,4.2,320,Asian
43504,4.2,746,Continental
912,4.7,6876,Continental
11111,,0,Continental
14,3.2,4,North Indian
48220,4.0,555,Fast Food
935,3.6,21,Chinese
9860,3.1,27,Continental
29213,3.6,11,Salad
43275,3.5,11,Fast Food
23099,3.9,110,Fast Food
4930,,0,Bakery
43064,,0,Chinese
29268,3.2,4,North Indian
8079,3.3,6,Cafe
1420,2.9,23,Mithai
3168,3.3,7,Mithai
42066,,0,Mithai
27508,3.7,61,Mithai
16056,3.9,214,Fast Food
13537,4.7,9021,American
46167,3.5,6,Beverages
6984,4.5,678,Chinese
4019,4.1,203,Cafe
1077,3.6,58,Cafe
1213,3.8,208,Cafe
1629,3.9,177,Cafe
16838,4.0,293,Cafe
3590,,0,Burger
3797,4.3,184,Cafe
39812,3.7,106,Cafe
24361,3.8,108,Cafe
18017,3.8,63,Cafe
22104,,0,Fast Food
46237,3.1,14,North Indian
3806,3.9,343,North Indian
10631,,0,North Indian
13831,,0,Bihari
2517,3.9,85,Rajasthani
46207,3.7,63,Mithai
3566,3.4,19,Mithai
7542,,0,Mughlai
1404,3.8,47,Cafe
10086,3.1,36,North Indian
48581,,0,South Indian
17039,,0,Bakery
29407,,0,North Indian
4385,3.6,16,Biryani
51193,4.1,317,North Indian
3268,4.2,78,Biryani
4677,4.1,292,Biryani
43755,,0,Biryani
48508,3.1,38,Biryani
4246,,0,North Indian
9725,3.2,7,Biryani
3956,3.7,21,Chinese
5538,3.1,4,Biryani
4756,3.9,222,Biryani
16736,,0,Biryani
9508,,0,Biryani
41789,2.9,33,Biryani
25081,3.7,600,Andhra
23294,3.8,200,Andhra
46058,3.8,258,Andhra
40448,3.2,13,Andhra
3774,3.6,27,Biryani
46046,3.0,30,Fast Food
47490,,0,Biryani
26,3.7,158,Biryani
2113,3.8,130,North Indian
2954,2.9,119,Biryani
41764,3.2,711,Biryani
137,3.5,18,North Indian
41617,3.3,210,Kerala
108,,0,Biryani
4122,3.9,667,Biryani
903,3.9,678,Biryani
18767,3.9,1618,Biryani
40267,3.9,393,Biryani
43533,3.8,1819,Biryani
47076,3.7,22,Biryani
5069,,0,Andhra
8604,,0,Biryani
5198,3.4,301,Biryani
22182,3.3,6,Biryani
9449,,0,North Indian
4603,,0,Biryani
659,3.2,4,Biryani
42678,3.7,32,North Indian
22079,,0,Biryani
9340,3.5,147,Biryani
17130,,0,Biryani
3390,,0,Biryani
4773,,0,Biryani
17033,3.3,4,Biryani
40446,3.3,10,Biryani
40564,,0,Biryani
5425,,0,Biryani
2136,,0,South Indian
17543,2.9,31,South Indian
1317,3.6,539,Biryani
1591,3.3,12,Biryani
2098,,0,Biryani
10262,,0,Biryani
17100,3.7,751,North Indian
41776,3.8,215,Biryani
4409,3.7,128,Biryani
46203,3.0,8,Biryani
40031,3.7,71,Biryani
5309,,0,Biryani
17375,3.0,11,Biryani
18551,2.9,132,Biryani
41956,,0,North Indian
5010,3.1,7,Biryani
40331,3.6,14,Biryani
9905,3.2,8,Biryani
39901,,0,Andhra
4596,3.5,11,Andhra
24337,3.2,87,North Indian
4968,3.5,9,North Indian
23167,3.3,4,South Indian
1996,2.3,298,Biryani
25571,2.3,298,Biryani
8450,2.3,298,Biryani
2950,3.0,11,Biryani
46238,,0,Biryani
3754,3.9,214,Biryani
7310,3.5,27,Biryani
18683,4.3,627,Biryani
7107,3.6,21,Biryani
396,3.6,13,Lucknowi
2971,3.5,31,North Indian
4151,3.8,70,Seafood
42909,3.6,66,North Indian
17106,3.1,6,Biryani
4581,3.7,37,Biryani
3830,3.8,44,Biryani
24232,3.8,39,Biryani
2362,3.6,19,South Indian
24084,3.6,37,Biryani
20279,3.2,7,Biryani
4015,3.9,459,Biryani
18471,3.8,131,Andhra
7430,,0,Biryani
3142,3.4,6,Biryani
20587,3.5,86,North Indian
17572,,0,Biryani
13383,3.2,7,Biryani
3157,3.8,1071,Biryani
21280,3.2,10,Biryani
7324,,0,Biryani
6702,,0,Biryani
11120,,0,Biryani
2118,,0,North Indian
8145,3.5,9,South Indian
7234,3.5,16,Biryani
9250,,0,Biryani
7629,,0,Biryani
48919,,0,Biryani
16999,,0,Biryani
5669,,0,Biryani
5421,,0,Biryani
41931,,0,Biryani
7294,,0,Biryani
5422,,0,Biryani
40529,3.1,11,Biryani
21839,2.6,45,Biryani
46262,2.5,105,Biryani
9605,,0,Biryani
21277,2.9,86,Biryani
267,4.0,618,Biryani
1761,,0,Biryani
5004,,0,South Indian
4899,3.5,11,Biryani
5627,3.3,6,Biryani
22836,3.2,4,North Indian
23607,,0,Biryani
17300,,0,Biryani
47254,,0,Biryani
7483,,0,Biryani
17007,3.1,8,Biryani
17059,,0,Biryani
32393,,0,Biryani
20661,3.6,42,North Indian
12973,,0,Biryani
7486,,0,Biryani
23193,,0,Kebab
10866,,0,Biryani
7563,,0,Biryani
2638,3.9,158,North Indian
3473,3.0,120,North Indian
4201,4.1,1845,Cafe
1340,4.1,400,Cafe
25530,,0,Chinese
23077,3.5,13,Continental
2552,4.1,189,Desserts
15089,4.2,624,Desserts
247,3.4,6,Fast Food
17066,4.4,150,North Indian
15941,3.7,19,North Indian
720,,0,Fast Food
40254,3.9,119,Chinese
2318,,0,South Indian
1560,,0,North Indian
2160,,0,North Indian
1486,,0,North Indian
1136,3.6,19,Cafe
8691,4.4,149,Beverages
46216,3.7,318,North Indian
4964,3.7,25,Kerala
3883,3.7,171,Cafe
41298,2.9,11,North Indian
22175,,0,North Indian
23686,3.7,81,Finger Food
16889,3.5,22,Cafe
41045,3.4,16,Chinese
5957,,0,Beverages
40892,3.7,228,Continental
18842,3.9,1214,Chinese
7948,4.3,112,Asian
16859,4.5,733,American
4987,4.3,950,Cafe
29419,3.3,7,Chinese
18563,,0,Seafood
19695,4.0,113,Continental
32631,,0,Fast Food
6026,2.9,17,North Indian
3614,3.9,146,North Indian
19581,4.4,514,Vietnamese
38557,3.2,6,Chinese
39032,,0,Cafe
7538,4.2,505,Spanish
2855,,0,Cafe
39799,4.0,29,Cafe
2688,3.7,43,North Indian
3753,3.7,36,North Indian
42114,4.1,401,Continental
25909,,0,Bar Food
1849,,0,South Indian
23799,,0,Cafe
7251,3.6,24,Biryani
11295,,0,South Indian
18226,4.3,424,South Indian
16592,4.0,330,North Indian
18660,4.1,74,Beverages
2990,3.3,12,Healthy Food
990,4.2,1721,Continental
1857,3.6,45,Bohri
42496,3.9,866,Modern Indian
1519,3.4,5,North Indian
18286,4.5,717,Italian
11105,4.5,2225,Modern Indian
15115,4.4,1865,Modern Indian
4245,4.3,555,Modern Indian
38587,,0,Street Food
5873,4.2,267,Ice Cream
22279,3.7,40,Ice Cream
15667,3.7,18,Street Food
1295,,0,Desserts
40743,,0,Desserts
4823,,0,Ice Cream
10522,3.5,32,Desserts
16783,3.7,21,Desserts
6126,,0,Desserts
4430,3.8,38,Desserts
29462,,0,Desserts
4457,3.8,18,Desserts
11738,,0,Desserts
6002,3.7,41,Desserts
1095,,0,Ice Cream
9169,3.8,41,Ice Cream
11657,3.4,8,Ice Cream
8432,,0,Ice Cream
17213,3.3,11,Ice Cream
48473,3.3,6,Ice Cream
8045,,0,Ice Cream
17092,3.3,4,Ice Cream
5968,,0,Ice Cream
51529,3.7,48,Ice Cream
5591,,0,Ice Cream
5008,3.9,27,Ice Cream
6640,3.5,9,Ice Cream
19058,,0,Ice Cream
24074,3.7,41,Sandwich
2744,3.7,33,Sandwich
5731,,0,Sandwich
4096,3.5,32,Sandwich
20157,3.6,40,Sandwich
14601,3.1,39,Sandwich
5553,3.7,20,Maharashtrian
35579,4.2,84,Street Food
41769,3.8,50,North Indian
40540,3.7,19,Desserts
5370,3.6,104,Cafe
46304,3.5,10,Bakery
5313,3.9,36,North Indian
893,,0,Chinese
21977,,0,Bengali
6372,3.4,10,Bengali
1028,4.2,2616,Chettinad
3577,4.5,181,Lebanese
16821,3.3,4,Bakery
18447,4.0,1623,Steak
12152,4.1,1543,Continental
18710,4.0,601,Continental
16034,4.3,700,Continental
5889,3.3,12,North Indian
2431,3.7,63,Kerala
16320,4.0,973,Continental
6815,4.2,1192,Italian
2831,,0,Beverages
7805,,0,Beverages
29813,,0,Beverages
20682,,0,Beverages
40045,,0,Beverages
10996,,0,Beverages
148,,0,Beverages
22209,3.9,248,Finger Food
21226,,0,North Indian
17020,3.4,22,Biryani
47473,,0,North Indian
17727,3.6,12,North Indian
17641,,0,Chinese
13244,4.0,100,Ice Cream
8074,,0,Ice Cream
2968,3.7,22,North Indian
29176,3.5,9,Biryani
712,4.1,340,North Indian
17517,4.2,78,North Indian
8563,4.2,460,North Indian
3616,4.1,166,North Indian
24089,4.1,343,North Indian
46358,4.4,44,North Indian
41493,4.1,559,North Indian
42655,4.2,571,North Indian
27947,4.4,405,North Indian
22272,4.3,248,North Indian
46765,4.3,464,North Indian
9160,4.3,290,North Indian
20826,4.2,564,North Indian
1878,4.3,385,North Indian
14246,4.3,314,North Indian
30378,3.8,4,North Indian
4150,4.1,427,North Indian
684,,0,North Indian
8632,,0,Andhra
46303,,0,North Indian
3601,4.0,90,Fast Food
19529,3.1,6,South Indian
9904,,0,Fast Food
9109,,0,Continental
2867,3.8,19,South Indian
2711,4.2,421,South Indian
382,,0,South Indian
42142,3.9,282,South Indian
1822,4.8,2679,South Indian
46198,3.7,95,South Indian
41508,4.1,181,South Indian
48442,3.9,126,South Indian
24053,4.1,189,South Indian
9139,,0,North Indian
26335,3.6,12,South Indian
15342,3.4,34,Bakery
6001,3.2,7,Bakery
7045,,0,Bakery
3017,3.7,50,Cafe
6598,4.0,164,Desserts
16779,4.2,65,Cafe
14083,2.9,48,Bakery
41606,4.0,96,Chinese
653,3.6,49,South Indian
47203,,0,Fast Food
1385,3.7,24,Cafe
47627,3.5,23,North Indian
24661,4.0,96,Beverages
43354,3.8,25,Beverages
18167,4.7,5746,Continental
3010,3.4,13,Cafe
48294,3.7,45,Cafe
22604,3.7,46,Cafe
6192,3.2,4,Fast Food
2092,4.1,970,North Indian
3843,3.6,10,Cafe
45979,3.3,7,Cafe
22403,4.4,2329,American
609,2.9,62,Chinese
3970,2.7,48,Chinese
4621,4.4,4315,Continental
1179,3.0,61,Cafe
18280,4.2,1633,Italian
3470,3.8,94,North Indian
11710,,0,Chinese
7623,,0,Drinks Only
8641,4.6,2257,Cafe
13844,,0,Cafe
40217,3.9,141,South Indian
4812,4.0,387,Cafe
23115,3.7,20,South Indian
19625,,0,South Indian
4212,4.2,1142,Japanese
16958,,0,Cafe
21232,4.1,237,North Indian
5078,4.4,3870,Continental
9379,3.4,5,Chinese
33728,3.4,5,Chinese
9075,,0,North Indian
14170,2.9,18,Cafe
4819,4.2,34,Desserts
14583,4.3,127,Desserts
4438,3.9,16,Desserts
8793,4.0,25,Desserts
26567,3.9,18,Desserts
4129,3.8,25,Bakery
411,3.5,23,North Indian
9076,,0,Pizza
6068,3.5,15,North Indian
42499,4.0,213,North Indian
2115,4.0,191,South Indian
5811,3.7,98,South Indian
22808,,0,Street Food
18273,4.3,879,European
9782,,0,North Indian
6667,3.5,132,Biryani
5367,,0,Biryani
6817,3.3,8,Bakery
4697,3.7,126,North Indian
2271,3.9,45,Beverages
2667,3.7,21,Cafe
1378,4.4,356,Desserts
22076,3.5,14,Biryani
17017,4.2,351,Chinese
15598,3.5,43,North Indian
989,4.5,3125,North Indian
16702,4.0,345,Asian
20178,3.4,18,North Indian
8139,3.2,9,Biryani
11740,3.9,144,Finger Food
15119,3.9,120,Street Food
1440,3.8,22,Cafe
1142,4.0,204,Cafe
41988,3.9,132,Bakery
24294,4.1,2450,Cafe
39353,3.7,29,North Indian
8812,3.6,31,Bakery
1869,3.0,213,North Indian
16518,,0,Burger
25503,,0,Cafe
5303,,0,Fast Food
42675,2.6,39,Burger
16372,,0,Burger
5529,3.2,4,Fast Food
1410,3.4,7,Fast Food
1622,4.0,350,Burger
6788,3.9,645,Burger
11523,3.9,1045,Burger
17827,3.9,1075,Burger
1893,3.8,560,Burger
344,3.2,71,Burger
48208,3.9,440,Burger
23112,3.9,718,Burger
48795,3.9,266,Burger
13857,3.5,89,Burger
17762,3.9,114,Burger
3672,3.8,62,Burger
39832,4.0,1972,Burger
2876,4.0,1393,Burger
26832,3.2,188,Burger
4476,3.8,472,Burger
39058,4.0,555,Burger
7048,3.5,21,Burger
24012,3.5,408,Burger
42178,4.0,633,Burger
6694,3.0,72,Burger
46091,3.4,19,Burger
9709,,0,Burger
40257,3.9,104,North Indian
3606,3.4,56,North Indian
14832,4.7,1594,Asian
1984,,0,North Indian
41582,4.0,605,Cafe
3008,3.0,6,Mexican
5053,2.7,39,Mexican
19385,,0,Chinese
15133,3.5,9,Desserts
323,,0,Desserts
5565,4.1,111,Desserts
41941,3.6,12,Bakery
3878,3.9,102,Cafe
19929,3.1,14,Cafe
24205,,0,North Indian
854,3.9,25,South Indian
11371,4.3,316,South Indian
41613,4.1,219,South Indian
48411,4.3,310,South Indian
1954,3.7,28,South Indian
13783,,0,North Indian
1032,4.1,782,North Indian
48142,3.3,31,South Indian
5457,4.2,1347,Lebanese
4056,4.9,16345,Continental
22422,4.2,1989,Continental
1014,3.2,36,Fast Food
10898,3.1,10,Juices
3444,3.1,7,North Indian
5682,,0,Bakery
4839,3.4,50,North Indian
14086,3.4,7,Cafe
3916,3.9,100,Chinese
581,4.4,1224,North Indian
22391,3.2,6,Street Food
93,4.0,424,Cafe
350,3.2,40,Cafe
39,4.1,402,Cafe
8670,4.4,690,American
2673,3.4,9,Cafe
8738,4.1,114,BBQ
27605,3.2,4,Cafe
3835,3.9,85,Fast Food
42539,3.2,40,Cafe
35246,4.4,721,American
35328,3.4,9,Cafe
29133,4.1,115,BBQ
24406,3.2,4,Cafe
44462,3.9,87,Cafe
36548,4.4,721,American
36232,3.4,9,Cafe
36029,4.1,117,BBQ
8543,3.7,145,Chinese
349,,0,Cafe
8866,3.0,11,Cafe
202,3.7,49,Cafe
10401,3.4,4,Fast Food
21808,,0,Street Food
22805,3.7,52,Kerala
118,4.1,216,Cafe
2114,4.2,261,Cafe
8869,3.9,74,Cafe
2746,3.8,61,Fast Food
1411,3.8,69,Cafe
2653,4.1,147,Cafe
5314,4.2,500,Cafe
22399,4.2,559,Cafe
2704,4.3,2671,Cafe
22386,,0,Bakery
24477,3.4,6,Fast Food
22090,3.7,41,Arabian
48340,3.3,47,Fast Food
338,,0,Fast Food
13223,3.4,25,Street Food
11061,4.0,144,Cafe
2777,4.2,115,Lebanese
41631,2.8,114,Cafe
2822,3.8,96,Cafe
50854,,0,Kerala
21880,3.7,42,Chinese
1492,3.7,9,Cafe
6189,,0,Kerala
1729,2.8,30,Cafe
26106,3.1,34,Cafe
48891,2.9,37,Cafe
24126,3.2,73,Cafe
12895,3.1,25,Cafe
13744,3.0,17,Cafe
31183,2.9,70,Cafe
8973,3.5,7,Cafe
11755,3.1,13,Cafe
48131,3.0,20,Cafe
40760,,0,Cafe
49258,3.0,6,Cafe
2858,,0,Cafe
39015,3.1,21,Cafe
1167,3.2,17,Cafe
49516,2.8,26,Cafe
43436,2.9,12,Cafe
8630,3.2,9,Cafe
20183,3.5,27,Cafe
2656,3.1,31,Cafe
41545,3.2,58,Cafe
15927,2.9,55,Cafe
22622,3.6,56,Cafe
8038,3.8,36,Cafe
16840,2.3,30,Cafe
2944,3.7,26,Cafe
1144,3.4,43,Cafe
29903,3.4,34,Cafe
10626,3.4,15,Cafe
20724,3.7,28,Cafe
17121,3.6,97,Cafe
33892,3.7,18,Cafe
47625,2.8,34,Cafe
50136,3.0,12,Cafe
4607,2.9,27,Cafe
21771,2.9,33,Cafe
28204,3.0,17,Cafe
3960,3.6,19,Cafe
22353,3.1,10,Cafe
13549,,0,Cafe
14036,3.7,72,Cafe
10440,3.3,65,Cafe
6162,3.1,7,Cafe
1569,,0,Cafe
44211,3.0,10,Cafe
3533,3.1,48,Cafe
39809,3.6,45,Cafe
129,3.6,28,Cafe
17713,3.5,20,Cafe
46719,,0,Cafe
9740,3.3,15,Cafe
42145,2.7,20,Cafe
21184,3.2,75,Cafe
48268,3.5,36,Cafe
8602,3.8,77,Cafe
45198,3.7,30,Cafe
17977,2.9,59,Cafe
27600,3.6,76,Cafe
14070,4.1,388,Cafe
3881,,0,Cafe
866,4.1,102,Cafe
570,3.3,4,Cafe
5918,3.8,40,Bakery
1301,4.2,869,Cafe
5066,3.7,128,Bakery
1089,3.8,24,Cafe
39422,,0,South Indian
9266,,0,Chinese
35972,,0,Chinese
45984,,0,Cafe
21944,3.6,17,Cafe
1273,3.8,22,Cafe
15110,4.1,496,Chinese
836,4.1,354,Cafe
519,3.3,4,Cafe
7474,3.7,24,Desserts
1211,3.6,22,Cafe
4668,3.7,81,South Indian
16037,2.9,35,South Indian
6465,3.8,20,Fast Food
2757,3.6,95,Cafe
7142,3.5,17,Fast Food
2824,3.8,18,Cafe
3529,4.0,23,Cafe
2717,4.2,164,Cafe
3872,4.0,200,Cafe
730,,0,Fast Food
41909,3.3,6,Fast Food
2146,,0,Kerala
7962,,0,Fast Food
2301,3.8,59,South Indian
43885,,0,Kerala
48136,3.7,239,Continental
41694,3.9,48,Cafe
8508,4.3,1048,Italian
13624,4.3,1651,Cafe
1337,4.2,1059,Cafe
7484,3.3,4,Fast Food
15733,,0,Fast Food
38292,,0,Fast Food
1160,3.8,186,Cafe
46338,,0,Fast Food
2625,3.8,23,North Indian
1695,3.7,514,Cafe
4998,3.6,484,Cafe
8682,4.1,563,North Indian
2819,3.4,10,Cafe
14163,4.2,2074,European
42113,4.1,1187,European
40902,4.1,1140,European
40714,4.0,422,European
4191,,0,European
20834,3.4,4,European
46005,4.2,583,Cafe
151,3.2,11,Cafe
22773,4.0,89,Fast Food
285,3.7,51,Continental
14137,3.4,6,Cafe
3557,3.8,114,Cafe
91,3.1,14,Cafe
24384,4.0,275,Cafe
1183,4.0,147,Cafe
22806,3.8,26,Street Food
16861,4.2,500,Chinese
1608,4.0,92,South Indian
19535,3.8,373,North Indian
5683,,0,North Indian
22446,4.1,577,Cafe
41680,3.7,55,Cafe
1462,3.7,132,Cafe
22884,3.3,5,Burger
29380,,0,Mexican
7745,,0,North Indian
18852,3.7,39,American
41673,3.9,431,Continental
15358,,0,South Indian
2121,3.2,4,Fast Food
64,4.2,150,Cafe
16293,3.8,47,Asian
19166,3.4,90,South Indian
22124,,0,Kerala
6205,,0,Kerala
1464,3.3,14,Cafe
5577,3.8,23,North Indian
3250,4.1,778,Cafe
902,,0,Cafe
4501,4.2,392,Cafe
3952,4.0,719,Cafe
3558,4.0,341,Cafe
4914,4.1,3001,Cafe
16868,3.4,54,Cafe
8537,4.1,119,Continental
48306,4.0,140,South Indian
14138,3.5,11,Cafe
102,3.8,90,Cafe
526,,0,Pizza
18828,3.0,16,Pizza
28129,3.7,23,Chinese
1456,3.9,149,Fast Food
4003,,0,Cafe
6580,4.0,201,Cafe
3644,3.3,4,Fast Food
18512,4.3,559,Cafe
22185,3.3,5,Fast Food
24873,3.7,27,Burger
11261,3.4,25,Chinese
3567,4.1,719,Cafe
6497,4.0,790,Continental
12409,,0,Beverages
19768,3.2,10,Bakery
379,3.5,15,Bakery
7707,2.9,27,Bakery
538,,0,Bakery
1759,3.6,97,Bakery
4289,2.9,24,Bakery
10052,4.0,157,Bakery
2451,,0,Bakery
5614,,0,Bakery
4903,3.6,24,Bakery
5986,3.3,10,Bakery
16040,,0,Bakery
43459,,0,Bakery
10410,3.7,90,Bakery
42978,3.3,7,Bakery
21815,,0,Bakery
18830,3.5,16,Bakery
713,3.2,6,Bakery
21467,3.6,67,Bakery
47492,,0,Bakery
4792,3.6,27,Bakery
6829,,0,Desserts
41555,3.6,24,Bakery
16163,3.9,149,Desserts
800,3.8,15,Bakery
22281,3.9,78,Bakery
17599,,0,Bakery
19228,,0,Bakery
18337,3.5,25,Bakery
643,3.3,23,Bakery
10568,3.2,11,Bakery
12378,,0,Desserts
7622,,0,Bakery
18101,,0,Bakery
1315,,0,Bakery
378,3.2,4,Bakery
300,3.7,78,Bakery
48555,3.3,16,Desserts
9118,,0,Bakery
12550,3.5,19,Bakery
15459,3.4,11,Bakery
42016,,0,Bakery
1548,,0,Bakery
694,,0,Bakery
40427,,0,Bakery
475,,0,Bakery
3886,3.9,75,Bakery
1109,3.4,30,Desserts
8975,2.9,30,Desserts
1281,3.3,9,Desserts
6737,3.4,7,Bakery
727,,0,Bakery
47188,3.7,15,Bakery
9430,3.5,18,Bakery
1879,3.9,70,Desserts
1614,,0,Desserts
48517,,0,Bakery
1152,3.4,20,Bakery
41612,3.4,36,Bakery
6273,,0,Bakery
3724,3.1,11,Bakery
486,3.5,13,Bakery
8164,3.4,8,Bakery
29297,3.6,19,Bakery
6839,3.4,7,Bakery
4470,3.4,6,Desserts
42715,3.4,9,Desserts
545,3.3,37,Bakery
21837,3.3,4,Bakery
7585,,0,Bakery
18455,4.1,119,Bakery
1381,4.2,228,Bakery
8570,4.3,673,Bakery
11460,4.3,229,Bakery
2196,4.1,230,Bakery
30160,4.0,366,Desserts
17782,4.1,540,Desserts
1877,4.1,15,Bakery
4546,3.7,13,Bakery
43408,4.1,193,Bakery
8310,4.1,342,Bakery
626,3.2,9,Bakery
16363,4.1,666,Bakery
30085,3.9,124,Bakery
17128,3.8,16,Bakery
4971,3.7,20,Bakery
21103,,0,Bakery
381,,0,Bakery
847,3.5,45,Bengali
7608,3.5,17,Street Food
7429,3.6,13,North Indian
41352,3.2,5,North Indian
25484,2.8,132,Fast Food
17425,3.5,217,Street Food
3913,3.9,58,Arabian
41049,3.2,5,Kerala
41510,3.9,171,Kerala
3761,3.6,76,Kerala
25567,3.4,24,Mexican
7516,4.1,1223,Mexican
6494,4.0,177,Mexican
54,3.9,123,Mexican
19345,4.2,253,Mexican
42706,3.8,15,Mexican
41741,4.2,124,Mexican
18560,4.1,99,Mexican
16114,3.3,9,Mexican
8758,4.1,110,Mexican
5259,3.7,23,Mexican
17410,3.9,26,Mexican
51107,3.9,88,Mexican
5556,4.0,53,Mexican
47365,4.1,343,Mexican
4154,3.6,41,Bakery
2477,3.6,192,Healthy Food
8437,3.7,106,Desserts
15969,3.8,431,Desserts
4185,3.8,22,Desserts
40339,3.9,299,Desserts
8191,2.9,231,Desserts
6638,,0,Desserts
5511,3.7,15,North Indian
27520,3.3,6,Fast Food
5822,3.4,6,Bakery
15270,,0,Bakery
10344,3.7,15,Juices
3705,,0,Juices
15280,,0,Juices
51168,,0,Juices
40421,,0,Beverages
8971,3.5,14,Juices
1858,3.8,61,Juices
4835,,0,North Indian
8542,3.0,107,North Indian
8035,2.6,49,Cafe
767,3.6,195,Chinese
14046,4.6,1423,Spanish
38436,4.2,233,Italian
14134,4.3,284,Mediterranean
3074,3.8,254,Biryani
40378,4.1,18,Fast Food
45,,0,Beverages
40748,3.7,56,Desserts
2599,4.3,153,American
41691,3.5,12,North Indian
43891,,0,North Indian
16104,3.9,56,Bakery
20789,3.3,7,Bakery
4778,3.8,81,Bakery
6960,4.2,170,South Indian
9147,3.5,49,Bakery
5132,3.7,23,Bakery
4197,4.2,982,Goan
5646,4.1,600,Italian
22397,4.2,341,Goan
12648,2.6,26,Chinese
6289,4.1,845,South American
41594,3.6,23,Andhra
2057,,0,North Indian
2058,,0,South Indian
6457,3.5,74,Kashmiri
41489,3.9,343,North Indian
46337,,0,Mughlai
1009,3.6,172,North Indian
43670,,0,North Indian
103,3.9,133,Cafe
32619,3.2,4,Chinese
5609,3.8,111,North Indian
48667,3.4,11,North Indian
48582,,0,North Indian
48350,3.1,405,North Indian
2562,3.8,49,North Indian
9731,,0,South Indian
43838,,0,Bakery
19863,3.3,4,Desserts
17301,3.3,5,Chinese
466,,0,Beverages
22160,,0,South Indian
433,3.8,412,Andhra
9005,3.3,4,Fast Food
13028,3.5,8,Beverages
14135,,0,Cafe
41981,,0,Tea
53,3.4,4,Tea
3584,4.1,33,Cafe
22700,3.9,97,Cafe
24407,3.6,54,Tea
8008,2.7,16,Beverages
8078,3.9,92,Tea
10100,,0,Cafe
16839,3.4,6,Cafe
3452,4.0,444,North Indian
18715,3.7,34,Street Food
6384,,0,Street Food
6005,3.3,4,Street Food
24395,,0,Fast Food
9004,3.1,5,Fast Food
12383,,0,Fast Food
5849,3.1,19,Fast Food
9979,3.5,14,Fast Food
22889,3.6,12,Street Food
6024,3.7,49,Street Food
41716,3.0,16,North Indian
39069,4.1,673,Street Food
11259,3.8,192,Street Food
22740,4.1,498,Street Food
1812,4.0,293,Street Food
18257,4.1,219,Street Food
10193,3.9,46,Street Food
2364,3.8,101,Street Food
10138,3.4,46,Street Food
208,3.8,133,Street Food
39047,3.9,112,Street Food
9087,3.4,8,Street Food
21885,3.6,27,Street Food
2107,4.2,9,Street Food
5464,,0,North Indian
22847,3.4,9,South Indian
16986,3.7,38,North Indian
73,,0,North Indian
13274,3.3,6,Kerala
19411,3.8,30,South Indian
1917,3.6,10,Fast Food
14037,3.9,49,Cafe
4272,3.2,10,Tea
13163,3.8,82,Chinese
4614,3.6,8,Beverages
43351,3.1,7,North Indian
43014,3.8,26,South Indian
13845,4.4,105,Cafe
16803,4.2,819,Cafe
1372,4.3,480,Cafe
21841,3.6,10,Beverages
8867,3.7,16,Cafe
1531,4.1,30,Beverages
7485,,0,Beverages
5961,,0,North Indian
6204,,0,Arabian
3003,3.5,11,Beverages
1784,3.2,6,Beverages
7866,3.0,8,Juices
1478,3.6,20,Juices
16887,2.8,67,Cafe
15343,3.4,9,Fast Food
28579,,0,Fast Food
1856,3.8,7,Tea
28032,3.8,38,Tea
9811,4.0,113,Tea
48348,3.5,4,Fast Food
3788,4.0,316,Tea
22040,3.9,130,Tea
21004,3.9,25,Tea
4519,3.8,149,Tea
1870,3.2,208,Tea
24474,,0,Tea
9275,4.2,176,Tea
14902,4.0,132,Tea
41514,4.0,108,Fast Food
18554,3.8,90,Tea
4531,,0,Tea
41036,3.8,45,Beverages
6509,3.9,61,Tea
35601,3.9,272,Tea
31902,4.0,293,Tea
2989,,0,Tea
42611,3.8,94,Fast Food
5479,3.6,132,Tea
43605,3.5,8,Beverages
20190,3.3,5,Fast Food
3559,3.6,5,Fast Food
4896,3.2,5,Beverages
4142,3.5,18,Tea
13862,3.1,1266,Cafe
3927,3.9,92,South Indian
8652,3.6,11,South Indian
5034,3.2,5,South Indian
5593,3.2,4,Andhra
14872,3.7,52,North Indian
19453,3.7,38,South Indian
19486,3.6,12,South Indian
22078,,0,South Indian
22905,3.7,35,North Indian
2197,3.1,53,Fast Food
45975,3.7,67,Cafe
14414,3.4,257,North Indian
6526,3.2,6,North Indian
22425,3.3,229,North Indian
17789,3.1,92,North Indian
19404,3.4,89,Fast Food
29097,,0,North Indian
28563,3.5,11,North Indian
2172,3.6,13,South Indian
5524,3.4,5,North Indian
386,,0,Fast Food
414,3.2,4,North Indian
46587,,0,Lebanese
14283,4.2,241,North Indian
3216,,0,South Indian
41825,4.2,253,South Indian
39933,4.0,87,North Indian
5205,3.7,38,Bengali
19008,,0,South Indian
12779,3.8,40,Street Food
41820,3.9,81,South Indian
48927,3.0,12,South Indian
10871,4.1,115,Cafe
3106,3.9,33,North Indian
45956,4.2,997,Continental
4400,4.0,55,Italian
7658,,0,Awadhi
3726,,0,South Indian
5126,3.2,34,Rolls
42438,,0,Chinese
4065,4.0,105,North Indian
440,3.4,8,Mithai
51312,3.3,4,Bakery
3885,4.2,166,Fast Food
25028,,0,Fast Food
41729,,0,North Indian
7589,,0,Street Food
17735,3.8,31,Street Food
472,3.7,65,Fast Food
501,,0,North Indian
17741,3.5,108,North Indian
47202,3.9,44,North Indian
4624,3.6,26,North Indian
9335,2.9,51,North Indian
50966,3.9,65,Street Food
10867,,0,North Indian
5353,2.9,78,Fast Food
18078,3.2,4,Street Food
42780,3.5,19,North Indian
18739,3.9,100,North Indian
17860,4.2,334,Street Food
168,3.4,8,Fast Food
9276,3.5,11,North Indian
4126,3.4,29,Street Food
464,3.4,37,North Indian
4751,4.4,2239,Continental
21349,,0,North Indian
20679,,0,North Indian
19307,,0,North Indian
5228,,0,North Indian
97,,0,North Indian
46135,,0,North Indian
48267,3.9,41,North Indian
41977,,0,North Indian
28572,3.5,4,North Indian
7416,,0,North Indian
7807,3.5,5,North Indian
5733,,0,North Indian
940,3.6,19,North Indian
7400,4.1,952,South Indian
20056,3.4,4,Beverages
23744,,0,Continental
9150,3.1,8,Bakery
1976,4.0,202,Pizza
41586,,0,Chinese
4980,3.8,18,Burger
14552,3.9,82,Burger
40547,,0,Fast Food
6577,3.2,57,North Indian
6437,3.9,464,Chinese
46164,,0,Bakery
21436,4.0,544,Bakery
42544,,0,Bakery
24473,2.9,36,Bakery
6334,3.6,23,Bakery
39808,3.8,124,Bakery
573,3.8,101,Bakery
39351,2.9,30,Bakery
3408,3.9,204,Continental
3510,3.6,136,Bakery
43778,3.5,100,Bakery
19479,2.8,43,Bakery
5447,,0,Bakery
16955,3.5,32,Bakery
10047,3.6,37,Bakery
43433,3.3,7,Bakery
40426,,0,North Indian
8790,,0,Kebab
312,,0,Kebab
2619,3.1,4,Kebab
4922,3.1,7,Kebab
20759,2.7,6,Kebab
16823,3.1,26,Fast Food
2633,,0,Biryani
22201,3.6,199,Biryani
19802,3.3,4,North Indian
46165,3.7,19,North Indian
825,3.8,75,Kerala
7090,,0,North Indian
38996,3.4,19,North Indian
14626,3.9,30,Chinese
3474,3.5,95,Chinese
72,3.7,353,North Indian
5295,4.0,212,North Indian
6028,3.8,37,Continental
25059,3.3,14,Continental
21279,,0,Continental
14637,3.5,15,Continental
16295,3.9,145,Continental
43150,3.2,115,Chettinad
2820,3.5,20,Cafe
46339,,0,Chinese
46209,3.9,78,Kerala
1563,3.4,147,Kerala
5996,3.1,7,South Indian
22826,3.5,87,South Indian
7379,3.7,18,South Indian
4694,3.9,43,South Indian
41589,4.0,266,South Indian
2040,3.4,30,Fast Food
2551,3.6,21,Fast Food
35541,4.2,740,Fast Food
39084,3.4,26,Fast Food
4101,3.6,18,Fast Food
12607,3.8,34,Fast Food
42169,4.0,52,Fast Food
21617,4.1,395,French
7886,3.9,125,European
41362,4.6,848,Italian
11169,4.7,4845,Italian
18258,4.5,800,Italian
18270,4.7,4398,Italian
14108,4.5,340,Italian
3609,3.9,443,Biryani
41530,4.1,243,Biryani
22583,3.8,289,Biryani
2095,3.3,6,Fast Food
41507,3.8,99,Fast Food
42188,3.6,86,Fast Food
36736,3.2,6,North Indian
4456,3.7,25,Biryani
36595,3.8,136,North Indian
46052,3.2,192,Chinese
3936,3.9,320,North Indian
6137,3.5,10,North Indian
7659,3.0,25,Mughlai
1842,3.5,88,South Indian
3807,3.7,209,Chinese
5489,3.8,72,Roast Chicken
4693,3.7,48,Roast Chicken
5467,3.1,14,Fast Food
22184,3.4,6,Fast Food
3232,3.0,15,Biryani
24240,2.7,37,Biryani
48449,3.7,163,Biryani
23114,3.8,185,Biryani
446,3.7,21,Biryani
2996,3.8,131,Biryani
18326,3.7,80,Biryani
4282,3.7,45,Biryani
46020,,0,Biryani
41830,3.4,22,North Indian
86,3.0,19,Burger
48761,,0,South Indian
42293,4.3,84,South Indian
15923,4.5,203,South Indian
20161,,0,North Indian
43201,,0,North Indian
22787,3.7,7,Biryani
41810,3.2,7,Biryani
19788,3.3,18,Biryani
41495,3.7,294,Biryani
41882,3.6,23,Biryani
4060,4.5,1365,American
39989,4.6,4955,American
41524,4.8,6433,American
234,3.8,42,North Indian
42301,,0,Fast Food
46515,,0,Juices
7499,,0,Juices
423,,0,South Indian
18103,3.4,9,Beverages
2576,,0,Finger Food
1712,3.5,11,North Indian
6548,4.1,151,Cafe
9901,3.3,4,Fast Food
7086,,0,North Indian
4229,3.5,8,Desserts
43595,2.9,27,North Indian
4277,3.1,7,Fast Food
841,3.6,46,Fast Food
15691,3.2,4,Andhra
1741,,0,North Indian
49048,3.7,24,North Indian
15481,3.6,38,North Indian
1187,,0,Burger
2152,,0,Chinese
19882,3.5,14,Andhra
7467,3.5,9,Fast Food
41364,4.3,236,Finger Food
18826,4.2,263,Asian
14361,3.9,378,North Indian
46406,4.0,307,North Indian
13628,4.4,79,Asian
5045,3.9,455,Chinese
1085,3.5,5,Chinese
1777,3.6,25,Chinese
4961,3.8,56,Chinese
5744,2.8,23,Chinese
187,3.0,17,Chinese
40185,,0,Chinese
22538,4.1,155,Chinese
4974,4.4,1851,Chinese
4960,,0,Chinese
6114,3.7,41,Chinese
2700,,0,Chinese
42872,,0,Chinese
21333,,0,Chinese
22654,,0,Chinese
20678,,0,Chinese
10971,,0,Chinese
5036,,0,Chinese
48263,,0,Chinese
41647,,0,Chinese
1157,,0,Chinese
7269,3.5,4,Chinese
5539,3.7,5,Chinese
17377,3.1,125,Chinese
2012,2.8,34,Chinese
10869,,0,Chinese
12553,,0,Chinese
13851,3.1,5,Chinese
46033,3.5,28,Chinese
17357,3.4,25,Chinese
40675,,0,Chinese
3351,2.8,19,Chinese
297,3.8,58,Chinese
9525,,0,Chinese
1945,3.9,49,Chinese
40218,3.1,134,Chinese
19770,3.1,61,Chinese
18345,4.4,2658,Mexican
11403,4.5,729,Mexican
1143,3.1,83,North Indian
23399,3.5,10,Biryani
23466,3.6,15,Street Food
25560,3.5,22,Street Food
19297,,0,Biryani
20955,,0,Fast Food
16930,3.5,10,North Indian
627,3.4,12,South Indian
8908,,0,Desserts
16983,3.4,5,Desserts
8254,4.4,63,Desserts
19381,,0,Beverages
6191,,0,Desserts
460,3.2,19,Desserts
1414,3.5,56,Ice Cream
28961,4.1,445,Bakery
6206,,0,Bakery
4570,4.1,183,Desserts
5373,3.8,29,Desserts
7135,,0,Desserts
15737,,0,Desserts
21813,,0,Desserts
41953,,0,Desserts
5374,,0,Desserts
710,,0,Bakery
212,3.4,6,Fast Food
4515,3.6,23,Fast Food
43455,,0,Fast Food
11479,3.8,29,Chinese
8428,,0,Bakery
21317,,0,Andhra
2127,3.9,357,North Indian
339,,0,North Indian
7189,,0,Chinese
9149,3.5,5,Chinese
28953,3.7,19,BBQ
43253,3.4,71,Chinese
48547,4.0,178,Chinese
48737,3.2,97,North Indian
10674,,0,Chinese
5171,3.6,16,Mughlai
2617,3.0,122,Chinese
40483,,0,Bakery
13333,3.4,8,Street Food
16567,4.0,279,North Indian
41567,3.8,284,Chinese
29219,,0,Fast Food
14374,3.9,924,North Indian
2607,3.6,95,North Indian
22116,,0,Biryani
5541,3.5,11,South Indian
3769,4.0,209,Naga
14604,3.9,747,Finger Food
22420,4.1,1208,North Indian
272,4.2,2353,North Indian
21866,4.1,2143,North Indian
18552,4.1,295,North Indian
4164,4.0,557,North Indian
6250,4.2,308,North Indian
1249,3.7,237,South Indian
4555,,0,Chinese
11931,3.7,32,Chinese
11568,4.0,313,Chinese
2671,3.9,519,Chinese
332,2.9,95,Chinese
3811,3.9,194,Chinese
4428,4.0,536,Chinese
25200,3.3,145,Chinese
41812,4.0,537,Chinese
22520,4.0,702,Chinese
11713,4.0,360,Chinese
42271,3.9,134,Chinese
1278,3.7,323,Chinese
6651,2.9,17,Chinese
4569,2.9,29,Chinese
41368,2.5,73,Chinese
11219,2.8,94,Chinese
5980,3.0,57,Chinese
7318,3.3,200,Chinese
319,3.9,221,Chinese
22553,2.8,234,Chinese
3798,2.7,283,Chinese
41834,4.1,444,Chinese
17326,3.9,247,Chinese
4006,4.3,7546,American
6152,4.1,1403,North Indian
41713,4.2,58,Desserts
23006,4.1,111,European
455,4.1,2339,North Indian
3406,4.2,4734,North Indian
6195,,0,South Indian
10347,4.3,1283,Cafe
17058,,0,Salad
8082,4.0,280,European
40697,4.0,80,Beverages
36821,3.7,28,North Indian
5844,3.9,450,North Indian
46231,3.6,10,Chinese
42051,4.3,236,Desserts
17729,3.7,25,North Indian
11794,4.3,331,North Indian
9834,3.9,54,Biryani
13677,4.2,589,North Indian
16765,3.8,118,North Indian
869,3.9,285,North Indian
2621,3.9,183,North Indian
3300,,0,Beverages
5224,3.7,72,North Indian
3214,,0,Fast Food
5766,3.5,4,Bakery
5781,3.4,10,Biryani
4010,3.5,43,Beverages
3001,3.8,11,Beverages
4688,3.3,6,Juices
16457,,0,Healthy Food
221,,0,Healthy Food
40466,,0,Healthy Food
39004,4.1,272,Cafe
12295,,0,BBQ
20340,4.1,403,Finger Food
805,3.8,235,Konkan
5127,,0,North Indian
40430,,0,Fast Food
24814,3.6,15,Fast Food
22224,3.6,15,Fast Food
22094,3.6,15,Fast Food
6201,3.3,8,Arabian
14822,3.3,59,Seafood
41762,3.9,140,North Indian
2642,3.3,13,North Indian
48262,3.5,15,North Indian
3488,4.1,198,Seafood
41632,3.4,35,South Indian
3678,,0,Mangalorean
18368,4.0,364,Kerala
6955,3.4,66,Chinese
7058,4.1,466,Konkan
19838,,0,North Indian
38990,3.7,56,Seafood
4412,4.3,63,Seafood
4848,3.6,41,Kerala
1087,,0,Cafe
14943,3.8,150,Continental
7671,3.5,11,Bakery
2815,,0,Bakery
1248,3.6,14,Bakery
17989,,0,Bakery
18089,3.3,4,Beverages
12899,3.7,36,Kerala
9355,3.4,97,South Indian
14334,3.9,680,South Indian
5983,3.7,15,Fast Food
576,3.1,6,Fast Food
9495,,0,South Indian
38729,3.3,6,South Indian
974,,0,Beverages
22988,4.3,191,Cafe
42530,3.7,23,Cafe
488,,0,Beverages
3445,4.0,63,Beverages
5763,,0,Beverages
5420,,0,Fast Food
23465,3.5,15,South Indian
5934,,0,Sandwich
152,3.8,75,Cafe
21850,3.8,77,Cafe
20914,,0,Ice Cream
4262,3.9,41,Ice Cream
24219,4.1,24,Ice Cream
41668,3.8,18,Fast Food
17941,4.3,501,Ice Cream
2454,3.9,101,Ice Cream
39111,4.1,142,Ice Cream
17396,2.9,6,Biryani
6324,3.0,15,North Indian
15790,3.0,20,North Indian
13259,3.1,12,Chinese
7750,3.1,16,North Indian
5818,,0,Chinese
49099,,0,South Indian
741,,0,North Indian
13874,4.7,3894,Continental
29179,,0,Bakery
14721,4.2,176,Continental
3266,4.3,1434,Steak
5086,,0,South Indian
6062,,0,Bakery
41735,3.7,31,Bakery
6441,,0,Bakery
4127,4.0,100,Bakery
4600,3.4,36,Bakery
21799,3.2,11,Bakery
40086,3.0,14,Bakery
19976,3.2,5,Bakery
4737,2.9,182,North Indian
46250,,0,North Indian
753,,0,Fast Food
742,3.4,11,Desserts
19636,,0,Beverages
933,4.2,191,Street Food
5474,3.5,8,Desserts
6906,3.6,25,Beverages
1349,4.2,820,Beverages
13030,3.1,7,Beverages
41947,,0,Fast Food
13249,3.2,7,Juices
19,,0,Bakery
43131,3.5,129,South Indian
23175,3.6,57,South Indian
12140,,0,Mexican
1466,,0,Cafe
40372,4.1,0,North Indian
13644,4.1,80,North Indian
42807,,0,North Indian
1170,4.3,372,Ice Cream
1535,4.5,206,Ice Cream
4305,4.4,819,Ice Cream
24907,4.6,283,Ice Cream
23956,4.4,220,Ice Cream
11463,4.4,790,Ice Cream
35448,4.4,402,Ice Cream
14351,4.7,2139,Ice Cream
13083,4.5,292,Ice Cream
22238,4.4,669,Ice Cream
46363,4.5,703,Ice Cream
31011,4.5,1547,Ice Cream
5804,4.1,219,Ice Cream
256,4.3,345,Ice Cream
39869,4.5,187,Ice Cream
3058,4.4,635,Ice Cream
17912,4.5,949,Ice Cream
4825,3.8,30,North Indian
2365,3.6,42,Beverages
237,3.0,5,North Indian
3898,3.3,10,Andhra
14034,3.8,209,Cafe
3555,3.0,6,Cafe
24363,4.0,236,Cafe
16110,,0,South Indian
22037,4.0,50,Bakery
22549,3.9,293,Seafood
5531,,0,Fast Food
358,3.6,17,South Indian
5335,3.3,6,Continental
198,4.2,237,Cafe
22165,,0,Cafe
51357,3.4,11,Seafood
29068,,0,Bakery
3840,,0,Cafe
7075,3.6,19,Chinese
17640,,0,Fast Food
5129,3.7,139,North Indian
41843,3.8,16,Fast Food
5418,,0,Fast Food
40680,3.7,17,Fast Food
12818,,0,South Indian
2791,4.2,289,American
5387,4.3,2563,Continental
21171,3.4,9,Beverages
3799,,0,Pizza
41658,3.4,5,Pizza
24624,3.1,6,Ice Cream
41664,3.3,4,Ice Cream
40750,3.9,71,Ice Cream
48576,3.3,7,Desserts
17600,3.5,14,Desserts
19612,3.1,9,Ice Cream
10582,3.9,75,Ice Cream
46114,3.9,92,Ice Cream
3382,4.0,229,Ice Cream
3951,3.9,149,Ice Cream
5769,3.5,16,Desserts
41853,3.4,17,Desserts
42982,3.9,54,Desserts
40741,,0,Desserts
42057,3.0,28,Desserts
22163,,0,Ice Cream
8974,3.7,49,Desserts
22259,4.2,432,Desserts
8170,4.0,319,Desserts
14704,4.2,734,Desserts
4304,4.0,80,Desserts
41509,4.1,249,Desserts
2227,4.1,1022,Desserts
17577,4.1,502,Desserts
8688,4.2,346,Desserts
19379,,0,Ice Cream
7892,,0,Desserts
50841,3.9,66,Cafe
21564,3.2,4,Ice Cream
22092,4.0,95,Bakery
39122,3.4,9,Italian
29414,3.8,18,Desserts
22145,3.9,42,Bakery
796,,0,Fast Food
6918,3.8,12,Fast Food
11954,3.6,41,North Indian
6120,,0,Bakery
41858,,0,South Indian
14035,4.0,97,Salad
46306,,0,Bakery
17662,3.1,45,Pizza
4500,,0,Burger
15594,3.3,11,Burger
11618,3.8,26,Desserts
1506,3.9,91,Cafe
14087,3.0,59,Cafe
42719,,0,North Indian
27693,3.9,49,South Indian
9478,,0,Kerala
5062,4.1,587,Continental
1808,3.1,44,North Indian
1748,3.7,23,Chinese
32621,2.3,77,Italian
15562,2.5,34,Italian
5226,2.6,473,Italian
15170,2.8,91,Italian
10783,2.9,330,Italian
5486,2.5,52,Italian
3467,2.9,77,Pizza
3176,2.6,227,Italian
24031,3.3,7,Italian
4108,2.6,54,Italian
42921,2.8,110,Italian
40659,2.6,41,Italian
4222,3.0,237,Pizza
21869,3.4,11,Fast Food
21047,4.0,44,Fast Food
5326,3.6,27,North Indian
41943,,0,Bakery
844,,0,North Indian
41497,4.7,4408,South Indian
8452,4.3,678,European
46174,3.9,92,South Indian
4692,4.2,307,Kerala
3333,,0,North Indian
16862,3.7,46,Cafe
13765,3.9,48,Cafe
14064,2.8,185,Cafe
6619,3.5,9,Bakery
2764,3.4,4,Bakery
7840,,0,Bakery
18608,3.2,6,Bakery
41591,3.7,4,Bakery
9504,3.6,8,Bakery
40761,,0,Bakery
39967,3.5,4,Bakery
22282,,0,Bakery
4049,3.3,8,Bakery
40582,3.8,40,Desserts
28532,4.1,724,Desserts
8888,4.1,104,Desserts
5510,3.9,177,Desserts
1237,,0,Cafe
4028,3.4,48,Cafe
1060,3.0,119,Cafe
154,3.3,23,Cafe
947,3.2,59,Cafe
3552,3.7,33,Cafe
39819,3.3,5,Fast Food
22603,,0,Cafe
21299,3.4,6,North Indian
25487,3.3,19,Andhra
22031,3.0,20,Biryani
22834,3.1,13,Andhra
18084,,0,Andhra
20937,3.4,35,Andhra
7076,,0,Andhra
22125,,0,Andhra
2060,,0,Andhra
40219,,0,Andhra
43100,2.9,16,Andhra
330,3.6,17,Andhra
20854,,0,Andhra
40329,3.1,4,Andhra
5472,3.8,77,Andhra
41217,2.8,28,Andhra
43945,3.3,10,Andhra
40180,,0,Andhra
8983,3.7,22,Andhra
42869,,0,North Indian
25267,,0,South Indian
22168,,0,South Indian
43629,3.0,20,North Indian
4111,3.7,59,Tamil
6751,,0,Tamil
1638,4.1,176,Andhra
4580,3.8,232,Andhra
40577,3.2,7,North Indian
38552,3.4,11,North Indian
8540,3.9,89,North Indian
24253,3.4,58,South Indian
41842,3.1,49,South Indian
29342,,0,North Indian
1940,,0,Bakery
22009,3.3,4,Continental
9138,3.2,9,Fast Food
7042,,0,Fast Food
4473,3.5,9,Fast Food
6400,,0,Italian
68,4.0,507,Cafe
7108,,0,Chinese
46026,4.0,449,Fast Food
24037,3.8,25,Fast Food
46253,4.1,147,Burger
20718,3.4,8,North Indian
14115,3.8,16,Cafe
1488,3.6,13,Cafe
2290,3.2,4,Kerala
1163,2.9,35,North Indian
6133,3.5,9,Finger Food
2425,3.3,9,North Indian
28963,,0,North Indian
4183,3.5,7,Arabian
4063,3.4,9,Arabian
8587,3.4,15,Arabian
17067,3.2,22,Arabian
20772,,0,Arabian
8205,3.5,17,North Indian
8933,,0,North Indian
4486,4.0,44,North Indian
13222,3.3,6,Fast Food
1973,4.1,2724,Biryani
4502,4.0,739,Biryani
7845,,0,Fast Food
11311,3.5,14,Desserts
16967,2.7,29,Bakery
47499,3.2,29,Bakery
7506,3.2,63,Bakery
21777,3.6,18,Bakery
13070,2.8,53,Bakery
20874,3.0,5,Bakery
557,,0,Bakery
40552,,0,North Indian
8206,,0,North Indian
18426,3.8,56,Korean
21146,3.5,16,Korean
17075,,0,Ice Cream
37770,3.3,6,North Indian
36474,3.5,47,South Indian
42257,4.3,202,South Indian
3815,3.4,334,Andhra
1883,3.7,19,South Indian
5936,4.1,140,South Indian
40531,,0,South Indian
9622,3.0,206,South Indian
7325,3.7,42,South Indian
1475,3.0,82,South Indian
582,3.6,15,South Indian
3629,3.6,16,Mangalorean
10128,3.1,325,South Indian
19476,3.8,384,South Indian
17346,3.3,10,North Indian
435,3.7,117,North Indian
14287,4.1,81,North Indian
273,2.5,247,North Indian
6279,4.0,225,North Indian
9527,,0,Fast Food
4731,3.9,475,Oriya
41572,3.2,11,South Indian
887,3.1,152,Bengali
9295,3.8,59,North Indian
2412,,0,Biryani
40288,3.4,6,Biryani
10882,3.0,255,Biryani
3833,3.8,208,Biryani
4178,3.6,6,North Indian
20019,3.5,178,North Indian
4368,3.1,42,North Indian
4567,3.5,98,North Indian
669,3.0,98,North Indian
7787,,0,Momos
7328,3.1,81,Chinese
4764,3.8,37,Fast Food
620,,0,Desserts
4702,,0,North Indian
41907,3.1,13,North Indian
2850,3.1,10,Cafe
6067,3.1,53,North Indian
47166,3.0,12,North Indian
7038,,0,Mughlai
42407,3.3,4,South Indian
1116,,0,South Indian
42372,3.3,4,South Indian
42918,3.1,19,South Indian
2675,3.9,106,South Indian
2004,3.4,10,South Indian
48899,3.7,43,South Indian
293,4.1,90,South Indian
870,3.8,25,South Indian
4367,3.5,13,North Indian
22036,3.0,31,North Indian
19786,3.5,57,North Indian
29569,,0,Biryani
19849,3.1,29,North Indian
12841,,0,Fast Food
6066,3.2,35,Biryani
7197,,0,Tibetan
6243,3.1,8,Tibetan
23419,3.3,70,North Indian
24054,3.8,257,North Indian
1413,3.7,34,Cafe
42875,,0,Fast Food
8795,3.8,33,Kerala
1210,3.6,61,Cafe
47,3.9,144,North Indian
21886,3.1,13,Fast Food
5773,3.6,16,Modern Indian
13833,,0,Salad
39051,4.0,409,Hyderabadi
4629,3.7,31,South Indian
7537,3.5,65,North Indian
19270,3.4,10,Andhra
12790,3.7,23,Biryani
210,2.1,242,Bengali
2480,3.9,73,South Indian
43911,3.3,4,Fast Food
46223,3.5,18,North Indian
6319,,0,South Indian
23505,3.7,103,North Indian
17190,4.0,151,North Indian
991,4.4,2493,North Indian
17070,,0,North Indian
12784,,0,Street Food
1651,3.9,505,North Indian
40463,3.3,4,North Indian
5999,3.4,11,Street Food
2637,3.5,10,North Indian
43231,3.1,28,Chinese
21359,,0,Street Food
51509,,0,North Indian
3801,,0,North Indian
46075,,0,North Indian
48227,,0,North Indian
41978,,0,North Indian
1119,,0,North Indian
7270,,0,North Indian
5762,,0,North Indian
1566,3.3,909,North Indian
14492,4.5,3219,North Indian
9859,3.3,5,North Indian
19279,4.0,88,North Indian
18366,2.9,142,North Indian
40306,3.1,114,North Indian
46001,4.1,498,North Indian
2356,3.2,4,Pizza
20458,3.6,194,North Indian
4623,3.8,54,North Indian
40508,,0,Fast Food
43050,,0,North Indian
8197,3.1,10,Street Food
670,,0,North Indian
22939,3.7,116,North Indian
18352,3.9,631,North Indian
2410,3.6,60,North Indian
551,3.7,24,North Indian
3979,3.5,6,North Indian
22018,3.5,13,North Indian
7340,,0,Street Food
4552,4.1,39,Street Food
13427,3.5,6,Bakery
4781,3.7,67,South Indian
22556,4.1,448,Chinese
43128,3.8,219,Chinese
4205,3.9,519,Chinese
3521,3.9,306,Chinese
14786,3.9,647,Chinese
51311,,0,Bakery
5641,3.8,33,Desserts
5412,3.1,6,Bakery
19568,3.1,9,Bakery
7272,3.3,26,Continental
19299,3.5,10,Desserts
18076,3.2,6,Ice Cream
5965,,0,Bengali
21960,4.1,109,Chinese
21812,3.9,48,Street Food
7232,,0,Biryani
47396,,0,Fast Food
6727,3.3,6,Continental
46182,2.8,36,North Indian
1804,2.7,172,Andhra
17448,,0,North Indian
5136,,0,Andhra
29142,4.0,40,Desserts
22144,3.2,4,Chinese
21640,,0,Chinese
5644,,0,Andhra
10596,,0,Bakery
2392,3.9,498,Street Food
14200,4.0,450,Street Food
4079,3.5,178,Street Food
43134,3.3,4,Street Food
32482,4.0,126,Sandwich
3549,4.0,74,Cafe
29384,3.2,5,North Indian
2981,3.3,73,Pizza
6444,,0,North Indian
8995,,0,North Indian
10814,3.3,22,North Indian
25185,3.7,145,Rajasthani
47408,,0,North Indian
47399,,0,North Indian
7036,3.3,4,Street Food
18719,3.9,79,North Indian
1863,3.6,29,North Indian
7870,3.3,7,North Indian
16342,3.1,97,North Indian
41191,2.9,62,North Indian
355,,0,Cafe
41111,3.9,18,Street Food
43178,3.6,37,Chinese
14555,3.9,24,Chinese
2388,3.8,37,North Indian
4685,3.7,19,North Indian
782,3.7,36,Chinese
7778,,0,North Indian
1430,3.7,248,North Indian
4131,3.9,96,Mughlai
3730,3.3,13,North Indian
13072,3.7,34,North Indian
2459,3.8,303,Chinese
400,3.8,147,North Indian
40636,,0,North Indian
4392,3.9,121,North Indian
17968,3.7,28,North Indian
24832,3.0,60,Chinese
2639,3.5,13,North Indian
7678,,0,Street Food
283,3.4,242,North Indian
591,,0,North Indian
20792,,0,Ice Cream
203,3.8,361,Biryani
46258,,0,Fast Food
17034,,0,North Indian
46333,,0,North Indian
4883,,0,South Indian
1934,3.5,10,North Indian
29464,,0,North Indian
226,3.0,16,North Indian
17634,,0,North Indian
6228,3.6,108,North Indian
7968,3.8,50,Fast Food
4432,3.9,201,Fast Food
9975,3.9,113,Fast Food
6519,3.7,46,North Indian
42853,2.9,11,North Indian
6323,2.7,76,North Indian
43163,2.8,68,North Indian
2712,4.2,344,North Indian
23407,3.9,71,Chinese
703,,0,Desserts
40666,,0,Desserts
445,3.5,7,Desserts
8163,3.8,86,Mithai
5091,3.7,35,Beverages
3261,3.4,5,Beverages
25596,,0,Drinks Only
5743,3.1,9,Healthy Food
822,4.1,233,Street Food
4539,3.5,177,Bengali
390,3.6,28,Biryani
5199,,0,Andhra
5400,3.6,31,Bakery
22111,,0,Bakery
8218,,0,Beverages
13592,4.4,1414,North Indian
5020,4.1,131,North Indian
9249,3.3,5,North Indian
4116,4.4,1209,North Indian
5789,3.7,173,Biryani
5055,3.2,61,North Indian
19611,4.0,463,North Indian
5740,3.8,44,Street Food
41638,4.0,58,North Indian
22739,3.8,22,Fast Food
40304,,0,Italian
48470,,0,Chinese
41486,4.0,71,South Indian
42358,,0,Bihari
32688,3.7,34,North Indian
21568,,0,Mithai
48506,3.1,37,South Indian
675,,0,South Indian
22231,3.7,26,North Indian
536,,0,Mithai
41827,3.4,4,Mithai
48459,3.4,8,Desserts
5954,,0,North Indian
40292,,0,Fast Food
1443,3.8,109,Cafe
13885,4.3,153,Cafe
769,3.3,13,Desserts
20354,,0,Bakery
24227,4.1,315,Cafe
4002,4.0,129,Cafe
39421,,0,Bengali
1265,4.3,1800,Continental
21928,3.1,8,North Indian
21718,,0,Salad
46334,,0,Fast Food
865,2.6,158,North Indian
18648,3.8,281,North Indian
41757,3.0,106,North Indian
8422,3.5,16,North Indian
5523,3.7,28,North Indian
5756,,0,North Indian
40,3.2,26,North Indian
17397,3.4,372,North Indian
22874,3.5,180,North Indian
353,3.6,20,North Indian
28176,3.8,103,North Indian
40227,3.6,43,North Indian
22134,3.0,25,North Indian
2720,3.7,7,Fast Food
21709,,0,North Indian
11086,3.0,4,North Indian
17200,3.5,33,North Indian
4209,,0,Biryani
14393,4.3,289,Biryani
2427,3.2,115,South Indian
16866,3.6,33,North Indian
1652,3.5,61,Biryani
11712,3.6,8,Kerala
6156,3.4,7,South Indian
5783,3.6,15,South Indian
9848,,0,North Indian
9708,3.4,5,Chinese
40580,3.6,22,North Indian
4547,3.9,226,North Indian
21811,3.9,367,North Indian
3863,3.8,798,North Indian
1899,3.5,10,North Indian
1496,,0,Cafe
19336,,0,Bakery
42081,4.3,2316,German
43527,4.3,758,Continental
950,4.0,147,Desserts
7789,3.3,6,North Indian
13969,4.0,209,Cafe
17488,4.6,110,Beverages
24272,3.9,42,Juices
1965,3.5,15,North Indian
17855,3.1,19,Biryani
7021,,0,Chinese
18752,4.1,1341,Continental
2715,4.3,654,Cafe
43269,,0,South Indian
5029,3.8,61,Chinese
46511,3.9,487,Pizza
8585,3.7,314,Pizza
13096,3.7,386,Pizza
7124,3.2,66,Pizza
8589,2.7,332,Pizza
14340,3.7,266,Pizza
41645,4.0,377,Pizza
12536,3.8,251,Pizza
41119,2.8,49,Pizza
10801,3.7,217,Pizza
17546,3.0,458,Pizza
19101,3.0,464,Pizza
43808,3.9,262,Pizza
17835,3.7,466,Pizza
1928,3.9,770,Pizza
24270,3.8,189,Pizza
26269,4.0,319,Pizza
1713,3.2,284,Pizza
46171,3.9,257,Pizza
21405,2.7,477,Pizza
22738,3.4,378,Pizza
48780,3.9,392,Pizza
2795,3.9,419,Pizza
222,3.9,540,Pizza
27885,3.0,291,Pizza
4181,3.6,260,Pizza
9995,4.1,521,Pizza
24334,4.0,567,Pizza
42622,2.4,172,Pizza
40080,3.0,304,Pizza
47643,2.8,413,Pizza
4009,3.7,288,Pizza
47056,3.0,7,Pizza
5385,3.0,347,Pizza
31460,,0,Pizza
50937,3.4,6,Pizza
22450,3.7,69,Pizza
9989,3.9,117,Pizza
20295,,0,South Indian
21988,3.6,17,Turkish
46277,3.4,64,Turkish
42339,3.4,83,Biryani
41727,3.8,161,Biryani
41775,3.8,266,South Indian
1450,,0,Biryani
6630,3.8,278,Biryani
852,3.9,441,South Indian
2162,3.2,72,Biryani
3851,3.2,126,Biryani
12683,3.5,406,Biryani
2886,4.1,474,Biryani
4251,3.3,212,Biryani
23460,3.1,73,Biryani
36641,3.2,6,Biryani
8986,3.2,23,Biryani
22575,3.7,220,Biryani
7077,,0,Biryani
48865,3.8,180,Biryani
14394,3.8,140,Biryani
26579,3.1,22,Biryani
4503,3.5,62,Biryani
21961,3.8,161,Biryani
49125,2.8,28,Biryani
8468,3.2,7,Biryani
14439,3.8,161,Biryani
48386,3.6,33,Biryani
6116,3.2,6,Biryani
3258,3.2,10,Biryani
46696,3.3,8,Kebab
2063,3.3,12,Chinese
20282,3.1,8,Biryani
3126,3.6,27,Biryani
41792,3.8,59,Andhra
8702,3.7,70,South Indian
48445,3.5,46,Biryani
2979,3.3,70,Biryani
9080,3.2,6,Biryani
24056,3.7,297,Biryani
17510,3.2,31,Biryani
11986,3.2,7,Biryani
46607,3.8,62,Biryani
22343,3.5,13,Biryani
647,3.9,163,Desserts
8423,4.0,371,Fast Food
5185,4.0,112,Street Food
49117,3.4,7,South Indian
8208,,0,South Indian
9012,,0,South Indian
12836,,0,South Indian
2122,3.8,139,South Indian
5164,3.8,106,South Indian
5482,,0,South Indian
3459,3.3,7,South Indian
48466,,0,South Indian
2896,,0,South Indian
40964,3.9,276,Italian
6754,3.6,11,Beverages
10498,4.3,2651,Continental
14728,3.7,293,North Indian
1380,4.2,95,Beverages
25000,3.5,26,Continental
5194,,0,North Indian
16019,4.1,1453,Cafe
22591,4.1,274,Cafe
26626,4.0,277,Cafe
20330,3.0,12,Chinese
4986,3.1,248,Chinese
11174,4.4,110,Pizza
6597,4.3,133,Bakery
39020,3.2,6,Cafe
22308,3.4,16,Ice Cream
6989,3.1,7,North Indian
2505,3.9,49,Cafe
28124,3.7,42,Fast Food
3887,3.8,231,Cafe
8431,,0,Fast Food
5072,3.4,122,Cafe
4666,4.0,119,Beverages
1666,3.8,52,Beverages
15858,3.9,209,Beverages
12283,3.7,125,Beverages
13823,4.2,116,Beverages
13302,4.0,122,Beverages
41562,4.1,184,Beverages
3651,4.4,290,Beverages
4418,3.5,8,Beverages
20023,3.9,97,Beverages
40223,3.3,8,Beverages
20782,3.1,14,Beverages
6488,3.4,11,Beverages
1130,3.9,60,Beverages
5546,4.4,345,Chinese
13323,3.6,10,Street Food
9429,3.2,67,Fast Food
3336,,0,Beverages
42264,4.1,187,European
7117,3.7,29,North Indian
1810,3.9,64,Biryani
42262,4.3,291,North Indian
5727,,0,Desserts
28005,4.0,156,Burger
3022,4.0,1080,Burger
18165,4.0,180,Burger
6042,3.6,10,North Indian
16234,3.2,4,North Indian
1449,3.7,15,Street Food
29441,,0,North Indian
46247,3.6,33,North Indian
46292,,0,Mangalorean
3146,3.3,8,South Indian
16137,4.0,25,South Indian
28561,,0,North Indian
1252,3.9,128,South Indian
2386,3.7,327,North Indian
1243,4.5,3826,Cafe
359,3.5,6,South Indian
2020,3.1,11,South Indian
6371,3.5,13,Chinese
9435,3.2,14,North Indian
12900,,0,North Indian
6741,3.2,8,South Indian
4199,3.6,14,Pizza
22774,3.8,22,Pizza
630,3.9,33,Italian
42526,3.9,90,Cafe
5214,,0,Rolls
18915,4.0,497,Chinese
1016,4.0,54,Chinese
3109,4.1,74,Fast Food
4061,4.1,63,Fast Food
8308,3.8,45,Fast Food
16965,4.0,50,Fast Food
20801,,0,Fast Food
14132,4.3,2319,Finger Food
41488,3.5,14,Fast Food
6077,3.0,7,Fast Food
18978,,0,Biryani
3024,3.0,58,North Indian
36692,,0,Street Food
42826,3.4,7,Street Food
17508,4.0,306,Street Food
18086,,0,Street Food
40395,,0,Street Food
43730,3.8,370,South Indian
19222,,0,Street Food
16251,,0,North Indian
5114,3.8,87,Fast Food
9870,3.8,32,Fast Food
5161,3.4,7,Kerala
1974,2.7,159,Kerala
4642,,0,Kerala
263,3.9,101,South Indian
5305,,0,North Indian
3648,3.2,20,North Indian
336,3.1,4,North Indian
27914,3.5,10,North Indian
8239,3.5,16,Chinese
21887,,0,North Indian
28846,4.2,1534,North Indian
29388,,0,Arabian
28562,3.0,34,Chinese
8345,3.5,32,North Indian
21770,3.6,113,North Indian
42737,3.0,39,North Indian
5358,2.9,22,North Indian
2851,4.5,857,Healthy Food
9020,4.1,94,Healthy Food
19109,,0,Healthy Food
18555,4.4,1034,Healthy Food
3592,4.4,632,Healthy Food
39043,4.5,230,Healthy Food
586,,0,Healthy Food
10112,4.6,143,Healthy Food
1518,4.5,1181,Healthy Food
41161,3.6,10,Healthy Food
22355,4.4,287,Healthy Food
5768,4.0,128,Arabian
5480,3.3,11,North Indian
41771,3.5,16,Chinese
6416,3.6,24,North Indian
2182,,0,Fast Food
39424,,0,Chinese
1235,3.4,35,Cafe
3578,4.3,149,Cafe
60,,0,South Indian
46259,3.5,8,Chinese
270,,0,North Indian
5362,3.5,435,North Indian
81,3.5,12,North Indian
4449,4.2,121,North Eastern
360,3.0,64,North Indian
4849,3.0,8,Biryani
17090,3.8,58,Healthy Food
4616,4.3,3135,North Indian
1392,3.4,23,South Indian
11167,4.7,3197,Chinese
14005,4.1,137,Cafe
1236,3.6,33,Chinese
4554,4.0,213,Chinese
3627,4.1,617,Andhra
192,,0,North Indian
14343,4.3,231,Japanese
29329,,0,North Indian
13266,2.9,14,Continental
6896,3.6,19,Healthy Food
2834,4.1,61,Fast Food
41532,4.0,233,Fast Food
17627,4.0,391,North Indian
2594,3.9,74,Biryani
40389,,0,North Indian
5276,,0,Bengali
5098,3.6,225,Biryani
302,2.9,51,North Indian
4672,4.0,608,Continental
11698,,0,Desserts
50844,4.0,19,Cafe
5328,3.4,34,North Indian
18530,3.9,48,Finger Food
41682,4.1,669,Cafe
1079,3.8,38,North Indian
3075,,0,South Indian
2609,3.7,38,North Indian
42239,2.8,42,Juices
3069,3.9,95,Kerala
1036,4.1,6875,North Indian
4064,3.6,113,Kerala
8336,4.0,88,Kerala
2878,4.0,2692,North Indian
7835,3.9,3831,North Indian
2406,,0,Kerala
26094,4.1,2402,North Indian
2595,4.1,1864,North Indian
13579,4.4,2090,North Indian
8453,4.0,3209,North Indian
42103,3.8,409,North Indian
3802,4.3,3178,North Indian
170,4.4,4884,North Indian
39066,4.0,601,North Indian
16976,3.5,156,Kerala
3712,3.8,2084,North Indian
23008,4.0,3128,North Indian
31600,3.9,144,Biryani
13627,4.2,8176,North Indian
16860,4.3,330,North Indian
6973,3.9,26,Kerala
815,4.2,64,Salad
1271,4.4,464,Cafe
862,4.2,731,Cafe
15059,3.3,16,Biryani
2784,3.7,47,Finger Food
9243,3.1,23,Continental
179,3.6,31,Continental
1586,3.4,7,Continental
4022,4.0,1098,Kerala
587,3.7,56,Cafe
6111,4.1,505,Cafe
1520,3.4,9,Finger Food
19324,,0,Biryani
3505,3.9,52,Continental
20236,3.9,51,Kerala
984,3.5,148,North Indian
750,4.1,1077,North Indian
4249,3.1,120,North Indian
18321,4.3,1563,Bengali
19766,3.3,4,Chinese
18621,3.3,5,Mithai
18395,3.3,5,Mithai
41064,4.1,79,Mediterranean
7529,3.8,32,Salad
2584,4.1,553,Italian
22250,3.9,19,Cafe
1809,4.1,1063,Italian
29379,,0,Healthy Food
5978,3.6,15,Bakery
5383,2.8,38,North Indian
24189,,0,South Indian
18166,3.5,4,Fast Food
21873,,0,Juices
6562,,0,Biryani
48553,,0,Biryani
6411,3.3,31,Chinese
502,,0,North Indian
20194,4.1,110,North Indian
1978,3.8,101,North Indian
1678,4.0,506,North Indian
6808,,0,North Indian
47647,3.9,104,North Indian
17818,4.0,176,North Indian
15426,3.9,252,North Indian
30,3.8,632,North Indian
12438,3.9,355,North Indian
46010,3.8,204,North Indian
48211,3.9,184,North Indian
20905,4.0,138,North Indian
42882,3.9,96,North Indian
10017,3.9,441,North Indian
23155,3.8,140,North Indian
14930,3.9,140,North Indian
8766,3.9,114,North Indian
24905,4.0,461,North Indian
160,4.2,415,North Indian
19004,3.9,313,North Indian
8516,4.0,67,North Indian
41086,4.0,184,North Indian
39904,4.0,206,North Indian
3994,4.1,193,North Indian
2083,3.4,6,North Indian
41478,3.9,250,North Indian
4810,3.9,251,North Indian
51005,3.9,171,North Indian
6686,4.1,38,North Indian
230,3.1,7,Fast Food
4297,4.1,55,Cafe
2390,,0,Cafe
12984,4.5,232,Desserts
42039,4.2,59,Desserts
1238,4.2,221,Cafe
19038,4.0,50,Desserts
24149,3.7,50,Desserts
26015,3.7,68,Bakery
13252,3.3,4,Fast Food
5413,,0,Kebab
16218,3.7,30,Asian
816,3.3,4,Healthy Food
31341,3.4,6,Arabian
10792,,0,Arabian
42189,3.9,47,Lebanese
13220,2.9,53,Lebanese
28915,3.9,154,North Indian
3402,,0,Beverages
13047,2.6,43,Mughlai
10886,3.9,261,North Indian
42797,,0,Biryani
19667,3.1,6,Biryani
23205,,0,Kebab
12259,3.8,103,Finger Food
3522,3.9,132,Arabian
2828,3.7,53,Arabian
22042,3.1,6,Kerala
5165,,0,Mughlai
13904,4.4,2392,Modern Indian
258,3.7,18,Cafe
165,2.8,91,North Indian
10844,,0,Chinese
4334,4.0,456,Chinese
7798,3.3,28,Biryani
13215,3.7,14,Bakery
5060,3.8,72,Cafe
3793,4.2,1964,Arabian
2832,4.1,1272,Arabian
21972,3.2,4,Chinese
12139,4.4,2039,Healthy Food
5221,4.4,383,Mediterranean
6872,,0,Fast Food
17528,3.8,210,North Indian
38960,4.3,950,North Indian
40795,4.5,523,Continental
7100,3.3,4,North Indian
3973,4.2,133,Awadhi
4901,3.7,27,Bengali
10407,3.8,88,Continental
5613,,0,Fast Food
4168,3.6,42,North Indian
28510,,0,Juices
11132,4.5,6348,Mediterranean
2648,,0,Continental
24401,2.9,12,Cafe
18092,,0,North Indian
22548,3.9,74,Continental
14397,4.0,62,Italian
16953,3.2,4,Cafe
39325,3.6,33,North Indian
5140,3.9,597,Finger Food
3359,3.9,138,North Indian
4571,3.7,182,North Indian
5667,3.1,5,Biryani
10640,3.7,56,North Indian
216,,0,Biryani
44098,,0,North Indian
28372,3.4,26,North Indian
10397,4.0,53,Mexican
2299,4.0,96,Mexican
48226,3.8,53,Mexican
46051,3.9,76,Mexican
39928,4.1,82,Mexican
17742,4.1,48,Mexican
26728,4.1,95,Mexican
24239,4.1,23,Mexican
3976,4.1,88,Mexican
23873,4.0,70,Mexican
1471,4.0,53,Mexican
8515,3.9,21,Mexican
41516,4.1,52,Mexican
21030,4.1,93,Mexican
2919,3.9,58,Mexican
42864,,0,North Indian
43191,3.7,19,Desserts
764,4.4,809,Continental
21790,3.9,751,Continental
10232,3.9,454,Biryani
21874,,0,North Indian
8732,4.0,649,Continental
6117,3.6,22,Mangalorean
20344,4.1,52,Seafood
4680,3.9,37,Seafood
1618,4.1,56,Seafood
2942,3.4,12,Seafood
17035,3.8,78,Seafood
20844,,0,Seafood
41651,3.7,118,North Indian
7396,3.9,39,Seafood
6329,,0,Chinese
41897,3.0,28,Mangalorean
39125,4.0,89,Kerala
955,3.9,418,Seafood
38432,4.2,302,Seafood
38588,3.9,56,Mangalorean
922,3.5,9,South Indian
41898,3.5,38,Healthy Food
1040,3.6,13,Bakery
4826,3.2,16,Healthy Food
5426,,0,Fast Food
4833,,0,Continental
5339,,0,Continental
15824,,0,Continental
20445,3.6,55,Chinese
16984,3.8,29,Fast Food
39337,3.1,8,Fast Food
28225,3.7,29,Roast Chicken
12864,3.7,82,Fast Food
2974,3.2,100,Fast Food
6563,3.3,12,Roast Chicken
22772,3.3,14,Roast Chicken
42190,2.8,44,Fast Food
2262,3.3,34,Fast Food
15363,3.4,26,Fast Food
1807,3.9,62,Burger
46592,3.7,32,Fast Food
18138,3.3,4,Fast Food
10008,3.5,11,Fast Food
10117,3.4,129,Fast Food
48831,,0,Fast Food
4647,3.5,9,Fast Food
26253,3.5,32,Fast Food
288,3.6,55,Fast Food
10406,3.5,24,Fast Food
4487,3.4,9,Fast Food
41498,3.5,20,Fast Food
19107,3.7,78,Fast Food
38650,3.3,36,Fast Food
32351,2.7,45,Fast Food
24325,3.4,50,Roast Chicken
17511,3.5,11,Fast Food
4132,3.7,41,Fast Food
46086,3.0,53,Fast Food
8846,3.3,55,Roast Chicken
22341,3.7,193,Fast Food
40459,3.5,9,Fast Food
41108,3.2,42,Fast Food
26308,3.3,5,Roast Chicken
14513,3.7,68,Fast Food
47974,,0,Fast Food
1736,3.2,66,Fast Food
43828,2.9,49,Fast Food
6196,,0,Biryani
42794,,0,Healthy Food
12429,,0,Salad
13704,2.9,24,North Indian
5357,3.5,10,Lebanese
12626,4.0,57,Tibetan
5699,,0,Bakery
1581,3.4,5,North Indian
16768,3.6,34,North Indian
3456,3.7,37,Chinese
13654,,0,North Indian
41476,3.3,239,North Indian
351,2.9,16,North Indian
314,,0,North Indian
6887,4.0,93,Bakery
322,3.5,42,North Indian
4991,3.8,254,Chinese
4228,3.7,24,Asian
3503,3.0,197,North Indian
2838,3.5,8,Kerala
46128,3.7,59,Kerala
16726,3.5,185,North Indian
42773,3.3,16,Desserts
22176,3.2,27,Ice Cream
16683,4.9,2745,Asian
42480,4.7,7154,Asian
4180,4.4,3061,North Indian
22398,4.3,416,European
48243,3.4,10,Desserts
16344,,0,Fast Food
484,3.8,45,Bakery
7475,3.8,82,Pizza
19386,,0,Bakery
6197,,0,Beverages
16168,,0,Bakery
5009,3.1,15,Bakery
701,3.1,127,Bakery
23668,,0,Biryani
7775,,0,Seafood
31742,3.8,56,Seafood
48000,3.2,5,Seafood
41867,,0,Bakery
4686,,0,Bakery
1108,,0,Bakery
14112,,0,Fast Food
5653,,0,Fast Food
4256,3.4,262,Kerala
41535,2.9,88,Fast Food
1133,3.6,34,North Indian
3284,3.2,4,Fast Food
40623,2.8,21,Biryani
7074,3.8,89,North Indian
2450,3.9,33,North Indian
3127,3.6,21,Fast Food
649,,0,Chinese
2801,3.6,36,Mughlai
23208,,0,Fast Food
1176,3.7,45,North Indian
15388,,0,Continental
5573,3.3,7,North Indian
5633,,0,North Indian
38537,3.3,4,South Indian
12595,,0,Fast Food
41307,3.5,13,North Indian
51355,,0,North Indian
20662,3.4,8,North Indian
6975,3.3,16,North Indian
46328,3.7,29,Arabian
21871,,0,North Indian
707,3.8,25,Sandwich
7186,,0,Biryani
6027,3.5,42,North Indian
41256,,0,Street Food
4791,3.2,45,North Indian
46021,3.1,52,North Indian
499,,0,North Indian
14706,3.7,32,North Indian
7737,,0,North Indian
22602,3.8,88,Kerala
8992,3.3,5,Fast Food
17237,3.0,4,North Indian
17467,3.7,52,North Indian
7894,,0,North Indian
41973,3.2,8,Fast Food
20839,3.7,19,North Indian
40563,3.3,12,North Indian
2016,3.1,5,North Indian
2266,,0,South Indian
23,3.2,167,North Indian
1769,3.5,32,North Indian
63,,0,North Indian
1137,3.3,6,North Indian
8068,,0,Desserts
808,4.3,1387,North Indian
23657,3.3,43,North Indian
21306,,0,North Indian
25105,,0,North Indian
20777,,0,North Indian
39941,,0,North Indian
3695,,0,North Indian
46077,,0,North Indian
48254,,0,North Indian
41646,,0,North Indian
1153,,0,North Indian
28574,,0,North Indian
5758,,0,North Indian
10930,,0,North Indian
278,4.0,232,South Indian
78,3.6,16,Fast Food
41700,3.2,4,Chinese
23029,3.2,16,North Indian
5019,3.0,88,Biryani
7650,2.6,56,Biryani
42703,2.8,48,Biryani
24815,3.1,10,North Indian
6819,,0,North Indian
4284,3.2,5,Chinese
4832,3.3,12,North Indian
7932,,0,North Indian
40471,3.4,10,North Indian
17327,3.4,308,North Indian
48195,3.7,162,North Indian
9868,3.3,8,South Indian
4401,,0,North Indian
13231,,0,South Indian
4350,4.0,113,Italian
40203,3.8,28,Fast Food
157,2.8,506,North Indian
9213,,0,Continental
5958,,0,North Indian
7025,2.9,54,North Indian
240,,0,North Indian
19141,,0,Chinese
40442,2.9,35,Chinese
22113,,0,Bengali
628,3.5,89,North Indian
21793,3.5,22,North Indian
24183,3.7,48,Arabian
6317,3.4,5,South Indian
17987,3.8,178,North Indian
1735,3.7,131,Chinese
2445,3.4,6,North Indian
4608,3.1,8,North Indian
40515,,0,North Indian
1445,3.7,59,Cafe
40205,3.7,72,North Indian
14556,4.0,173,North Indian
17763,4.1,319,North Indian
42859,,0,North Indian
121,3.6,24,Desserts
611,,0,North Indian
16336,,0,North Indian
43381,3.7,17,BBQ
8154,,0,North Indian
22505,,0,Fast Food
40561,3.1,65,North Indian
12134,3.8,170,North Indian
20909,,0,Fast Food
3131,,0,Fast Food
3298,,0,North Indian
13113,,0,Chinese
9885,3.2,4,Fast Food
5582,3.7,122,North Indian
29480,,0,Fast Food
16615,4.1,210,Healthy Food
24412,3.7,57,Continental
2917,3.8,44,Continental
10529,3.1,54,Continental
6098,,0,Continental
4479,3.5,43,Continental
20071,3.6,43,Continental
28587,3.8,44,Continental
44523,3.1,54,Continental
51034,3.5,43,Continental
40128,3.6,43,Continental
9284,,0,Bakery
14579,4.1,335,Kerala
15983,,0,Chinese
12687,,0,South Indian
6586,,0,Bakery
39403,,0,Fast Food
41874,3.3,20,North Indian
41500,3.7,136,North Indian
9240,3.5,13,Chinese
4533,4.4,1146,North Indian
7846,4.4,366,Cafe
22262,3.8,110,North Indian
5929,3.6,6,Ice Cream
633,3.5,35,Ice Cream
568,3.7,91,Bakery
2061,3.3,8,Bakery
5525,3.3,7,Desserts
20816,3.2,234,Sandwich
14298,3.9,37,Biryani
41048,3.3,7,Beverages
16404,3.0,15,Fast Food
6828,3.3,16,Italian
17076,,0,Burger
17423,,0,Chinese
7093,,0,Chinese
5023,3.1,105,North Indian
7703,,0,North Indian
3583,3.4,15,North Indian
8460,3.1,5,Beverages
16865,,0,Beverages
8810,4.1,104,Cafe
1338,4.1,137,Cafe
41607,2.7,93,Street Food
4804,,0,Bakery
40366,3.6,14,Continental
4490,3.7,17,Salad
4510,3.2,31,Salad
19814,3.4,372,Chinese
4776,,0,North Indian
274,3.9,627,Healthy Food
39864,,0,Continental
20767,3.0,546,Healthy Food
4253,3.3,628,Healthy Food
3618,3.2,113,Healthy Food
2852,3.6,531,Healthy Food
42674,2.8,132,Healthy Food
17760,3.2,835,Healthy Food
39056,3.3,535,Healthy Food
1524,3.9,582,Healthy Food
9073,3.8,377,Healthy Food
14286,3.8,1082,Asian
10214,3.8,24,North Indian
41599,4.0,702,Italian
9900,,0,Fast Food
2681,3.9,551,Fast Food
10852,3.5,10,South Indian
39860,3.2,55,North Indian
4876,,0,Fast Food
352,2.8,36,Continental
42835,,0,South Indian
6845,3.8,109,Italian
42878,,0,Bengali
259,3.6,39,North Indian
4455,4.1,397,Ice Cream
6841,3.4,4,Ice Cream
6047,3.9,33,Juices
16863,4.0,213,Healthy Food
7915,3.5,15,Desserts
46331,4.0,34,Bakery
40764,3.8,54,Desserts
42012,3.8,43,Desserts
6100,,0,Desserts
48251,3.3,8,Beverages
8027,3.7,13,Ice Cream
4097,,0,Desserts
17708,,0,Beverages
42693,3.3,11,Beverages
8676,4.1,244,Beverages
17126,3.8,58,Beverages
24493,3.9,55,Beverages
394,4.2,146,Beverages
15385,4.1,167,Beverages
6034,3.7,19,Beverages
8753,,0,Beverages
566,4.1,209,Beverages
4817,4.0,35,Beverages
6773,3.6,59,Beverages
48452,3.8,18,Beverages
6086,3.6,13,Beverages
2884,4.2,182,Beverages
41614,3.7,56,Beverages
3962,4.0,82,Beverages
1274,4.1,46,Beverages
41985,3.9,107,Desserts
39085,4.0,154,Ice Cream
8927,,0,Juices
4214,3.7,21,Fast Food
28560,,0,Beverages
43336,,0,Juices
12961,,0,Fast Food
2742,3.3,15,Fast Food
17710,,0,North Indian
5115,3.2,12,Desserts
1216,3.8,36,Desserts
17296,3.7,20,Bakery
14408,4.2,38,Finger Food
3412,3.6,54,Chinese
12335,,0,Chinese
4558,3.6,34,Chinese
4391,3.2,16,Chinese
17871,3.8,32,Chinese
41377,3.8,182,Thai
21081,,0,Chinese
41877,3.3,23,Thai
3800,4.0,48,Sandwich
1360,,0,Biryani
3717,3.8,87,North Indian
5771,3.5,140,North Indian
1707,2.9,11,North Indian
20381,,0,North Indian
365,,0,Fast Food
2811,3.9,409,North Indian
3485,3.9,124,North Indian
4030,,0,Cafe
13663,2.0,395,Finger Food
20877,3.5,10,North Indian
4576,3.7,34,North Indian
2307,4.1,336,Continental
24404,3.3,4,Cafe
42216,3.5,14,Street Food
46513,3.7,15,North Indian
50846,3.7,74,Cafe
41870,,0,Beverages
6936,3.2,4,North Indian
21589,,0,North Indian
40558,3.7,95,North Indian
18351,4.6,586,African
2105,4.6,406,African
16204,3.4,8,Sandwich
11092,3.5,8,Finger Food
6350,3.6,31,Chinese
19090,,6,North Indian
2789,4.2,325,North Indian
910,3.9,264,South Indian
28539,3.6,16,Italian
17254,3.7,241,North Indian
13489,3.9,49,Bakery
13236,,0,Bakery
452,3.6,36,North Indian
22327,,0,Bakery
18194,4.0,69,South Indian
2033,3.7,8,Street Food
39059,3.7,286,South Indian
4337,3.7,30,South Indian
24371,,0,South Indian
41566,3.6,101,South Indian
814,3.7,30,South Indian
4231,3.7,51,Chinese
20114,3.5,17,South Indian
48843,3.1,12,Street Food
2175,3.7,29,Street Food
10376,3.1,18,North Indian
1818,3.7,93,North Indian
19868,3.8,50,Street Food
6362,3.8,32,Street Food
5112,3.8,43,Chinese
12647,,0,Chinese
380,3.2,4,Pizza
48701,,0,Biryani
3004,3.9,51,Healthy Food
29410,,0,North Indian
41742,3.4,7,North Indian
4871,3.2,144,North Indian
21044,3.8,31,North Indian
8733,,0,Street Food
622,,0,South Indian
13366,3.0,12,South Indian
3054,3.9,110,Ice Cream
20504,2.9,38,Ice Cream
4066,3.2,4,Ice Cream
21487,3.4,5,Ice Cream
41609,3.4,17,Ice Cream
49960,3.2,6,Ice Cream
11395,3.0,40,Ice Cream
3777,2.9,17,Ice Cream
42024,3.8,51,Ice Cream
8480,3.7,32,Ice Cream
8436,3.8,47,Desserts
41321,,0,North Indian
20892,,0,Fast Food
5133,,0,Fast Food
46270,3.3,4,Fast Food
6578,,0,Biryani
41872,,0,North Indian
18121,,0,North Indian
5302,,0,North Indian
7768,,0,North Indian
10873,3.3,7,North Indian
5063,3.1,117,North Indian
5528,,0,North Indian
42680,,0,Fast Food
6675,3.7,95,North Indian
40550,,0,North Indian
40543,,0,North Indian
42884,,0,North Indian
743,,0,North Indian
42838,,0,Biryani
2874,3.1,48,North Indian
7199,,0,North Indian
4721,3.7,50,North Indian
7226,3.7,22,North Indian
2833,3.1,7,North Indian
1859,3.4,137,Biryani
4291,3.8,48,North Indian
16330,3.4,16,North Indian
430,,0,Bakery
894,4.4,1710,Continental
42315,4.5,2711,Continental
6799,4.5,3902,Finger Food
766,4.3,1265,Continental
4985,4.3,226,Asian
41576,3.6,159,North Indian
19677,3.6,92,South Indian
22423,3.9,300,Andhra
20346,3.0,5,North Indian
29504,,0,Continental
17280,4.0,170,Chinese
4162,4.1,836,Cafe
14031,3.4,90,Cafe
2598,3.7,83,Biryani
42285,3.6,27,Finger Food
1354,,0,Continental
6426,4.2,707,North Indian
18805,4.2,794,Bakery
8681,4.4,1084,Bakery
3543,4.2,5308,Bakery
23283,3.5,131,North Indian
15632,4.4,275,Desserts
4670,4.4,68,Desserts
5797,3.1,69,North Indian
9371,,0,Italian
2798,4.0,777,Italian
8086,,0,Healthy Food
2282,4.3,1302,Healthy Food
296,3.6,163,Goan
7070,,0,Chinese
13906,4.3,371,Street Food
2817,3.8,37,Beverages
48791,3.6,21,Chinese
6394,3.2,8,Chinese
20850,3.5,146,Andhra
1324,3.0,11,South Indian
871,3.9,407,Andhra
42862,3.3,4,Seafood
5104,4.4,384,South Indian
3734,,0,Biryani
1617,4.0,201,Mithai
3546,3.9,258,North Indian
880,3.8,469,North Indian
48636,,0,Desserts
8042,2.5,113,Cafe
22074,3.7,53,Bakery
3000,3.6,22,Chinese
40456,2.9,18,North Indian
40429,,0,South Indian
9650,3.5,18,Arabian
2514,4.0,370,North Indian
40505,3.5,14,North Indian
3622,3.4,409,North Indian
6305,3.7,40,South Indian
19928,4.2,175,North Indian
2190,3.4,7,Street Food
42718,,0,Street Food
6985,,0,Street Food
2962,3.2,44,Street Food
12863,3.8,69,Street Food
41132,3.7,14,Street Food
19495,3.6,39,Street Food
15312,3.5,18,Street Food
20794,3.8,65,Street Food
47732,3.0,31,Street Food
4597,3.5,33,Street Food
41932,3.6,41,Street Food
42416,3.3,8,Street Food
25984,3.7,215,Street Food
46103,3.7,38,Street Food
22904,3.7,91,Street Food
4516,3.3,84,Street Food
1811,3.7,93,Street Food
18718,3.7,188,Street Food
21001,2.9,78,Street Food
26957,,0,Street Food
7610,3.4,7,Street Food
21147,3.7,1813,Biryani
41272,2.6,51,Andhra
27995,,0,Andhra
7733,3.6,14,Bakery
5637,3.4,7,North Indian
16487,,0,North Indian
43194,,0,Beverages
716,,0,Beverages
41944,,0,Beverages
20155,,0,Beverages
6835,,0,Beverages
22140,,0,Beverages
11834,,0,Beverages
9244,,0,Beverages
5551,3.4,4,Beverages
5557,,0,Beverages
51326,,0,Beverages
16824,,0,Beverages
15722,3.9,89,Desserts
5038,,0,Desserts
21290,3.2,8,Finger Food
9487,3.3,4,North Indian
2403,,0,Ice Cream
2416,4.0,84,Fast Food
23662,4.2,271,Continental
8,3.5,12,North Indian
7256,3.6,15,Chinese
48402,3.8,91,North Indian
5279,3.4,7,South Indian
41515,3.7,29,South Indian
5459,,0,South Indian
12047,3.4,7,South Indian
6987,,0,South Indian
3569,3.9,200,South Indian
23452,3.4,78,South Indian
48186,3.9,1176,Biryani
46217,3.6,26,Andhra
22458,,0,South Indian
41942,,0,Chinese
48474,3.2,4,North Indian
5188,3.7,80,South Indian
2217,3.3,6,Biryani
9493,3.2,5,Biryani
18876,4.0,63,Mithai
30364,3.3,4,Mithai
6232,,0,Andhra
46593,,0,Fast Food
41050,3.1,7,American
3889,3.7,16,Beverages
5603,,0,North Indian
4494,4.3,3447,North Indian
7877,3.4,7,North Indian
2268,,0,Fast Food
1897,3.4,8,South Indian
5377,,0,North Indian
3563,3.5,31,South Indian
43153,3.6,57,Hyderabadi
2320,,0,South Indian
5561,3.6,34,North Indian
41809,3.3,5,Mithai
200,,0,Biryani
1947,3.5,12,North Indian
33,3.8,166,North Indian
18124,,0,Bakery
51329,3.9,51,Biryani
9269,,0,Chinese
4189,3.4,8,Bengali
1212,3.7,31,Cafe
3165,4.1,732,Cafe
16932,,0,South Indian
835,3.9,291,Cafe
1162,3.3,4,Rolls
42341,3.2,2,Finger Food
398,,0,North Indian
41623,3.6,29,North Indian
1140,3.0,57,North Indian
16205,3.5,37,Beverages
161,3.8,160,North Indian
5492,,0,Beverages
8059,,0,North Indian
18490,3.8,424,Biryani
1123,,0,Kerala
12196,4.3,1187,Chinese
8645,3.3,50,Chinese
15067,3.3,7,North Indian
14411,3.8,259,Seafood
4068,4.3,2840,Italian
111,3.4,6,Chinese
4221,3.9,715,Italian
15066,3.5,12,Steak
41548,3.1,8,Biryani
42949,3.6,83,Fast Food
6515,3.1,17,North Indian
7657,,0,North Indian
40140,2.9,30,North Indian
22123,,0,Fast Food
41946,,0,Seafood
7995,4.1,564,Cafe
476,,0,Continental
40110,,0,Continental
4915,3.9,88,Italian
4807,2.5,321,North Indian
5046,3.6,107,North Indian
48700,3.6,15,Fast Food
2041,4.0,457,Healthy Food
22186,3.8,68,Healthy Food
17196,3.8,111,Healthy Food
43270,,0,Healthy Food
10927,3.8,36,Healthy Food
784,3.6,16,Healthy Food
24367,3.3,4,North Indian
41848,3.3,4,Continental
41503,4.1,637,Cafe
13998,4.1,332,Continental
3907,,0,Mithai
4363,4.0,827,Rajasthani
24271,4.2,817,Cafe
201,4.1,1875,North Indian
2155,,0,Chinese
290,3.6,18,Gujarati
48763,3.2,10,South Indian
35479,3.7,592,Fast Food
3605,3.7,19,Beverages
17620,,0,North Indian
5365,2.5,90,Biryani
36365,3.8,177,Biryani
12008,3.7,160,Biryani
7598,3.1,117,Biryani
21926,3.4,55,Biryani
15256,3.3,4,Biryani
17358,3.6,19,Fast Food
1023,3.4,7,North Indian
7766,,0,Andhra
46577,3.5,5,South Indian
6838,2.9,106,North Indian
6703,3.8,89,North Indian
5497,3.1,106,Chinese
8418,2.9,200,Chinese
14285,3.9,639,North Indian
19799,3.1,330,North Indian
4759,3.0,289,Pizza
17670,3.1,10,Pizza
341,4.1,868,Continental
13639,4.0,949,North Indian
3940,3.9,1189,North Indian
45981,,0,Cafe
28600,,0,Pizza
48756,3.2,4,North Indian
46505,3.2,9,North Indian
19026,3.1,11,North Indian
13172,3.3,4,North Indian
23079,3.1,12,North Indian
4798,3.9,77,Ice Cream
40207,3.9,145,Desserts
18927,3.3,4,Rolls
17037,3.6,11,Biryani
4689,4.3,219,Lebanese
6633,3.7,61,Fast Food
13569,4.4,1187,Korean
7373,4.0,152,Beverages
3862,4.0,78,Fast Food
2804,3.8,22,Beverages
1762,3.9,330,Chinese
9121,4.5,2781,North Indian
4279,3.6,44,North Indian
4830,3.1,13,North Indian
1847,,0,Biryani
40410,,0,North Indian
41505,3.4,77,Biryani
2556,4.2,380,Biryani
1949,2.5,63,South Indian
12124,3.2,5,South Indian
41554,4.0,1192,South Indian
2203,,0,South Indian
39419,3.2,4,South Indian
41661,4.1,87,Biryani
6593,3.5,11,South Indian
21894,,0,South Indian
6075,3.5,14,South Indian
19319,3.4,8,South Indian
12308,3.3,6,South Indian
15372,3.4,9,South Indian
6912,3.0,15,South Indian
7245,3.9,145,North Indian
117,3.1,7,Chinese
61,3.3,5,Kerala
2702,4.7,4678,North Indian
41542,4.4,2881,North Indian
11771,,0,North Indian
48954,3.2,4,South Indian
6693,3.9,161,North Indian
1979,3.5,17,South Indian
1795,,0,North Indian
17434,3.9,84,Hyderabadi
1139,3.8,100,Cafe
27780,3.6,14,Cafe
40469,3.6,28,North Indian
5795,3.4,10,Biryani
18489,4.0,1413,Thai
11775,4.3,797,Asian
42027,,0,Ice Cream
46383,,0,Ice Cream
4339,4.4,1796,Vietnamese
3108,3.5,17,South Indian
19311,,0,North Indian
7488,,0,Mediterranean
42306,,0,North Indian
24316,3.2,5,Desserts
2668,4.1,252,Bakery
8789,4.2,115,Cafe
7374,4.0,2151,Continental
708,3.6,17,Chinese
18095,,0,North Indian
746,,0,Bakery
8289,3.1,54,Biryani
791,3.3,86,Biryani
4822,,0,Biryani
21927,,0,North Indian
6805,,0,North Indian
5454,,0,North Indian
6357,,0,North Indian
5094,,0,North Indian
21019,,0,North Indian
4046,4.3,490,Bakery
21365,4.1,180,Bakery
4599,3.4,8,Chinese
39031,3.8,24,Cafe
51345,3.1,41,Kerala
46302,,0,North Indian
806,3.8,78,North Indian
29102,3.6,54,North Indian
20539,3.8,507,Chinese
42799,,0,North Indian
492,4.0,633,North Indian
39410,,0,Chinese
13913,4.5,5262,American
49168,2.9,16,North Indian
41845,,0,South Indian
7558,4.0,161,Fast Food
42153,3.9,59,Fast Food
13258,4.4,1830,Fast Food
1903,4.1,279,Fast Food
2195,3.9,15,Sandwich
532,,0,Sandwich
7568,,0,South Indian
8160,,0,North Indian
14044,4.3,666,Japanese
5054,4.2,1365,Asian
40189,4.1,1218,Asian
306,3.8,148,Fast Food
7185,3.7,19,Continental
20831,3.5,15,Biryani
51327,3.4,10,South Indian
51272,3.3,11,North Indian
8636,2.8,43,Cafe
20375,3.4,51,North Indian
6776,2.9,21,Andhra
41750,4.1,469,North Indian
1206,4.0,89,South Indian
3055,3.9,237,South Indian
14746,3.9,54,South Indian
28566,3.6,33,South Indian
46166,,0,South Indian
48790,3.6,4,Beverages
41603,3.7,30,South Indian
19656,,0,South Indian
4445,3.8,31,South Indian
1192,3.0,291,North Indian
7580,3.3,24,North Indian
11709,3.4,8,North Indian
23603,,0,North Indian
1776,3.9,224,North Indian
5686,2.8,20,North Indian
640,,0,North Indian
46320,3.5,27,North Indian
18407,4.2,69,Continental
46192,3.9,510,North Indian
22073,3.9,198,North Indian
20010,3.6,22,North Indian
802,3.7,61,Biryani
46144,3.5,137,North Indian
3993,3.8,37,Ice Cream
48304,3.8,43,Ice Cream
6288,3.5,21,Ice Cream
1227,3.8,21,Ice Cream
22213,3.1,27,Ice Cream
11662,,0,Ice Cream
11578,3.3,6,Ice Cream
211,3.9,28,South Indian
22141,3.4,7,Kerala
19035,3.8,198,Continental
33795,4.0,137,Finger Food
5742,3.8,117,Continental
9881,,0,Healthy Food
4824,3.8,368,North Indian
24251,3.3,80,Healthy Food
9583,3.9,189,Healthy Food
5810,,0,Healthy Food
4139,3.9,70,Healthy Food
18451,3.9,118,Healthy Food
2506,3.9,106,Healthy Food
1943,,0,Bakery
2051,,0,Salad
21974,,0,Healthy Food
5044,,0,North Indian
4203,,0,North Indian
5441,3.8,22,American
3983,,0,American
8183,3.6,16,Beverages
1208,3.2,11,Cafe
5240,,0,Chinese
22011,,0,North Indian
5670,3.6,10,Bakery
10785,3.2,2,Continental
6530,3.4,6,North Indian
21502,,0,Fast Food
345,2.8,58,North Indian
10841,,0,Biryani
32705,4.0,344,Continental
10012,3.9,880,North Indian
4889,4.1,221,North Indian
5697,3.2,34,North Indian
26151,,0,South Indian
22075,,0,South Indian
47314,,0,Bengali
40611,4.0,1116,Italian
7936,4.6,1580,Cafe
823,3.6,11,Fast Food
22581,4.1,200,Korean
363,3.2,9,Finger Food
131,3.7,31,Cafe
3565,2.9,95,North Indian
71,3.6,32,Continental
42078,4.1,4767,Japanese
39016,3.9,72,Cafe
16929,3.7,42,Chinese
18949,3.7,204,North Indian
4357,3.8,181,North Indian
29243,,0,Chinese
12506,3.7,15,Fast Food
4618,,0,Tibetan
23672,,0,North Indian
1534,4.0,245,Bengali
142,,0,North Indian
42021,3.5,12,Desserts
395,,0,Desserts
6155,3.9,75,Ice Cream
29437,3.4,21,Kerala
5853,,0,South Indian
42104,4.3,127,South Indian
42167,4.1,55,South Indian
42063,3.6,15,Mithai
17303,,0,North Indian
3414,3.4,11,South Indian
42787,3.1,6,North Indian
46266,,0,North Indian
5620,,0,North Indian
39357,3.6,18,South Indian
20276,3.2,4,South Indian
5709,3.1,7,North Indian
7112,,0,Bakery
15112,3.0,398,North Indian
3941,,0,North Indian
5882,3.4,49,Biryani
31614,3.1,21,Biryani
5592,,0,North Indian
19664,3.8,33,North Indian
29443,,0,North Indian
40536,,0,Desserts
6154,3.6,21,Bakery
5341,3.8,24,South Indian
40549,,0,Bengali
18220,,0,Bakery
7929,3.4,8,Biryani
41204,,0,Chinese
4719,3.5,11,North Indian
6318,,0,North Indian
17788,4.5,224,Chinese
23699,,0,Chinese
42889,3.9,308,Chinese
22631,3.8,80,Chinese
20075,3.7,38,North Indian
4717,4.2,7193,Continental
4069,4.3,1707,Continental
22021,4.4,816,Continental
2325,3.5,8,Fast Food
8053,3.0,46,Fast Food
9928,,0,Fast Food
233,,0,Fast Food
13350,,0,Chinese
7731,,0,Chinese
1896,3.6,88,North Indian
348,,0,North Indian
43893,,0,Biryani
134,3.6,28,North Indian
504,3.7,23,Italian
10810,3.5,14,Fast Food
4524,3.5,51,Fast Food
49075,3.9,46,South Indian
42406,3.3,4,South Indian
773,4.1,70,South Indian
8103,3.3,4,Fast Food
17085,3.1,8,Fast Food
22159,,0,Fast Food
6816,3.1,55,Rolls
14139,2.9,17,Cafe
12839,,0,Fast Food
48832,,0,South Indian
227,3.8,36,North Indian
20,3.3,5,North Indian
5332,3.7,25,South Indian
5707,,0,South Indian
9757,,0,South Indian
48779,4.3,332,South Indian
15310,3.9,77,South Indian
24351,,0,Biryani
22006,,0,Biryani
8993,,0,South Indian
7628,,0,South Indian
229,,0,North Indian
1432,,0,North Indian
3107,3.2,12,North Indian
617,,0,Andhra
38450,4.2,212,Andhra
5272,3.2,9,South Indian
42833,,0,South Indian
3217,,0,South Indian
42288,,0,Andhra
5042,3.7,51,North Indian
6524,3.5,22,Chinese
9142,,0,South Indian
6925,3.7,10,South Indian
9855,,0,South Indian
1322,3.6,27,Andhra
42299,3.9,46,South Indian
718,,0,North Indian
1127,,0,North Indian
9311,,0,Biryani
17065,,0,South Indian
5073,,0,South Indian
4299,3.8,207,South Indian
19693,,0,South Indian
23574,,0,South Indian
3215,,0,North Indian
26469,3.1,9,South Indian
1114,3.3,5,North Indian
42705,3.6,87,Andhra
29000,3.6,15,North Indian
15084,3.4,94,Kerala
41324,,0,South Indian
21870,,0,South Indian
3129,3.6,79,North Indian
3401,3.5,83,North Indian
20890,,0,Fast Food
41737,3.6,6,South Indian
1895,4.2,253,South Indian
41522,3.7,62,North Indian
41869,3.1,94,North Indian
3352,3.4,16,Chinese
9768,4.0,787,Arabian
22572,,257,Biryani
5681,3.5,24,North Indian
41811,3.6,24,South Indian
4950,3.8,57,Seafood
1970,3.3,9,North Indian
2049,,0,North Indian
41876,3.3,5,South Indian
2216,3.2,9,South Indian
3988,3.9,222,Andhra
15761,,0,Biryani
41752,3.5,79,South Indian
22117,,0,South Indian
41559,3.1,112,South Indian
17003,3.3,7,North Indian
1982,,0,North Indian
11635,3.9,39,Chinese
8493,,0,North Indian
40396,3.6,59,Biryani
48416,3.2,69,South Indian
41556,3.4,62,South Indian
21985,3.2,4,North Indian
16571,2.5,66,North Indian
744,3.2,4,South Indian
1399,3.1,10,Andhra
43878,3.2,4,Chinese
42334,4.1,485,South Indian
42150,4.1,748,South Indian
38696,3.4,5,South Indian
33878,3.9,31,South Indian
2069,4.1,52,South Indian
2300,3.1,266,Chettinad
12903,,0,South Indian
41523,3.8,328,South Indian
24222,3.7,49,Andhra
3323,3.4,4,South Indian
6908,3.3,4,South Indian
49066,3.6,14,South Indian
15126,3.7,257,Biryani
41908,3.5,19,Seafood
48425,3.8,20,Seafood
48162,3.8,219,Mangalorean
4750,3.1,69,Biryani
7026,3.3,7,North Indian
22618,3.7,91,North Indian
38723,3.5,7,South Indian
43866,,0,South Indian
43018,3.8,43,Kerala
1391,,0,Chinese
41935,,0,Biryani
41544,3.6,10,South Indian
2439,3.7,43,North Indian
2897,3.9,88,South Indian
1537,3.9,340,South Indian
40159,3.8,201,Andhra
29562,2.8,26,North Indian
5384,3.1,9,North Indian
437,2.8,25,North Indian
10769,3.2,5,North Indian
6824,2.9,18,North Indian
10910,3.0,32,North Indian
42108,3.9,115,Chinese
7001,,0,South Indian
42313,4.3,678,South Indian
7624,,0,South Indian
9651,,0,Hyderabadi
39343,3.4,5,Andhra
49097,,0,North Indian
3213,,0,South Indian
2120,3.8,133,Mangalorean
23506,3.4,8,Chinese
5605,,0,South Indian
15765,,0,South Indian
48245,3.6,121,North Indian
5705,,0,North Indian
3304,3.2,5,North Indian
12715,3.6,32,South Indian
40454,3.2,6,Chinese
43910,,0,Biryani
656,,0,North Indian
29227,3.6,21,South Indian
6053,,0,North Indian
7967,3.7,24,Biryani
46464,3.5,15,Chinese
13165,3.3,5,Fast Food
2946,2.9,13,North Indian
164,3.7,21,South Indian
48200,3.8,93,South Indian
22103,,0,South Indian
41826,3.9,63,North Indian
38690,3.6,16,Andhra
42300,3.5,9,South Indian
5321,4.2,93,South Indian
2047,,0,South Indian
4067,3.7,17,Burmese
17602,,0,North Indian
42430,,0,South Indian
5065,3.4,11,Biryani
3320,3.3,5,North Indian
552,,0,North Indian
41276,3.4,13,North Indian
537,3.6,21,North Indian
5757,,0,South Indian
23201,,0,South Indian
48900,,0,South Indian
40111,3.6,32,South Indian
1673,3.8,67,Tamil
17389,3.7,73,North Indian
17822,3.5,18,North Indian
2021,4.1,127,North Indian
3180,,0,North Indian
4797,3.6,13,Andhra
41912,3.5,36,South Indian
23619,,0,North Indian
3183,,0,South Indian
13728,3.7,125,Chinese
5175,3.6,10,North Indian
49118,3.0,6,South Indian
1655,3.5,13,North Indian
7016,,0,South Indian
1361,,0,South Indian
5217,3.1,6,North Indian
7247,,0,Andhra
48371,,0,South Indian
172,,0,North Indian
23679,,0,Biryani
38657,,0,South Indian
42500,,0,South Indian
10652,,0,South Indian
12832,,0,South Indian
13183,,0,Kebab
38668,,0,South Indian
8207,3.4,7,North Indian
41579,3.2,17,North Indian
4837,3.6,13,South Indian
9490,,0,South Indian
46272,,0,Chinese
2243,3.4,8,Kerala
5308,,0,South Indian
9874,3.3,6,North Indian
15,3.2,4,North Indian
24990,3.9,116,North Indian
11887,4.4,712,Mangalorean
3164,4.1,66,Mangalorean
40178,3.3,7,North Indian
2130,,0,South Indian
10208,,0,South Indian
39423,,0,South Indian
48516,,0,South Indian
2443,3.7,38,North Indian
40077,3.6,7,North Indian
42211,3.6,20,South Indian
5791,,0,South Indian
38730,,0,South Indian
6928,3.2,5,South Indian
1582,,0,North Indian
3929,,0,South Indian
3029,3.1,30,North Indian
46286,,0,Chinese
7800,,0,American
7201,,0,Asian
20788,,0,American
19990,3.8,81,Continental
21350,,0,Asian
40084,,0,Asian
7019,,0,Desserts
40117,,0,Desserts
3603,,0,Desserts
4280,,0,Desserts
41656,,0,Desserts
40162,,0,Desserts
40104,,0,Desserts
6894,,0,North Indian
21316,,0,North Indian
11776,4.7,3573,Continental
7372,4.8,4390,Continental
681,3.8,540,North Indian
8014,3.6,23,Beverages
12940,3.3,4,Chinese
13735,,0,Cafe
819,,0,North Indian
43164,3.8,60,Bakery
8203,3.1,6,Bakery
3449,3.9,44,Cafe
2267,4.1,93,Italian
4273,3.3,292,Bengali
917,4.1,466,North Indian
2332,3.2,68,South Indian
8730,3.8,320,Hyderabadi
2766,3.7,33,South Indian
17024,,0,Ice Cream
23101,4.0,175,Bengali
4230,3.4,17,Biryani
45941,4.0,820,Chinese
1035,4.3,2241,Chinese
41159,3.8,72,Chinese
46019,2.9,123,Chinese
5006,3.8,54,Biryani
42660,,0,North Indian
6080,3.5,10,North Indian
9134,4.6,311,North Indian
40490,4.0,165,North Indian
4924,3.8,257,North Indian
12600,,0,North Indian
6532,,0,Fast Food
30339,,0,Fast Food
9127,3.9,152,South Indian
29104,3.8,31,South Indian
6720,3.6,112,North Indian
7674,,0,Chinese
8494,,0,South Indian
19703,3.7,100,North Indian
8729,,0,North Indian
5343,3.8,60,Fast Food
3909,3.7,26,Biryani
2640,3.1,7,North Indian
7281,2.5,109,North Indian
43251,4.0,632,Continental
43324,3.4,8,BBQ
4098,3.6,15,North Indian
43400,,0,North Indian
12812,3.2,6,Chinese
42747,3.0,12,North Indian
22114,,0,Fast Food
7156,3.6,51,North Indian
5739,3.3,33,North Indian
17730,,0,Chinese
48664,,0,Fast Food
4271,,0,Chinese
1264,4.3,1463,Cafe
7586,,0,Fast Food
106,3.3,8,North Indian
5838,4.1,358,Chinese
923,3.0,16,Street Food
5955,,0,North Indian
11433,,0,Biryani
6401,3.0,54,Chinese
29046,4.0,203,Bengali
6500,3.3,21,North Indian
7271,,0,North Indian
24364,3.8,27,Cafe
22530,3.9,36,Continental
16134,4.0,40,Indonesian
41312,3.3,5,Chinese
107,3.1,9,South Indian
39342,3.5,112,Fast Food
10270,3.5,58,Fast Food
42292,4.5,96,South Indian
9026,,0,Biryani
7595,3.9,118,North Indian
6124,,0,Biryani
4663,3.0,137,North Indian
3934,4.1,1112,Biryani
9092,3.7,21,Biryani
14437,3.9,1615,Biryani
18548,3.5,374,Biryani
12176,4.3,1348,Biryani
4705,3.6,794,Biryani
3714,3.7,833,Biryani
46348,3.0,66,North Indian
23012,3.7,301,Biryani
5219,3.3,12,Chinese
40000,3.2,145,North Indian
23941,3.3,106,Hyderabadi
772,,0,Biryani
42089,4.1,213,Biryani
22610,4.0,268,Hyderabadi
4054,4.0,717,Hyderabadi
184,2.8,70,Seafood
177,3.7,198,North Indian
1017,3.7,101,Andhra
17411,3.2,30,Biryani
2037,,0,Hyderabadi
1631,3.8,237,Hyderabadi
2082,3.2,136,North Indian
3850,,0,Biryani
46267,3.0,100,Biryani
4081,3.4,33,Biryani
2179,,0,Biryani
20963,2.7,17,Biryani
6091,3.4,7,Hyderabadi
6045,,0,Biryani
21448,,0,Biryani
6203,,0,Biryani
3745,3.5,45,Biryani
2104,3.6,218,Biryani
5765,3.5,19,Biryani
17222,2.9,102,Biryani
721,,0,Hyderabadi
672,,0,North Indian
41268,3.7,23,Biryani
811,4.0,1369,Biryani
20919,4.0,593,Hyderabadi
4072,3.1,41,Hyderabadi
25614,3.4,10,Beverages
42106,,0,Biryani
38339,4.4,374,Finger Food
1118,,0,Desserts
3580,4.0,76,Juices
2251,3.4,6,North Indian
14550,3.8,617,North Indian
7820,,0,Fast Food
51569,3.4,6,Ice Cream
12951,4.0,93,Desserts
1231,3.9,33,Desserts
3446,4.0,59,Desserts
16752,4.0,129,Desserts
22269,3.9,90,Desserts
10978,4.0,197,Desserts
41587,3.6,39,Desserts
46122,3.9,81,Desserts
28785,4.2,349,Desserts
3814,4.0,289,Desserts
24323,3.9,84,Desserts
5860,3.7,54,Desserts
2294,3.9,41,Desserts
1314,3.8,78,Desserts
14542,4.1,608,Continental
43344,,0,Desserts
5399,3.0,96,Continental
23226,3.3,7,Fast Food
7939,3.4,8,Desserts
5152,,0,Ice Cream
16553,,0,Cafe
3277,3.7,26,Beverages
27306,3.6,29,Beverages
18160,3.6,14,Ice Cream
11689,3.1,21,Ice Cream
4320,3.9,84,Ice Cream
40784,3.5,13,Desserts
3458,4.1,192,Desserts
43219,3.2,25,Ice Cream
18036,,0,Ice Cream
21856,,0,Ice Cream
16980,3.0,16,Fast Food
48645,3.7,23,Ice Cream
48,3.6,34,Ice Cream
46274,3.4,6,Ice Cream
4733,3.7,39,Ice Cream
6119,3.7,17,Desserts
6235,,0,Ice Cream
21778,3.4,5,Desserts
67,3.7,42,Desserts
1926,3.8,124,South Indian
4565,3.8,42,Juices
1198,4.0,43,Desserts
30129,4.5,493,Desserts
8930,3.6,8,Desserts
12227,4.3,183,Desserts
22251,3.9,14,Desserts
18912,,0,South Indian
38509,4.1,60,South Indian
12104,4.2,51,South Indian
4422,3.5,26,North Indian
9047,2.6,91,South Indian
2128,,0,South Indian
32059,,0,South Indian
7169,3.2,148,South Indian
1889,3.3,4,Desserts
30291,3.4,10,Ice Cream
22105,,0,Fast Food
11697,3.1,7,Beverages
22089,3.7,14,Kerala
6724,,0,Fast Food
4649,4.0,117,Rolls
281,3.3,13,North Indian
3743,3.9,1838,North Indian
17026,,0,Fast Food
24136,3.2,4,Biryani
889,2.4,125,North Indian
3193,3.9,239,North Indian
724,3.7,264,North Indian
41739,3.8,253,North Indian
6735,2.9,238,North Indian
6433,3.6,241,Seafood
14566,3.9,366,North Indian
17740,3.7,487,Biryani
38616,3.2,4,North Indian
3586,3.9,22,Cafe
39837,4.3,2003,North Indian
16680,4.2,767,North Indian
22418,4.5,1228,North Indian
40837,4.4,2382,North Indian
46661,,0,Fast Food
1159,3.5,10,Juices
12084,3.6,118,Chinese
40855,4.3,246,Asian
12049,,0,Japanese
40884,4.0,89,Italian
9296,3.7,535,North Indian
23435,3.4,182,Chinese
1046,,0,North Indian
40650,,0,North Indian
1601,3.3,211,North Indian
7489,3.6,11,North Indian
886,2.8,83,North Indian
46322,,0,Fast Food
42759,3.7,14,North Indian
9312,3.3,9,Biryani
48926,,0,Biryani
49123,3.1,6,Biryani
42405,3.3,5,Biryani
20973,,0,North Indian
15151,4.0,1217,South Indian
7545,4.1,674,South Indian
4227,,0,Momos
7836,3.3,7,North Indian
7160,3.9,49,North Indian
799,,0,North Indian
2025,2.9,345,North Indian
1824,3.8,234,North Indian
13399,,0,Fast Food
665,3.2,10,North Indian
42099,4.2,485,North Indian
2519,3.0,8,Fast Food
7784,3.4,8,Fast Food
20866,,0,South Indian
42710,3.5,28,North Indian
10340,2.7,140,North Indian
2790,2.9,24,North Indian
3487,3.7,24,North Indian
47421,3.2,4,North Indian
832,3.7,214,North Indian
19180,,0,South Indian
2326,,0,North Indian
41919,3.3,5,Biryani
2361,3.4,23,Burger
9373,3.3,17,Burger
17175,3.5,53,Burger
42722,3.1,16,Burger
41482,3.7,21,Burger
9457,3.4,46,Burger
4074,3.5,28,Burger
24117,3.4,38,Burger
22776,3.3,4,Fast Food
11817,,0,Finger Food
11121,4.3,2349,Finger Food
23653,,0,South Indian
13832,,0,South Indian
6525,,0,South Indian
19121,,0,South Indian
47662,,0,South Indian
42387,3.3,5,South Indian
15432,3.5,21,South Indian
6427,3.6,27,South Indian
5084,3.6,17,South Indian
45742,3.1,6,South Indian
18109,,0,Street Food
17623,,0,North Indian
2723,4.0,72,Street Food
3379,2.8,138,North Indian
5334,3.2,7,North Indian
3924,2.8,105,North Indian
695,,0,Bakery
22367,3.1,27,Desserts
3869,3.6,29,Desserts
10496,3.5,27,Desserts
6013,,0,Desserts
4738,3.6,22,Desserts
20072,3.6,32,Desserts
42727,3.8,17,Bakery
5070,3.8,117,North Indian
5017,3.6,14,Continental
5574,4.1,399,North Indian
2731,4.3,860,Continental
13887,4.3,766,Continental
40979,3.8,67,North Indian
43240,3.6,46,North Indian
8613,3.9,197,South Indian
4117,4.0,167,Fast Food
16578,3.5,10,Burger
7285,3.6,10,Fast Food
737,,0,Burger
40214,3.3,12,Burger
849,3.0,10,Burger
22178,3.0,8,Beverages
7872,3.3,7,Beverages
7631,,0,Beverages
5668,,0,Beverages
40513,,0,Beverages
17078,3.1,6,Beverages
3122,3.9,152,North Indian
10036,3.7,270,North Indian
5726,,0,North Indian
4192,3.9,231,North Indian
24393,3.1,78,North Indian
17471,3.7,175,North Indian
21078,,0,Finger Food
20859,4.0,231,Fast Food
1185,2.9,7,Cafe
9186,,0,Bakery
4696,,0,Fast Food
6136,3.6,323,Pizza
7223,3.8,34,Bakery
5995,3.0,15,North Indian
2825,,0,Cafe
22687,3.2,1,North Indian
7749,3.9,63,Pizza
4583,3.9,41,Pizza
3512,3.4,41,South Indian
41311,3.5,8,South Indian
14023,3.7,28,Cafe
1191,3.1,19,Continental
9862,,0,North Indian
7682,,0,North Indian
15130,3.7,82,Italian
9958,,0,Italian
9148,3.4,12,Biryani
8517,3.9,310,North Indian
1529,3.8,210,North Indian
51306,3.5,38,South Indian
48746,,0,Bakery
1422,3.6,27,Bakery
1476,3.7,44,Bakery
25359,,0,Bakery
11681,,0,Bakery
7653,,0,Bakery
8796,3.5,11,Bakery
6971,,0,Bakery
2869,4.1,52,South Indian
12305,3.4,14,Bakery
44026,4.0,112,South Indian
41819,4.1,327,South Indian
2772,3.8,62,South Indian
19978,3.8,129,North Indian
1612,3.6,35,Seafood
1151,3.8,59,North Indian
14033,3.9,155,Cafe
20781,4.0,142,Fast Food
20431,3.7,690,Chinese
32089,3.3,6,Continental
29298,3.6,20,North Indian
20568,3.8,429,Biryani
5796,,0,South Indian
2042,3.6,35,North Indian
7508,3.2,8,North Indian
19578,,0,North Indian
42779,,0,North Indian
17969,,0,Andhra
24072,3.0,52,North Indian
48369,2.9,6,South Indian
38606,3.6,21,North Indian
28962,4.0,98,Street Food
7544,,0,North Indian
4263,3.8,47,Mithai
13331,,0,Mithai
32614,,0,North Indian
47312,,0,North Indian
1223,3.6,8,Bakery
14907,3.7,57,North Indian
17393,3.7,34,North Indian
1232,3.8,32,Desserts
41863,3.9,675,North Indian
431,4.0,866,North Indian
21029,4.2,2173,North Indian
1,4.1,775,North Indian
41118,3.2,8,North Indian
3479,4.5,3421,North Indian
20325,4.2,519,North Indian
22698,2.8,16,Cafe
24901,3.8,24,Beverages
49130,3.3,9,Biryani
1871,3.8,70,South Indian
28079,3.2,22,South Indian
8711,4.3,67,Cafe
5032,3.8,28,Healthy Food
4818,3.7,132,North Indian
38535,3.7,47,North Indian
41766,2.9,139,Hyderabadi
13734,3.7,39,North Indian
1344,2.6,157,Cafe
49018,3.6,41,North Indian
41683,3.5,25,Maharashtrian
42058,3.5,9,Mithai
845,3.5,35,Biryani
2745,3.6,60,Biryani
13354,3.1,21,South Indian
6779,,0,South Indian
2499,3.8,977,Finger Food
32055,,0,North Indian
46230,3.5,17,North Indian
29043,3.4,8,Biryani
21106,3.9,73,Chinese
15456,,0,North Indian
5386,,0,South Indian
16812,3.6,10,Bakery
24069,3.7,18,Fast Food
42314,4.3,1042,Finger Food
8019,2.8,37,Cafe
334,,0,Cafe
4814,,0,South Indian
17328,3.1,105,North Indian
7302,3.2,8,Seafood
12599,,0,South Indian
16698,4.0,2807,Mughlai
22212,3.4,6,Cafe
9035,,0,Arabian
1781,3.3,7,Biryani
8399,3.6,13,Fast Food
42171,3.5,17,Beverages
18692,3.9,815,American
23663,3.8,674,American
3611,3.9,40,Burger
17063,,0,Desserts
22139,,0,Fast Food
43192,3.4,10,Chinese
479,3.6,14,Healthy Food
23203,,0,South Indian
19878,3.6,23,North Indian
19413,,0,Chinese
7925,3.3,4,North Indian
37085,3.7,15,Mithai
16810,2.9,10,Mithai
644,3.8,29,Desserts
8378,3.7,22,Desserts
6320,3.7,43,Chinese
7551,3.9,66,North Indian
16934,4.1,59,North Indian
15305,4.1,1827,Italian
6104,3.7,31,Arabian
10895,,0,North Indian
43908,,0,North Indian
3702,4.3,315,Kerala
2176,3.3,6,Street Food
1402,3.2,9,Andhra
40512,,0,North Indian
21978,,0,North Indian
5794,3.6,24,Seafood
3427,3.8,127,Fast Food
22860,3.4,13,Juices
40350,3.6,17,Biryani
41980,,0,Fast Food
459,,0,Juices
7028,,0,South Indian
7769,,0,Fast Food
3703,3.4,18,Beverages
7726,,0,Beverages
5530,3.3,4,Juices
19536,3.8,42,Beverages
17790,3.7,45,Beverages
43884,,0,Fast Food
13179,3.1,10,Juices
21809,,0,Beverages
24918,,0,Beverages
15851,3.4,7,Beverages
24436,3.3,15,Beverages
7195,3.4,12,Beverages
4716,2.8,20,Juices
2914,3.9,69,Juices
3082,4.0,138,Juices
12241,4.0,101,Juices
20442,3.7,17,Juices
2813,3.7,17,Juices
4105,3.7,70,Beverages
4315,3.8,210,Juices
1868,3.7,57,Juices
5729,3.9,141,Juices
7776,3.1,28,Beverages
11711,,0,Juices
5135,,0,Burger
17568,,0,Biryani
32023,3.2,6,Juices
4267,3.5,22,Juices
4444,3.4,24,Juices
8386,3.7,15,Juices
5692,3.3,11,Street Food
17174,3.7,17,Juices
21104,,0,Juices
39916,3.6,9,Juices
24886,,0,Juices
19634,,0,Juices
9432,3.5,5,Burger
47241,3.4,32,Beverages
5535,3.8,29,Beverages
9370,3.7,68,Beverages
28933,3.9,164,Beverages
17127,3.7,38,Juices
21452,3.9,31,Beverages
972,3.8,38,Juices
15803,3.8,80,Beverages
1852,3.9,37,Beverages
8752,3.9,43,Beverages
6364,3.1,4,Bakery
7848,,0,Juices
8922,3.2,9,Juices
29502,,0,Beverages
3596,,0,Beverages
30232,3.6,69,Tibetan
1839,3.5,80,Tibetan
4667,3.1,21,Tibetan
27822,3.2,4,Tibetan
11858,3.9,281,Continental
17669,4.0,220,Cafe
4031,,0,Healthy Food
47343,2.7,23,Bakery
3810,3.8,122,Bakery
7941,3.2,46,Bakery
583,,0,Bakery
46213,3.5,24,Bakery
13243,3.5,33,Bakery
8325,3.3,77,Bakery
51530,3.5,10,Bakery
418,3.3,41,Bakery
6983,,0,Bakery
46376,2.6,84,Bakery
11556,3.6,154,Bakery
7205,2.6,22,Bakery
43424,3.7,63,Bakery
18605,3.7,81,Bakery
5057,2.9,65,Bakery
535,3.4,8,Bakery
25273,3.4,25,Bakery
16489,3.0,51,Bakery
26014,3.4,22,Bakery
48493,,0,Bakery
10087,3.6,18,Bakery
2090,3.2,14,Bakery
4416,3.4,6,Bakery
25145,2.9,19,Bakery
22306,3.0,38,Bakery
48609,3.5,14,Bakery
41883,3.4,16,Bakery
40200,3.5,11,Bakery
12862,3.4,7,Bakery
42777,3.7,23,Bakery
40728,3.8,38,Bakery
7512,3.4,24,Bakery
42034,3.0,38,Bakery
5945,3.7,36,Bakery
50907,3.4,15,Bakery
6096,3.8,12,Bakery
48655,,0,Bakery
15014,3.8,32,Bakery
12424,,0,Bakery
5234,3.4,11,Bakery
6895,,0,Sandwich
1512,3.5,11,Fast Food
585,3.4,22,Bakery
3908,3.4,54,Beverages
5568,3.8,80,North Indian
12826,3.7,34,South Indian
16425,,0,North Indian
1709,4.0,162,Street Food
21498,,0,North Indian
16485,4.1,176,Burmese
15804,3.4,6,Ice Cream
682,,0,Bakery
6663,3.4,18,South Indian
22377,3.4,5,North Indian
23545,3.4,5,Chinese
1168,3.6,10,Sandwich
10201,4.3,792,Arabian
2894,3.7,117,Arabian
872,3.9,160,Arabian
8162,3.8,170,Arabian
4000,3.9,78,Arabian
3202,3.8,66,Arabian
39121,3.8,179,Arabian
3430,4.0,410,Arabian
18597,3.8,197,Arabian
10135,3.9,201,Arabian
1436,3.9,176,Arabian
10090,3.8,110,Arabian
4678,3.6,137,Arabian
1426,3.6,16,South Indian
39352,3.6,78,North Indian
46187,3.1,7,Chinese
39023,4.3,476,Cafe
8409,4.4,2111,North Indian
21888,,0,North Indian
15527,,0,South Indian
2052,,0,South Indian
6905,3.5,17,South Indian
15762,,0,South Indian
7974,3.4,8,Mithai
22725,4.0,83,North Indian
569,3.1,30,Chinese
46132,4.0,105,South Indian
1332,3.9,39,Cafe
17044,3.7,22,North Indian
21043,4.1,515,North Indian
6016,3.5,6,Fast Food
48141,,0,Cafe
2929,,0,South Indian
1528,3.7,14,South Indian
20612,3.5,86,South Indian
22045,,0,Kerala
2774,4.0,47,Cafe
3700,3.9,321,Andhra
1977,3.4,52,Andhra
9209,3.3,4,Fast Food
3409,3.3,4,Fast Food
42198,2.8,26,Fast Food
3780,3.1,163,Fast Food
41485,3.8,251,Fast Food
31,3.3,184,Fast Food
15723,3.0,253,Kerala
20430,3.2,267,Kerala
12372,,0,North Indian
46248,,0,North Indian
41879,,0,Biryani
7022,,0,Arabian
3270,3.3,14,Biryani
5466,3.1,11,Biryani
307,3.2,4,Biryani
4080,3.9,205,North Indian
10095,3.9,879,North Indian
3699,4.0,957,North Indian
9547,3.9,74,North Indian
8388,3.7,311,North Indian
301,4.1,1720,North Indian
8101,2.9,317,North Indian
11524,3.9,984,North Indian
4171,3.1,281,North Indian
19640,3.0,451,North Indian
4690,2.9,243,North Indian
40216,2.7,165,North Indian
3893,3.7,66,Kebab
9297,3.8,228,North Indian
4211,,0,North Indian
43725,3.6,104,North Indian
43733,3.2,4,North Indian
19012,3.4,46,North Indian
4523,3.5,75,Chinese
24107,3.4,7,North Indian
41758,3.8,72,North Indian
9022,3.6,112,Kebab
42930,3.8,314,North Indian
1653,3.4,7,North Indian
6722,2.8,335,North Indian
39340,3.0,25,North Indian
4186,3.6,15,North Indian
1680,,0,North Indian
1778,,0,Biryani
5178,,0,Arabian
1986,,0,Biryani
18609,,0,Arabian
7802,,0,Arabian
40013,,0,Biryani
2096,3.4,22,South Indian
21878,3.6,24,North Indian
9461,3.1,570,Street Food
41636,3.6,73,North Indian
5344,3.8,263,Chettinad
24745,2.9,27,North Indian
3735,3.9,116,Biryani
7735,,0,Seafood
2007,3.7,50,Seafood
85,3.6,129,Mangalorean
4965,3.8,46,Seafood
393,3.8,153,Seafood
1097,3.6,16,South Indian
4615,3.7,30,Chinese
46316,3.6,74,South Indian
46591,,0,Fast Food
11185,3.3,50,Kerala
497,,0,Chinese
23902,,0,Cafe
6276,3.6,35,Fast Food
10972,3.5,16,North Indian
39019,,0,Cafe
454,3.8,64,Fast Food
9224,,0,North Indian
41546,4.2,418,Chinese
861,3.8,71,South Indian
8671,3.1,28,North Indian
555,2.6,84,North Indian
42163,3.1,116,North Indian
6982,2.7,67,North Indian
2492,3.9,170,Kerala
3888,3.9,94,Kerala
473,3.4,19,Kerala
8063,3.8,63,Cafe
2875,3.7,37,Asian
596,3.1,16,North Indian
204,3.4,86,North Indian
4934,2.6,42,North Indian
8882,4.0,60,Arabian
19719,3.7,205,North Indian
7531,3.9,30,South Indian
5232,3.7,217,North Indian
13453,3.8,89,Fast Food
5764,3.1,6,South Indian
46269,,0,North Indian
48661,,0,North Indian
9050,,0,Andhra
16135,3.4,13,South Indian
22479,,0,Fast Food
20900,3.1,11,North Indian
1756,3.9,179,Oriya
46350,3.3,7,Fast Food
509,3.6,19,North Indian
6547,,0,South Indian
3968,3.9,78,Cafe
39804,3.9,104,Cafe
1408,4.1,367,Cafe
39014,3.7,117,Cafe
8640,3.6,46,Cafe
15635,,0,Fast Food
29432,,0,Bengali
9831,3.4,8,North Indian
3831,3.9,126,South Indian
2879,3.9,99,South Indian
76,3.7,28,Chinese
7027,,0,South Indian
491,3.9,543,South Indian
42302,,0,South Indian
6734,3.6,60,North Indian
286,2.6,72,South Indian
1121,3.6,31,South Indian
1150,3.9,193,South Indian
46630,2.8,28,South Indian
40276,3.0,241,North Indian
12053,4.1,121,North Indian
6972,3.2,4,North Indian
6051,,0,Chinese
7879,3.5,12,Awadhi
7752,3.6,10,South Indian
6921,3.4,15,North Indian
5389,3.6,14,South Indian
544,,0,Mangalorean
2273,3.1,18,Kerala
9976,4.0,137,Kerala
1536,3.7,214,Kerala
22065,3.7,50,South Indian
4481,3.9,51,Tea
19314,,0,Beverages
4234,3.9,77,North Indian
22728,3.9,93,North Indian
7293,,0,Kerala
3226,,0,Desserts
39874,3.9,51,Mithai
8296,4.2,115,Mithai
46466,3.5,14,Mithai
9895,3.9,100,Mithai
4905,4.0,182,Mithai
51538,3.7,70,Mithai
3716,4.0,152,Mithai
46373,4.0,132,Mithai
35365,3.8,49,Mithai
3200,3.9,58,Mithai
41995,3.9,63,Mithai
477,3.6,16,Mithai
47474,4.1,102,Mithai
780,4.0,115,Mithai
10392,3.9,148,Mithai
24085,4.0,154,Mithai
17284,4.2,218,Mithai
15303,3.9,123,Mithai
30236,3.9,68,Mithai
41527,3.8,113,Mithai
23474,3.8,92,Mithai
2103,3.8,151,Mithai
46121,4.0,159,Mithai
22258,3.4,4,Mithai
7921,3.5,13,Mithai
48887,3.7,18,Mithai
6061,3.6,20,Mithai
44056,3.4,28,Mithai
42714,3.8,46,Mithai
17544,3.1,63,Mithai
4477,4.4,889,Konkan
6589,3.3,334,Biryani
22408,4.1,470,North Indian
8727,4.0,917,North Indian
269,4.2,150,North Indian
18977,4.2,2992,North Indian
24113,,0,Rolls
40700,4.1,42,Bakery
5834,,0,Bakery
3463,3.9,59,Bakery
22066,,0,Bakery
4517,3.7,16,Bakery
3576,3.3,5,Bakery
4425,3.9,163,Andhra
1831,3.7,214,South Indian
3847,3.8,9,Arabian
11496,4.1,1555,Arabian
4645,3.5,16,Arabian
8560,3.4,11,Arabian
2440,,0,Arabian
3124,4.4,2867,Arabian
17062,3.5,13,Arabian
41689,3.6,23,North Indian
1204,3.5,90,Seafood
2748,3.4,10,Mangalorean
1316,3.1,30,South Indian
4660,3.7,26,Mangalorean
7428,,0,North Indian
4190,3.1,85,Mangalorean
10053,3.7,28,Mangalorean
10771,3.3,4,Kerala
41595,4.0,172,South Indian
1205,3.7,51,South Indian
38679,3.5,10,Mangalorean
15087,,0,Biryani
2845,,0,South Indian
4598,3.1,40,South Indian
13914,4.5,674,Mangalorean
284,3.2,4,South Indian
3391,3.6,32,North Indian
41723,3.9,363,Cafe
5518,4.1,988,Cafe
40848,3.9,268,South Indian
42062,3.7,10,Fast Food
17914,3.2,8,North Indian
122,4.4,181,Beverages
3184,,0,Street Food
17849,3.9,65,Street Food
416,4.1,449,Street Food
7869,,0,Biryani
6475,3.4,10,North Indian
23670,,0,Biryani
48934,3.3,4,Biryani
41657,,0,Biryani
42235,,0,Biryani
42423,3.3,4,Biryani
49128,3.2,5,North Indian
38627,,0,Street Food
22130,3.4,6,Chinese
21738,3.5,22,Mithai
40712,3.8,72,Mithai
4351,4.1,110,Mithai
16421,,0,Bengali
1891,,0,South Indian
27095,,0,South Indian
6780,3.1,40,North Indian
490,3.2,96,North Indian
1985,2.8,44,Rolls
2059,,0,South Indian
531,3.2,4,North Indian
1164,3.3,4,Healthy Food
5414,4.0,32,Healthy Food
614,,0,Beverages
48119,4.0,617,North Indian
3434,3.9,284,North Indian
48745,3.4,10,North Indian
16703,3.9,69,North Indian
3347,4.0,42,South Indian
42073,,0,Bakery
15623,2.9,10,South Indian
5216,3.8,138,Desserts
13879,4.4,858,Asian
37104,4.4,885,Asian
39946,3.4,38,North Indian
5113,3.9,371,Mithai
48743,,0,Mithai
22291,3.2,29,Mithai
16813,3.0,18,Mithai
25214,2.9,56,Mithai
5874,3.5,20,Mithai
11559,2.9,46,Mithai
46414,3.0,32,Mithai
17972,2.9,52,Mithai
41619,3.0,36,Mithai
123,2.9,31,Mithai
1245,3.6,46,Mithai
8377,3.3,29,Mithai
6179,3.3,5,Mithai
29105,3.4,7,Kebab
14331,4.3,355,North Indian
7210,4.0,138,North Indian
6969,,0,North Indian
867,4.3,630,North Indian
6600,3.9,202,Cafe
4997,3.3,11,North Indian
4264,,0,Andhra
6459,3.6,31,Chinese
25210,3.4,38,Chinese
3975,3.7,87,Chinese
22135,3.3,6,Goan
15180,4.0,102,Andhra
48538,3.2,46,North Indian
4654,3.5,10,Desserts
6533,,0,South Indian
44069,3.2,4,Kerala
42810,,0,Kerala
42402,,0,Kerala
5623,,0,South Indian
2442,,0,Kerala
7575,3.5,10,Kerala
13836,,0,Kerala
185,3.4,82,Kerala
5338,3.2,33,Kerala
8048,3.4,19,Kerala
308,3.2,8,Kerala
24071,2.9,40,Chinese
19705,3.6,33,Kerala
3673,3.7,123,Kerala
29016,,0,Kerala
3654,3.5,137,Kerala
9044,3.9,302,Kerala
41573,3.5,11,Biryani
77,3.4,66,Kerala
17491,3.9,162,Kerala
5039,,0,South Indian
17632,3.6,80,Kerala
2111,3.9,34,North Indian
36689,,0,North Indian
7799,3.6,48,North Indian
8340,4.0,213,North Indian
22726,3.9,47,North Indian
17665,4.1,1123,North Indian
6948,4.2,1214,Rajasthani
41885,4.2,174,Rajasthani
15649,3.2,7,North Indian
14597,3.1,18,Healthy Food
22468,3.8,140,Healthy Food
2383,3.5,15,Healthy Food
2151,3.2,6,Tea
31259,3.4,10,Tea
3762,3.3,4,Tea
37190,,0,Tea
28173,,0,Tea
11244,,0,Tea
21304,3.1,16,Tea
4362,,0,Tea
24897,2.9,9,Tea
42985,,0,Tea
41675,3.2,4,Tea
48387,3.3,9,Tea
46184,,0,Tea
5156,3.3,9,Tea
19949,3.2,4,Tea
1703,3.7,110,Fast Food
46251,3.3,4,Fast Food
17385,3.9,89,Desserts
1671,3.7,54,Desserts
40038,2.9,79,Beverages
42003,3.7,104,Desserts
25303,3.9,45,Desserts
12906,3.0,14,Desserts
22264,3.7,34,Desserts
24391,4.0,169,Desserts
48654,3.7,39,Beverages
51559,3.9,106,Beverages
3570,3.9,54,Desserts
8299,3.8,26,Beverages
39102,3.9,129,Desserts
9702,4.0,568,Desserts
4176,3.6,18,Desserts
49465,3.6,12,Beverages
18720,3.6,63,Desserts
1423,3.9,210,Desserts
31058,3.2,6,Desserts
45990,3.9,17,Desserts
8840,3.6,11,Desserts
5206,3.8,29,Desserts
5908,3.7,103,North Indian
16767,2.8,161,Chinese
906,3.8,115,Chinese
2163,3.4,17,Biryani
717,3.8,505,Burger
32185,3.8,477,Burger
17756,3.3,358,Burger
6477,3.3,263,Burger
8612,3.8,369,Burger
9985,3.9,348,Burger
19051,3.1,668,Burger
23139,3.1,616,Burger
1682,3.5,154,Burger
20923,3.9,682,Burger
48203,3.8,373,Burger
1876,3.8,319,Burger
4588,3.9,437,Burger
18129,2.8,246,Burger
27898,3.7,205,Burger
13788,3.8,191,Burger
1913,3.6,621,Burger
3056,3.6,206,Burger
31729,3.9,654,Burger
39883,3.5,325,Burger
3855,3.2,380,Burger
22348,3.1,420,Burger
42900,3.9,536,Burger
14450,3.9,327,Burger
46042,3.9,581,Burger
6851,3.6,20,Burger
41101,3.9,167,Burger
42152,4.0,192,Burger
41239,,0,North Indian
2225,3.9,50,Bengali
5787,,0,Biryani
4529,,0,North Indian
5572,,0,Biryani
5598,3.1,16,North Indian
15437,3.4,25,Fast Food
18657,3.8,303,Fast Food
13481,3.8,62,Fast Food
24769,3.1,34,Fast Food
41654,3.7,114,Fast Food
4975,3.2,135,Biryani
3091,3.9,134,Fast Food
42225,2.6,24,Fast Food
2941,4.0,1074,Fast Food
15915,3.9,185,Fast Food
23235,,0,Biryani
5786,3.0,11,Biryani
4012,3.7,22,North Indian
1656,3.6,15,North Indian
41055,,0,Chinese
16127,,0,North Indian
7249,,0,North Indian
25991,3.5,19,North Indian
21982,,0,Maharashtrian
20695,3.5,17,North Indian
1596,4.2,189,Street Food
7033,4.3,988,Chinese
12202,4.1,356,North Indian
21762,,0,Mithai
6951,3.9,15,North Indian
27194,,0,North Indian
401,3.6,46,Andhra
46055,4.0,154,Fast Food
23240,,0,Biryani
14493,3.3,69,Street Food
22557,3.9,240,Biryani
9384,3.5,12,North Indian
42786,2.9,48,Bengali
11937,4.0,528,Burger
783,3.1,22,Fast Food
481,3.5,52,South Indian
19732,3.8,207,Kerala
4314,3.6,32,North Indian
24011,3.7,306,North Indian
22333,3.4,10,Salad
16544,3.8,264,Chinese
41862,3.8,149,Chinese
1330,3.5,11,South Indian
42806,,0,South Indian
5392,3.6,15,South Indian
2413,3.7,570,North Indian
19554,3.1,11,Fast Food
32017,,0,Chinese
4434,3.8,63,Chinese
21191,3.7,25,South Indian
3959,3.8,52,North Indian
1944,3.7,45,North Indian
16956,,0,North Indian
9235,,0,North Indian
20856,3.5,11,Biryani
22016,3.1,12,North Indian
3370,,0,Chinese
17571,,0,Biryani
17055,,0,Biryani
32095,,0,Biryani
5225,3.3,7,Biryani
8658,,0,Biryani
4551,3.9,64,Lebanese
104,3.8,144,Chinese
46617,3.5,14,Fast Food
16057,3.5,11,South Indian
21803,3.4,7,Desserts
51091,,0,North Indian
228,3.6,244,North Indian
41903,4.1,196,Maharashtrian
6986,,0,South Indian
24016,3.8,306,Rolls
41861,3.8,27,South Indian
9974,4.1,569,Fast Food
43012,3.8,210,Bengali
4398,4.3,787,BBQ
4446,4.0,48,Japanese
19014,3.3,6,North Indian
17513,3.6,18,North Indian
19230,,0,North Indian
29376,3.4,9,Seafood
5747,,0,Italian
20971,,0,South Indian
1754,3.9,224,Biryani
20799,,0,Italian
8657,3.1,247,Biryani
4170,3.9,488,Biryani
39838,3.9,125,Italian
17018,3.4,215,Biryani
981,4.2,800,North Indian
41724,3.6,43,Fast Food
42249,4.1,179,Finger Food
6298,,0,North Indian
3235,3.1,59,Biryani
3229,3.7,37,Biryani
46531,3.5,14,Kerala
35289,4.2,209,European
24765,3.5,15,North Indian
17259,2.4,25,Chinese
3384,3.4,239,North Indian
7380,3.8,52,Continental
11220,4.1,1786,American
4594,4.1,1120,American
15458,4.1,1473,American
28394,4.0,398,American
43699,3.2,4,North Indian
46254,3.3,4,Chinese
6590,4.0,193,Thai
5846,,0,Chinese
9251,,0,South Indian
391,3.7,22,Fast Food
42677,3.9,412,Biryani
40021,3.8,40,Biryani
21215,3.5,14,Fast Food
20507,3.6,37,Chinese
41577,,0,Fast Food
46261,3.4,4,Rolls
4780,3.5,11,Rolls
19055,,0,Fast Food
6681,3.4,7,Fast Food
24643,,0,Fast Food
20285,,0,Rolls
40987,3.5,7,Fast Food
5715,,0,Rolls
41923,,0,Rolls
25367,,0,Rolls
46151,3.8,79,Fast Food
21945,3.1,4,Fast Food
7065,3.6,18,Fast Food
42883,,0,Fast Food
20584,3.4,8,Fast Food
43929,3.8,60,Fast Food
4318,,0,Rolls
6233,3.1,25,Fast Food
28610,3.8,53,Fast Food
46354,,0,Rolls
46552,3.5,22,Rolls
19537,3.4,8,Fast Food
6658,3.6,36,Fast Food
46698,3.4,4,Rolls
21896,,0,Rolls
17116,,0,North Indian
1207,3.6,18,Fast Food
3084,3.8,23,Rolls
46149,3.4,14,Rolls
24951,2.9,17,Fast Food
1771,3.4,6,Fast Food
1789,3.2,231,North Indian
41237,,0,Street Food
46599,,0,Fast Food
46318,3.0,14,Bengali
17185,3.0,19,North Indian
1115,3.0,7,Bengali
9114,3.6,15,Fast Food
658,3.3,6,Fast Food
24073,3.5,35,Rolls
9124,3.5,142,Rolls
50891,3.6,52,Rolls
15365,3.5,22,Fast Food
43385,2.8,11,Bengali
4383,3.7,23,Street Food
46329,,0,Rolls
20886,3.2,15,Chinese
5155,,0,Rolls
291,3.9,206,South Indian
15545,3.6,135,Maharashtrian
5806,4.0,102,South Indian
47411,,0,North Indian
17068,,0,North Indian
9215,,0,North Indian
30468,,0,North Indian
6163,,0,North Indian
362,3.2,90,North Indian
5537,4.1,407,North Indian
8483,4.1,1022,North Indian
12243,3.9,155,North Indian
138,3.2,379,North Indian
4001,3.8,571,North Indian
5265,3.6,13,Desserts
22107,,0,Chinese
41558,3.4,8,Ice Cream
48659,,0,Ice Cream
43521,,0,Desserts
5883,4.1,1697,North Indian
7085,,0,Bakery
3926,3.8,36,Kerala
2614,4.6,4650,American
2947,4.0,571,Bengali
13150,3.6,52,Bakery
14017,3.9,2322,South Indian
1758,4.3,3605,Street Food
1558,3.1,9,North Indian
483,3.5,10,South Indian
18488,3.0,9,Kebab
48549,,0,Fast Food
1336,4.0,431,Cafe
163,4.2,1901,Cafe
4850,4.1,61,Desserts
19567,3.4,20,Bakery
406,,0,North Indian
20281,3.6,17,North Indian
562,,0,North Indian
19792,,0,North Indian
7392,3.2,42,South Indian
4207,4.0,396,South Indian
4504,4.0,117,South Indian
23678,,0,South Indian
426,3.5,31,North Indian
1914,3.9,52,South Indian
2988,3.5,40,North Indian
5772,3.5,13,Biryani
40434,,0,Beverages
5064,3.7,14,Desserts
22270,3.9,87,Desserts
14669,4.1,259,Desserts
8678,4.2,449,Desserts
3489,4.0,47,Desserts
11273,3.9,150,Desserts
38205,3.4,10,Desserts
1418,4.0,253,Desserts
41526,4.1,196,Desserts
39997,4.0,130,Desserts
5687,3.4,5,Desserts
6992,3.8,1159,Andhra
834,3.8,473,Andhra
40407,3.7,856,Andhra
4683,3.8,1972,Andhra
17939,2.9,595,Andhra
7738,2.6,330,Andhra
17533,3.5,5,Bakery
13261,3.2,4,North Indian
22108,,0,Fast Food
1555,,0,Bakery
8837,3.6,289,Andhra
40240,3.0,52,Andhra
444,3.4,20,Chinese
15778,,0,South Indian
34441,3.5,27,Biryani
18467,3.7,54,Andhra
32636,,0,South Indian
29048,,0,North Indian
48396,3.4,10,Andhra
9247,,0,North Indian
19948,3.8,47,Kerala
41850,3.8,280,Seafood
457,4.1,353,South Indian
41725,3.5,141,North Indian
15773,3.4,13,North Indian
47095,3.5,14,North Indian
30276,3.5,7,Ice Cream
7299,3.7,46,Ice Cream
543,,0,Ice Cream
8195,3.3,4,Ice Cream
8062,3.4,5,Ice Cream
8458,,0,Desserts
735,3.7,13,Ice Cream
4815,3.4,5,Desserts
41994,,0,Desserts
4089,3.4,5,Ice Cream
1594,3.9,16,Ice Cream
313,,0,Cafe
3295,3.4,6,South Indian
1146,3.9,331,North Indian
6979,3.5,9,Juices
4535,3.8,1166,Kerala
5089,3.8,66,South Indian
12781,,0,South Indian
6770,3.6,11,Andhra
16885,4.0,869,North Indian
14390,3.8,189,Hyderabadi
2081,3.7,111,Andhra
6931,,0,Chinese
5606,,0,Chinese
46637,3.4,8,North Indian
8526,4.6,342,Desserts
13226,,0,North Indian
48940,,0,Fast Food
41784,,0,Fast Food
41801,3.0,99,North Indian
46541,3.5,21,Street Food
46345,3.6,76,Street Food
25424,,0,Bakery
2525,3.6,140,Kerala
24083,3.9,247,Kerala
2697,2.8,261,Kerala
46315,3.6,17,Seafood
3625,3.7,91,Bakery
43446,2.9,17,Ice Cream
593,2.9,25,Ice Cream
39033,4.1,184,Continental
3938,3.7,63,North Indian
7823,3.4,8,North Indian
2773,3.4,6,Continental
19305,4.2,261,Asian
41797,3.3,6,Chinese
7937,3.2,6,Bakery
11517,3.9,53,Bakery
46397,,0,Bakery
5248,3.5,6,Desserts
11407,4.1,33,Desserts
17281,3.5,9,Desserts
35217,3.7,18,Continental
35191,4.1,309,North Indian
882,3.6,571,Continental
4121,4.4,1381,Finger Food
7951,3.8,47,Cafe
40412,,0,French
2753,3.8,46,Cafe
41690,3.8,87,Bakery
1562,,0,South Indian
29083,,0,Italian
16846,3.9,71,Bakery
40554,3.6,17,North Indian
17005,3.2,5,North Indian
29229,3.1,6,North Indian
12428,,0,North Indian
42735,3.2,4,North Indian
41951,,0,North Indian
6255,,0,North Indian
46284,,0,North Indian
5435,,0,North Indian
21814,,0,North Indian
51436,,0,North Indian
25656,,0,North Indian
24098,,0,North Indian
40481,3.1,5,North Indian
42846,,0,Fast Food
1188,,0,Cafe
1620,4.1,497,Italian
5465,3.6,151,Italian
28203,3.6,31,Fast Food
7792,3.3,7,Kerala
549,2.8,124,North Indian
2918,3.4,277,North Indian
15405,2.9,229,North Indian
4348,2.9,163,North Indian
21050,4.0,407,North Indian
5083,,0,Bakery
14002,3.7,17,Cafe
6003,,0,Bakery
22248,,0,Desserts
14021,2.9,539,Desserts
8762,4.0,1443,Desserts
16388,3.8,286,Desserts
22883,,0,South Indian
47927,3.4,6,Chinese
7561,,0,South Indian
41854,3.3,13,South Indian
38497,4.3,206,South Indian
1589,2.9,83,Biryani
7753,,0,Mithai
1706,3.0,22,South Indian
15735,,0,South Indian
6981,3.6,162,North Indian
1038,,0,North Indian
17738,3.6,0,North Indian
46245,4.0,66,Thai
195,3.7,16,Mithai
46341,,0,Italian
18874,2.9,14,Beverages
20065,3.3,16,Beverages
48482,3.2,4,Fast Food
5543,,0,Juices
20752,4.0,65,Beverages
2765,3.4,13,Juices
42528,3.6,11,Cafe
5663,3.6,23,Beverages
3432,3.4,16,Beverages
10520,3.8,41,Beverages
18365,3.7,141,Beverages
776,3.7,107,Beverages
3677,3.8,68,Beverages
12439,,0,Beverages
22043,3.4,19,Beverages
4136,3.4,15,Beverages
24686,2.9,28,Beverages
48339,3.5,18,Beverages
853,3.3,68,Beverages
21444,3.7,28,Beverages
7496,,0,Beverages
5085,3.2,9,Beverages
20862,3.5,154,Beverages
21404,3.6,23,Beverages
40015,3.3,16,Beverages
4911,,0,Beverages
4492,3.6,11,Ice Cream
6221,,0,Beverages
5567,,0,Beverages
29444,,0,Beverages
43451,3.1,6,Beverages
22183,,0,Beverages
22110,,0,Desserts
16442,3.5,12,Beverages
3624,,0,Beverages
20804,3.5,12,Beverages
21018,3.6,39,Beverages
41945,,0,Street Food
3918,,0,Desserts
42023,,0,Beverages
6831,3.3,4,Beverages
8029,3.3,7,Beverages
20798,3.7,152,Beverages
4933,3.7,35,Beverages
18534,3.7,11,Beverages
46449,3.6,16,Beverages
6105,,0,Ice Cream
49508,3.3,10,Beverages
41481,3.9,81,Beverages
4723,3.9,38,Beverages
2522,3.9,38,Beverages
3836,3.8,83,Beverages
48622,,0,Beverages
14575,3.9,32,Beverages
21984,3.5,7,Beverages
14871,4.0,213,Beverages
46029,3.8,76,Beverages
17,3.5,45,Beverages
25227,3.7,17,Beverages
726,3.9,169,Beverages
7926,3.7,54,Beverages
4769,3.5,9,Beverages
12924,3.7,17,Beverages
8697,4.1,216,Beverages
10423,3.7,21,Beverages
6153,,0,Beverages
43431,3.8,20,Beverages
3921,3.9,152,Beverages
39971,3.9,73,Beverages
1739,3.4,12,Beverages
6452,3.2,7,Beverages
88,3.4,7,Beverages
41860,,0,Beverages
5917,3.7,288,North Indian
5885,3.6,117,North Indian
182,3.0,17,North Indian
17302,2.8,43,North Indian
6299,,0,North Indian
42261,3.7,42,North Indian
40853,3.9,327,North Indian
3545,4.3,397,Finger Food
22390,3.5,9,Cafe
13780,4.4,1095,Cafe
3249,3.8,10,Bakery
40832,3.9,51,Mediterranean
4947,3.2,908,North Indian
10743,2.4,318,North Indian
5282,2.7,52,North Indian
41541,4.0,49,North Indian
10708,3.1,7,North Indian
46233,,0,North Indian
5590,,0,Arabian
16419,3.4,11,North Indian
19455,3.0,28,Fast Food
4217,3.9,119,Continental
42789,3.9,56,North Indian
39346,3.7,27,Sandwich
4527,3.8,41,Fast Food
9170,,0,Fast Food
13766,4.3,1235,Cafe
20259,,0,Biryani
8937,,0,Mughlai
41511,4.4,1016,North Indian
3787,,0,North Indian
14859,4.4,580,French
46950,4.4,593,Fast Food
4090,,0,Continental
12522,3.8,33,Bakery
37044,3.8,33,Bakery
36731,3.8,33,Bakery
18350,3.9,328,Arabian
4532,4.0,162,Arabian
7911,3.5,53,Arabian
20473,4.3,126,French
4550,4.4,536,Desserts
8454,4.3,687,European
43647,3.9,92,Continental
4793,4.0,1207,Continental
21953,3.9,52,Fast Food
7829,3.2,4,North Indian
23377,3.4,122,Arabian
21816,,0,North Indian
39386,3.2,4,Chinese
22132,3.8,104,Kerala
5268,3.8,41,Bakery
219,,0,South Indian
23058,,0,Cafe
43655,3.1,12,North Indian
40209,4.0,39,Bakery
7513,3.4,12,South Indian
41012,,0,North Indian
40034,,0,Burger
21015,,0,Burger
21913,,0,Chinese
39950,3.9,38,Fast Food
12100,4.3,165,Burger
14372,4.2,1327,Burger
11280,4.3,1099,Turkish
22754,4.2,386,Burger
19148,4.2,315,Burger
1644,4.1,417,Burger
18487,4.0,652,Turkish
2853,4.3,285,Burger
39044,4.0,334,Fast Food
23988,3.7,215,Chinese
16381,3.4,15,Chinese
9851,,0,Fast Food
15558,,0,Chinese
7928,3.5,6,Chinese
23651,3.5,12,Chinese
9116,,0,Finger Food
40480,3.4,7,North Indian
20550,3.9,108,Finger Food
4959,3.2,4,Continental
15025,3.4,10,North Indian
37789,3.4,10,North Indian
29481,,0,North Eastern
3582,3.7,94,Cafe
23354,3.3,4,Chinese
17398,2.9,8,North Indian
7965,,0,Fast Food
16357,,0,Beverages
5369,,0,Fast Food
13696,4.0,420,Continental
6634,3.3,26,Chinese
46648,,0,Fast Food
46208,4.3,252,North Indian
2809,,0,Fast Food
2339,3.3,5,North Indian
42966,3.8,76,Chinese
14874,4.0,98,Finger Food
4894,3.8,202,Chinese
5347,,0,Bihari
18479,3.9,195,North Indian
30307,4.2,106,Bihari
3564,4.2,465,North Indian
46232,3.8,184,Fast Food
8932,3.6,7,Cafe
21690,4.0,35,Bakery
1573,3.7,54,Cafe
12000,4.0,101,Chinese
8713,4.3,786,Cafe
3500,4.3,715,Italian
13591,4.3,3275,Italian
38976,4.3,354,Italian
22475,4.2,405,Salad
3383,3.6,82,Salad
14897,3.9,97,Bengali
4172,4.0,235,Mughlai
19883,3.1,46,Juices
40055,3.8,133,Biryani
16572,3.9,346,Oriya
5602,3.6,32,Mughlai
6944,3.3,4,Chinese
7088,,0,Bakery
5106,3.8,20,Chinese
16598,3.7,35,Healthy Food
5693,3.4,11,Bakery
40557,3.6,13,North Indian
763,3.7,177,Continental
46287,,0,South Indian
24556,3.7,46,Cafe
2669,2.9,45,Cafe
8964,3.4,4,North Indian
12657,,0,Fast Food
13541,4.3,3586,Continental
42980,3.2,61,Pizza
15404,4.2,172,Continental
3933,3.1,27,North Indian
15260,,0,North Indian
30855,,0,North Indian
42792,3.3,10,North Indian
19310,,0,North Indian
21454,,0,North Indian
1048,3.9,56,North Indian
11075,3.1,4,Pizza
1270,4.7,1022,Cafe
40370,4.0,21,Cafe
39797,4.0,22,Cafe
46264,,0,North Indian
14602,4.2,175,Continental
15065,3.3,13,North Indian
8135,,0,North Indian
12001,3.8,157,Continental
5254,3.5,356,North Indian
14113,3.9,1717,Continental
16515,3.2,16,Continental
375,2.9,84,Chinese
5253,3.0,21,North Indian
4152,3.7,21,Mughlai
2759,3.5,323,Lucknowi
48596,3.4,7,Fast Food
40307,4.0,38,Fast Food
6898,3.4,9,Biryani
7901,,0,South Indian
20308,3.9,144,Cafe
8950,,0,Bakery
40241,3.6,84,North Indian
372,3.3,5,Burger
5858,3.6,19,Desserts
6736,,0,North Indian
21976,,0,North Indian
22293,,0,Desserts
4240,3.7,160,Kerala
12065,3.6,777,Chinese
4319,3.5,18,North Indian
15023,3.7,11,North Indian
19926,3.9,217,North Indian
38980,4.5,409,North Indian
41824,3.9,33,South Indian
17051,,0,Chinese
5208,3.2,53,Fast Food
3428,,0,Bakery
921,3.9,75,Finger Food
16704,4.1,821,North Indian
5624,,0,Beverages
2150,,0,Chinese
7449,3.5,14,Cafe
5815,,0,North Indian
17180,3.3,9,Street Food
8124,3.9,184,Chinese
23578,3.6,92,Arabian
3019,2.7,67,Arabian
6483,3.5,7,Arabian
17802,3.2,789,Arabian
15768,,0,South Indian
7639,3.1,10,North Indian
9755,3.1,8,Biryani
1728,3.7,61,Biryani
48583,3.3,12,North Indian
40556,3.7,19,Bengali
3884,4.1,152,North Indian
17830,4.0,901,North Indian
3321,3.9,296,North Indian
21294,2.6,59,Biryani
3042,2.8,137,North Indian
3293,3.6,21,North Indian
517,3.2,4,North Indian
7781,,0,North Indian
41915,,0,North Indian
20861,3.7,945,Biryani
1062,3.8,49,Biryani
2407,3.0,50,Biryani
2154,,0,North Indian
1843,3.8,50,Chinese
7265,3.3,4,Fast Food
1624,3.8,21,Bengali
15473,3.9,27,Street Food
22169,,0,Beverages
833,3.6,17,North Indian
46312,3.1,33,North Indian
17298,2.8,50,Fast Food
5116,,0,Mangalorean
5626,3.9,34,Mangalorean
516,,0,Seafood
793,3.9,146,Chinese
546,3.8,12,Desserts
4452,,0,Fast Food
41334,3.3,6,North Indian
16751,3.4,9,Biryani
42720,,0,North Indian
25906,3.1,9,North Indian
4893,3.3,9,North Indian
4360,2.9,17,North Indian
41627,3.9,130,Bakery
6231,3.1,17,Bakery
4241,3.9,148,Bakery
2165,4.2,702,Bakery
21761,3.9,124,Bakery
43149,3.9,46,Bakery
19735,3.7,28,Bakery
17227,,0,Bakery
40019,4.2,372,Bakery
46090,3.4,43,Fast Food
5280,3.8,35,Cafe
42237,,0,Fast Food
41533,3.2,71,Fast Food
22460,3.9,89,North Indian
4408,3.9,50,North Indian
1851,3.9,236,North Indian
3325,,0,North Indian
9270,,0,Bakery
908,3.4,14,South Indian
18051,3.6,19,Bakery
5271,,0,North Indian
18913,3.0,17,North Indian
43071,,0,Bengali
42378,3.7,27,North Indian
333,3.4,13,Biryani
16806,4.0,72,Cafe
34565,,0,South Indian
28833,2.9,38,Chettinad
677,,0,South Indian
6879,,0,South Indian
43813,3.6,63,South Indian
23589,3.3,16,South Indian
47666,3.4,17,South Indian
41156,2.9,141,South Indian
16517,3.7,722,South Indian
43758,2.9,69,South Indian
32159,3.7,468,South Indian
7952,2.2,187,South Indian
4592,3.6,27,South Indian
5570,,0,North Indian
23860,,0,Biryani
19687,,0,Biryani
7072,,0,Street Food
2570,3.4,22,Fast Food
9322,,0,Fast Food
40341,,0,North Indian
12493,,0,Biryani
954,3.6,98,North Indian
5502,3.3,21,South Indian
24186,,0,North Indian
1415,3.7,47,Fast Food
648,4.0,135,Cafe
463,3.1,22,North Indian
668,,0,North Indian
21864,,0,Desserts
3828,3.7,184,Fast Food
5460,4.1,668,Chinese
3943,3.9,218,Andhra
1585,3.3,4,South Indian
42418,3.7,22,South Indian
1987,4.1,181,South Indian
12276,3.1,7,North Indian
829,2.7,75,North Indian
6177,3.9,38,Pizza
1960,2.9,127,Chinese
11688,4.1,860,Seafood
14293,4.6,116,Chinese
4043,4.3,996,Continental
6865,,0,North Indian
38962,4.5,1150,Chinese
16701,4.7,1512,Chinese
13590,4.4,1507,Chinese
277,4.3,881,Chinese
3498,4.5,1401,Chinese
22407,4.5,1013,Chinese
41679,3.9,291,South Indian
1346,4.0,1778,North Indian
46572,3.9,37,South Indian
41033,3.6,79,Bengali
4761,3.9,337,North Indian
42389,3.5,14,North Indian
4752,3.8,33,Rolls
4182,3.9,39,Beverages
2568,4.1,55,Beverages
42986,4.0,105,Beverages
15210,3.0,159,South Indian
2474,4.1,1541,Kerala
17025,,0,Kerala
6678,3.3,4,South Indian
13160,3.6,68,Kerala
23243,,0,Kerala
22093,3.4,7,Chinese
12838,,0,Biryani
5622,3.2,5,Kerala
19932,,0,North Indian
3826,3.6,45,Kerala
6677,3.7,43,Kerala
7930,3.4,39,Kerala
15968,,0,North Indian
1334,3.6,19,Kerala
42734,3.0,8,Kerala
46658,,0,North Indian
5117,3.4,6,North Indian
5138,,0,South Indian
9529,,0,North Indian
20433,3.8,170,South Indian
46100,3.6,13,South Indian
41802,3.8,101,Biryani
6632,4.0,101,Maharashtrian
7130,,0,Street Food
19826,,0,North Indian
39049,4.4,104,South Indian
41779,3.5,7,South Indian
15960,3.2,5,North Indian
48279,3.3,13,South Indian
48485,3.2,4,North Indian
17169,3.8,33,Cafe
6397,,0,South Indian
13046,3.8,40,South Indian
43576,4.3,53,Continental
9993,4.3,422,Desserts
35737,3.9,111,Desserts
385,,0,Fast Food
7730,,0,Fast Food
9865,4.4,2560,Asian
22923,,0,North Indian
978,3.6,453,North Indian
2259,2.7,74,Biryani
8595,2.7,74,Biryani
2643,3.9,62,Cafe
4845,2.2,406,Mexican
1021,3.6,70,North Indian
1061,3.2,7,Fast Food
22495,4.1,201,Seafood
7515,,0,Fast Food
40379,4.0,485,Hyderabadi
4118,3.8,157,Chinese
2596,3.8,22,Chinese
51664,3.5,115,North Indian
12222,3.9,80,Chinese
608,3.8,560,North Indian
3922,3.8,281,Biryani
17991,3.3,5,South Indian
42837,3.3,4,South Indian
42769,3.4,7,South Indian
16284,,0,Biryani
846,4.3,141,Mithai
39407,,0,South Indian
482,3.7,130,South Indian
4169,3.8,27,Kerala
2887,3.6,96,Kerala
5676,,0,South Indian
3542,,0,Tea
48187,3.8,42,North Indian
23116,3.1,33,Mangalorean
41817,3.7,26,North Indian
10528,3.6,42,North Indian
19639,3.4,8,North Indian
915,3.8,242,Mangalorean
4053,4.3,1380,Mangalorean
10622,4.3,94,Mangalorean
3834,3.9,49,North Indian
4220,3.8,112,Andhra
6055,4.1,1320,North Indian
14960,,0,American
3846,4.0,894,Biryani
3910,3.9,374,Biryani
3403,4.0,176,Biryani
4657,4.2,373,Biryani
14742,4.0,682,Biryani
22613,3.5,119,Biryani
18456,3.9,279,Biryani
11656,3.9,778,Biryani
39954,4.0,438,Biryani
2843,3.5,10,South Indian
5298,4.3,783,North Indian
3796,3.3,14,Biryani
41959,,0,Fast Food
2257,3.8,31,South Indian
8747,3.5,10,South Indian
13197,,0,South Indian
10673,3.2,6,North Indian
36626,3.5,7,Desserts
4130,3.8,29,North Indian
5994,3.0,7,Arabian
22424,4.2,219,Arabian
21769,3.7,83,Chettinad
7349,4.0,107,Maharashtrian
5204,3.3,6,South Indian
2977,4.4,691,Seafood
9960,3.5,12,Mangalorean
3520,3.9,261,Biryani
8742,3.5,25,Arabian
94,3.4,8,Arabian
42202,2.7,72,North Indian
24476,3.6,42,Arabian
17820,3.9,666,South Indian
5018,3.9,391,Goan
16724,4.0,288,Continental
8624,3.7,36,Andhra
1272,4.5,546,Cafe
952,3.9,94,Continental
1745,3.8,76,North Indian
28911,3.7,107,North Indian
29143,3.6,30,Italian
6804,3.3,6,Kerala
6952,,0,Chinese
205,4.0,17,South Indian
692,,0,Desserts
5931,,0,North Indian
11608,,0,Mithai
167,3.0,8,North Indian
4298,3.5,551,North Indian
3923,3.1,26,Rajasthani
24277,3.8,128,Rajasthani
20256,3.3,17,Chinese
8775,4.2,50,Cafe
2776,4.2,432,Cafe
23671,,0,Biryani
3123,3.7,75,North Indian
18737,4.1,191,Beverages
19897,3.7,56,Mughlai
6612,,0,North Indian
13727,,0,North Indian
19674,4.4,309,North Indian
12136,3.6,79,South Indian
8487,3.6,14,Street Food
2422,,0,North Indian
21396,,0,North Indian
2547,,0,North Indian
21430,,0,North Indian
10993,3.3,5,North Indian
5696,,0,North Indian
467,,0,North Indian
41744,,0,North Indian
10597,3.2,5,North Indian
1936,3.1,4,North Indian
24871,,0,North Indian
10627,,0,Biryani
43648,3.5,254,Biryani
5366,3.2,4,Biryani
42739,3.5,17,North Indian
18058,2.4,229,North Indian
132,2.4,142,North Indian
6890,2.4,183,North Indian
7116,2.3,175,North Indian
17006,2.4,256,North Indian
29017,2.5,547,North Indian
40401,2.6,76,North Indian
5281,2.1,337,North Indian
1452,2.6,231,North Indian
21241,2.9,34,North Indian
9189,,0,Bakery
20591,3.3,7,Desserts
52,3.9,55,Chinese
42745,,0,Chinese
667,,0,Kebab
41781,4.0,397,North Indian
15283,3.2,57,Seafood
4604,4.2,340,BBQ
4165,3.6,25,North Indian
5157,3.7,181,Biryani
43371,3.9,391,North Indian
22752,4.1,327,South Indian
1427,3.6,84,South Indian
1129,3.7,31,South Indian
14519,4.4,183,Japanese
24086,3.6,153,Seafood
41821,3.7,10,Mangalorean
8675,4.3,2635,Cafe
13907,4.2,858,Cafe
1820,4.5,2896,South Indian
40858,3.7,560,South Indian
22721,4.1,203,South Indian
12054,4.1,873,South Indian
42137,4.3,354,South Indian
19044,4.3,1878,South Indian
29182,3.6,12,Continental
16902,,0,Bakery
1406,4.1,323,Cafe
347,,0,South Indian
17694,3.2,4,American
22085,3.8,44,Cafe
9577,3.6,18,Andhra
3849,3.7,20,North Indian
48665,,0,South Indian
48427,3.7,103,Andhra
22427,3.9,91,North Indian
31973,3.5,20,South Indian
32127,,0,North Indian
22373,3.6,194,Chinese
83,3.2,11,South Indian
46325,2.5,79,Andhra
636,4.0,104,North Indian
7645,,0,Andhra
40544,,0,Andhra
42751,3.6,12,North Indian
40620,,0,Andhra
42802,,0,Andhra
3861,,0,Chinese
739,,0,North Indian
249,,0,Kerala
22136,3.2,10,North Indian
40113,4.7,292,Modern Indian
1845,3.5,24,Biryani
41075,3.9,116,Burger
1967,3.8,509,Burger
12186,3.8,295,Burger
19052,3.9,115,Burger
6797,2.7,92,Burger
1892,3.6,276,Burger
213,3.9,286,Burger
21419,3.3,5,Burger
4218,3.7,184,Burger
23245,2.9,215,Burger
28339,4.0,91,Burger
4507,3.2,258,Burger
5317,4.0,256,Burger
17861,3.7,181,Fast Food
17413,3.0,394,Burger
26252,3.8,184,Burger
15028,3.9,388,Burger
31722,3.9,357,Fast Food
14477,3.8,106,Burger
41629,3.9,281,Fast Food
42165,4.0,151,Fast Food
48293,2.9,136,Burger
42758,3.3,8,Fast Food
10284,3.6,59,Burger
47093,3.0,167,Burger
1705,3.7,123,Burger
6555,3.4,30,American
17920,3.8,38,South Indian
6934,3.5,13,South Indian
20940,3.8,62,South Indian
16854,3.3,4,Bakery
447,,0,Bakery
8071,,0,Bakery
21313,,0,Bakery
17614,,0,Bakery
30300,3.3,5,Bakery
42669,3.5,18,Bakery
3808,3.1,8,Bakery
13372,,0,Bakery
5262,,0,Bakery
8910,3.2,4,Bakery
711,,0,Bakery
3984,,0,Finger Food
4805,3.6,19,Andhra
25168,,0,Fast Food
7701,3.6,16,Street Food
5056,3.4,10,North Indian
29332,,0,North Indian
20807,4.0,34,North Indian
17432,3.8,9,North Indian
4834,4.0,205,North Indian
3932,3.9,432,North Indian
4103,4.2,701,North Indian
6846,3.7,57,North Indian
17219,3.6,162,North Indian
4847,2.8,39,Fast Food
21354,3.4,19,Fast Food
5867,3.7,79,Fast Food
1830,3.3,6,Fast Food
10432,3.5,59,Fast Food
3073,3.6,90,Fast Food
16298,3.1,73,Fast Food
3099,3.5,12,Fast Food
5533,3.3,33,Fast Food
1880,3.1,10,Fast Food
12969,3.0,52,Fast Food
47265,3.2,14,Fast Food
43082,,0,Fast Food
10572,3.1,15,Fast Food
41103,3.4,28,Fast Food
40089,3.4,28,Fast Food
3162,3.1,4,Fast Food
688,3.4,5,Fast Food
47665,3.6,97,Fast Food
21910,3.7,17,BBQ
4669,3.6,91,North Indian
3891,3.9,214,North Indian
42374,,0,Mangalorean
21234,3.5,10,Continental
5027,3.2,23,Seafood
4662,4.2,293,Seafood
9992,3.8,258,South Indian
856,3.6,54,North Indian
24945,3.9,375,Andhra
4047,2.3,235,North Indian
3486,4.4,7210,Biryani
425,4.4,4401,Biryani
2955,4.2,1751,Biryani
14059,4.3,2177,Biryani
3681,4.2,3334,Biryani
20380,3.5,131,Biryani
9216,,0,North Indian
14962,,0,North Indian
41705,3.0,81,North Indian
12304,3.8,95,Fast Food
980,3.2,426,North Indian
42490,4.5,785,North Indian
6021,4.0,115,Continental
3839,4.0,347,North Indian
51049,,0,Bakery
2381,,0,Bakery
4153,,0,Bakery
4627,3.6,11,Desserts
42723,3.4,34,Bakery
623,,0,Pizza
18566,,0,Bakery
41963,3.3,10,Desserts
6048,3.7,19,North Indian
14084,4.0,134,Cafe
14407,4.3,449,Chinese
7890,,0,Desserts
8917,3.3,6,Bakery
941,,0,North Indian
1012,3.2,9,North Indian
1015,3.5,49,North Indian
2805,3.8,70,Fast Food
41502,3.9,133,Bakery
1791,3.8,108,Fast Food
12834,,0,Biryani
42410,,0,South Indian
755,,0,South Indian
40311,3.5,38,North Indian
46218,4.0,160,Mexican
41979,3.3,9,Fast Food
99,,0,Chinese
1698,3.8,21,North Indian
2157,,0,South Indian
5635,3.7,127,Fast Food
4734,3.6,455,North Indian
17990,3.2,19,Bakery
4070,3.0,114,North Indian
7153,2.8,26,North Indian
42578,2.6,492,North Indian
22017,2.7,37,North Indian
19301,,0,North Indian
17117,,0,North Indian
46276,3.2,6,North Indian
5068,2.1,254,North Indian
7173,3.2,11,North Indian
46323,3.0,10,North Indian
8134,,0,Burger
8121,4.1,723,Pizza
4167,4.1,601,Pizza
16977,3.8,599,Pizza
28599,3.7,99,Italian
5222,3.4,55,North Indian
7188,,0,North Indian
4788,4.0,136,Cafe
14887,4.1,259,Continental
7082,4.1,80,Japanese
17776,4.9,2090,Ice Cream
1331,4.5,197,Ice Cream
4441,3.7,45,Beverages
15671,,0,Beverages
439,3.5,10,Beverages
5037,3.7,25,Ice Cream
20970,,0,Fast Food
1239,3.4,19,North Indian
5504,4.4,2266,American
388,3.9,18,South Indian
5196,4.4,191,Cafe
2618,3.9,85,North Indian
5150,2.8,27,South Indian
5213,3.1,11,Fast Food
8194,3.3,6,Fast Food
874,4.2,287,North Indian
19631,,0,Chinese
11620,3.9,66,Ice Cream
10966,,0,Continental
46326,,0,Continental
48580,,0,Continental
41921,,0,Continental
16176,,0,Continental
478,,0,Continental
27500,4.2,468,North Indian
410,4.0,232,North Indian
8539,2.8,253,North Indian
38973,3.8,571,Chinese
5554,3.0,12,North Indian
39586,3.0,12,North Indian
42847,,0,North Indian
6159,3.3,4,Desserts
51210,3.6,15,Bengali
5193,,0,South Indian
2569,3.7,94,North Indian
5223,3.4,6,North Indian
18924,2.7,12,Hyderabadi
4796,3.1,9,Hyderabadi
10665,,0,Street Food
919,3.8,26,North Indian
4861,3.2,23,Maharashtrian
5093,3.9,1240,Mediterranean
13369,3.3,4,Mithai
881,3.9,56,Desserts
279,3.2,10,Tibetan
6118,3.2,12,Tibetan
11684,3.9,38,Ice Cream
6756,,0,Ice Cream
12948,,0,Ice Cream
6646,3.7,15,Ice Cream
40253,3.6,19,Ice Cream
7999,3.6,10,Ice Cream
19771,3.8,49,Ice Cream
6900,,0,Street Food
47803,4.4,266,Asian
3876,4.6,1219,Asian
5979,,0,Mithai
19952,3.0,56,Mithai
824,3.8,115,Fast Food
41588,,0,Fast Food
48301,,0,Fast Food
22046,,0,Fast Food
403,,0,North Indian
4488,4.1,320,North Indian
23178,,0,North Eastern
12535,3.8,27,North Eastern
23241,,0,Biryani
5423,,0,North Indian
44,3.2,17,North Indian
7277,3.0,22,North Indian
19752,3.2,19,North Indian
40391,,0,North Indian
25740,,0,North Indian
16931,2.6,29,North Indian
5049,3.1,5,North Indian
42775,3.2,4,North Indian
51606,2.8,23,North Indian
9217,,0,North Indian
9778,,0,North Indian
2142,,0,Biryani
6759,3.4,6,South Indian
3223,,0,South Indian
4294,3.9,914,North Indian
2830,3.1,18,North Indian
7519,4.0,335,North Indian
22015,3.0,49,Mughlai
601,,0,Rolls
21694,3.9,23,Fast Food
49406,4.3,30,Pizza
8706,4.2,217,Pizza
3786,4.1,164,Pizza
42731,4.2,49,Pizza
1258,4.2,179,Pizza
22072,4.1,91,Pizza
46361,4.2,50,Pizza
41982,4.1,289,Pizza
28904,4.3,34,Pizza
24675,4.4,115,Pizza
11674,4.2,369,Pizza
12307,4.3,28,Pizza
1930,4.3,475,Pizza
17733,4.3,203,Pizza
17256,4.3,200,Pizza
46814,4.2,227,Pizza
6461,4.2,384,Pizza
39914,4.2,166,Pizza
4941,3.6,42,Chinese
5210,3.4,11,Biryani
43044,,0,North Indian
7837,,0,North Indian
20384,,0,North Indian
6956,3.3,6,Chinese
8749,3.7,25,Chinese
41856,3.5,14,South Indian
90,3.4,7,Andhra
22368,3.4,10,Bakery
20506,3.4,19,Tibetan
2890,,0,Chinese
3436,4.2,271,Asian
17286,3.8,22,Fast Food
6121,4.0,684,Chinese
5453,4.3,539,Chinese
5890,3.4,6,Chinese
4808,3.8,87,Fast Food
6455,3.8,30,Fast Food
5913,,0,Momos
9733,,0,Chinese
18875,3.9,26,Momos
14596,3.8,221,Chinese
4095,3.4,68,Chinese
20225,3.2,84,Chinese
41760,4.0,124,Momos
25149,,0,Momos
3770,,0,Momos
10264,,0,Momos
3447,,0,Momos
47018,,0,Momos
3914,,0,Momos
32662,,0,Momos
21428,,0,Momos
599,,0,Momos
17995,,0,Chinese
48754,,0,Chinese
8173,3.1,15,Chinese
7652,3.3,6,Chinese
3238,3.9,186,Chinese
4215,4.0,939,Chinese
1688,3.9,625,Chinese
21943,,0,Momos
7747,,0,North Indian
17122,2.7,19,North Indian
8407,3.6,10,North Indian
13843,4.5,197,Cafe
6435,3.8,30,Chinese
14937,4.3,3848,American
3457,2.8,11,Continental
8525,4.2,271,Italian
5202,3.4,7,Continental
3509,3.8,35,Cafe
32135,4.2,94,North Indian
41065,4.5,504,North Indian
15454,4.1,146,North Indian
4250,3.6,218,Biryani
21367,,0,Chinese
40638,,0,North Indian
17125,3.9,123,North Indian
11427,,0,North Indian
12872,3.4,6,Biryani
19388,,0,Bengali
8716,3.5,19,Italian
4925,3.8,46,Pizza
5264,3.6,81,Bakery
40923,2.9,225,Arabian
6450,2.6,74,Arabian
19477,2.8,1870,Arabian
3751,2.9,666,Arabian
964,3.1,1365,Arabian
196,,0,North Indian
15082,3.8,55,North Indian
8952,3.6,10,Desserts
20756,3.9,62,North Indian
2898,3.7,154,North Indian
16593,3.8,133,North Indian
4828,3.8,171,North Indian
21627,3.4,64,North Indian
5211,3.1,11,South Indian
41269,,0,South Indian
41130,3.7,64,North Indian
4373,4.0,547,North Indian
14385,4.1,551,South Indian
2803,4.2,382,Pizza
44241,4.2,383,Pizza
35483,4.2,382,Pizza
17911,3.7,27,Bengali
17575,,0,South Indian
11703,,0,Bakery
4498,3.3,4,Fast Food
5907,3.9,186,Chinese
48281,3.7,60,Fast Food
48510,3.9,57,Desserts
13702,3.9,36,Continental
6990,,0,South Indian
21817,,0,Juices
8000,3.4,8,Desserts
21121,3.6,198,Chinese
17570,,0,South Indian
42356,3.4,9,South Indian
7129,,0,Fast Food
15625,3.2,4,Biryani
26516,,0,Biryani
1297,4.2,2709,Cafe
4612,,0,Juices
40166,,0,Beverages
4777,,0,Juices
21819,,0,North Indian
46310,3.2,119,North Indian
42010,3.7,12,Desserts
571,3.3,7,Mithai
3007,2.8,75,Mithai
5662,3.2,34,Mithai
29416,3.5,7,Fast Food
370,,0,Biryani
1884,,0,North Indian
2094,3.6,241,North Indian
40488,,0,Ice Cream
7445,,0,North Indian
4388,3.9,20,Bakery
3433,3.7,25,Bakery
17172,3.5,13,Bakery
21066,,0,Bakery
39908,3.8,11,Bakery
1051,3.4,21,South Indian
14676,4.2,697,South Indian
23669,3.5,14,North Indian
40400,3.6,14,Desserts
4386,,0,South Indian
38515,4.1,91,South Indian
6621,3.4,9,South Indian
1086,4.5,1874,Cafe
2740,4.2,740,Cafe
4004,3.9,727,Cafe
1447,3.9,247,Cafe
22243,4.6,274,Desserts
20487,3.3,218,North Indian
5501,3.2,4,Fast Food
4530,3.6,109,Mughlai
9520,4.0,434,North Indian
9923,,0,Mughlai
5576,3.2,17,Mughlai
46004,4.0,117,Mughlai
4520,3.5,269,Mughlai
976,,0,Mughlai
16804,4.0,130,Cafe
17348,3.7,133,North Indian
1565,,0,Mithai
120,3.6,11,South Indian
7150,3.0,9,Bakery
23487,3.8,72,Bakery
7705,3.7,44,Bakery
5792,,0,North Indian
22014,,0,North Indian
706,,0,Fast Food
20237,3.5,118,North Indian
43209,3.5,118,North Indian
1292,3.6,23,Beverages
39006,4.2,504,Cafe
5583,4.0,92,Ice Cream
687,3.7,61,Ice Cream
5993,,0,Desserts
7273,,0,Desserts
41949,,0,North Indian
41706,3.7,100,North Indian
1932,4.4,1286,North Indian
43858,,0,Maharashtrian
4568,2.9,89,Fast Food
39100,3.7,418,Street Food
5431,,0,North Indian
3949,3.2,46,North Indian
17224,3.7,16,North Indian
4327,3.5,9,South Indian
46275,,0,North Indian
5088,3.9,65,Fast Food
6202,,0,Biryani
1096,,0,Biryani
3682,3.9,1233,North Indian
9120,3.7,79,North Indian
19722,4.3,2031,Continental
6762,3.3,7,South Indian
42873,,0,Fast Food
4869,3.0,47,North Indian
2167,4.1,888,Cafe
4395,3.6,163,North Indian
8786,3.9,338,North Indian
337,3.8,57,North Indian
1685,4.2,465,Kerala
17590,,0,North Indian
9171,3.6,24,Kerala
1905,3.6,16,North Indian
16332,,0,North Indian
21820,3.0,14,Chinese
6419,3.4,5,Pizza
23455,3.7,32,Chinese
45945,4.2,426,Continental
14360,3.9,23,Finger Food
130,3.6,62,Italian
2487,,0,Continental
100,,0,Bakery
49846,,0,Bakery
1577,3.7,73,Biryani
13964,4.1,339,Italian
3102,3.6,59,North Indian
24269,3.7,18,North Indian
4330,3.4,20,North Indian
7831,3.8,14,Chinese
42320,3.9,70,South Indian
24914,3.4,6,Fast Food
948,4.1,337,Chinese
1765,4.1,301,South Indian
11203,4.4,1213,American
3873,3.9,117,Chettinad
1846,3.3,8,Kerala
9875,3.3,6,Biryani
7493,3.1,4,Kebab
42867,,0,South Indian
42871,,0,South Indian
2317,,0,Kerala
1042,3.9,484,North Indian
2837,3.1,10,South Indian
41561,2.7,25,North Indian
2913,3.7,35,Kerala
24339,2.9,7,Biryani
6946,3.3,4,North Indian
9015,2.7,16,Hyderabadi
41146,3.7,36,Andhra
13428,,0,South Indian
6988,4.3,2296,Andhra
5904,4.2,1278,Andhra
14935,4.2,1926,Andhra
11987,4.3,1773,Andhra
43503,4.2,970,Andhra
860,4.0,920,Andhra
4426,2.9,7,Andhra
2460,,0,Andhra
18610,3.0,9,Andhra
18513,3.5,94,Andhra
5151,3.1,10,Andhra
40017,2.9,9,Andhra
41866,3.3,34,Andhra
12032,2.9,46,South Indian
20951,,0,North Indian
4945,3.5,13,South Indian
21,,0,South Indian
5324,3.5,13,South Indian
2889,2.7,26,South Indian
23271,3.3,8,North Indian
1606,3.5,73,North Indian
42570,2.4,135,North Indian
18777,3.9,79,North Indian
43511,4.5,443,North Indian
46342,,0,South Indian
41123,2.7,33,South Indian
46242,3.3,7,North Indian
21876,3.5,4,Kerala
22033,3.1,5,North Indian
80,3.8,155,North Indian
41677,3.7,18,Cafe
3593,,0,South Indian
6064,2.6,75,North Indian
48540,3.7,30,North Indian
9887,,0,South Indian
7487,3.8,172,North Indian
16164,3.9,82,Juices
16780,3.3,6,Italian
317,,0,North Indian
10263,4.0,94,Biryani
3276,3.7,14,Biryani
1603,3.6,24,Biryani
340,3.6,34,South Indian
7514,3.3,4,Biryani
10315,3.4,4,South Indian
419,3.9,200,Mangalorean
42155,4.2,62,South Indian
42931,3.0,178,South Indian
96,3.6,20,South Indian
5962,,0,North Indian
7417,3.1,7,Biryani
41873,3.3,8,South Indian
9002,3.2,5,Biryani
4475,3.4,51,Biryani
2276,3.6,68,Andhra
1737,3.5,155,Biryani
14607,,0,Andhra
41538,3.6,41,Chinese
12674,3.8,40,South Indian
32567,,0,South Indian
7625,,0,South Indian
7860,3.3,213,North Indian
4419,2.9,361,North Indian
19577,3.6,195,Andhra
5345,3.4,7,South Indian
2696,3.6,18,Kerala
1731,3.3,4,Kerala
21166,3.8,50,North Indian
47238,3.3,6,South Indian
18016,,0,Mithai
48628,,0,Mithai
46380,,0,Mithai
22313,,0,Mithai
7938,,0,Mithai
8949,,0,Mithai
43519,,0,Mithai
48417,4.0,930,Andhra
42648,4.2,1459,Andhra
15610,4.3,1079,Andhra
46169,4.2,1282,Andhra
15181,4.2,902,Andhra
7528,4.1,770,Andhra
6356,4.1,1000,Andhra
21955,4.1,737,Andhra
1721,3.7,7,South Indian
1607,3.0,175,Chinese
3287,3.4,9,Chinese
2960,3.4,13,Seafood
23408,3.8,109,Andhra
36435,3.6,37,North Indian
1664,3.6,160,Andhra
637,3.5,334,North Indian
41895,4.0,471,North Indian
40365,2.9,268,North Indian
451,2.6,283,North Indian
5689,2.9,108,Andhra
4749,3.6,196,North Indian
8989,3.6,95,Andhra
46204,3.7,511,North Indian
16481,3.7,289,North Indian
12027,3.6,277,Andhra
7434,3.8,915,North Indian
9492,2.9,33,South Indian
3267,3.6,47,Street Food
19927,3.6,30,South Indian
18367,3.6,535,Bengali
49115,,0,South Indian
17501,3.5,28,North Indian
9315,,0,Fast Food
745,,0,Street Food
18330,2.8,55,North Indian
1794,,0,South Indian
1968,,0,Sandwich
42351,3.3,4,North Indian
3282,,0,South Indian
9318,4.3,1217,Portuguese
41534,4.1,308,Portuguese
9786,3.4,8,North Indian
32905,3.5,12,North Indian
2632,4.0,108,North Indian
23049,3.6,20,North Indian
10536,,0,Chinese
4257,4.1,1056,Italian
1463,3.1,8,North Indian
6542,,0,Street Food
5079,3.9,204,Biryani
20618,3.4,83,Gujarati
40023,4.4,907,Malaysian
4700,4.4,2386,Malaysian
1351,,0,North Indian
7756,,0,Chinese
15679,3.2,4,Biryani
4196,3.5,11,South Indian
42311,,0,North Indian
42214,,0,North Indian
7248,4.2,76,Seafood
28876,4.5,941,Ice Cream
12350,4.2,221,Ice Cream
6409,4.3,423,Ice Cream
41755,4.3,188,Ice Cream
22247,4.3,259,Ice Cream
48640,4.2,148,Ice Cream
46210,4.3,273,Ice Cream
6036,4.3,384,Ice Cream
4843,4.1,119,Ice Cream
1347,4.4,366,Ice Cream
17783,4.6,922,Ice Cream
5051,3.5,8,Ice Cream
46014,3.1,22,North Indian
39024,3.9,32,Continental
12268,3.7,38,Continental
17155,,0,Chinese
21199,,0,Mughlai
8009,,0,North Indian
7803,,0,North Indian
41962,,0,North Indian
20778,,0,North Indian
5760,,0,Mughlai
3544,3.6,10,Mughlai
46062,4.0,21,North Indian
48218,4.0,31,North Indian
1155,,0,Mughlai
28597,3.6,9,Mughlai
9280,,0,Mughlai
4703,3.5,79,Andhra
23400,,0,Andhra
29383,3.3,4,Andhra
3781,3.6,114,North Indian
10642,,0,Chinese
489,3.2,9,Biryani
1674,3.6,22,Fast Food
9925,,0,North Indian
41823,3.7,349,North Indian
42843,,0,Beverages
7556,3.5,12,North Indian
3915,3.4,7,North Indian
3920,2.9,45,North Indian
1975,2.5,47,Hyderabadi
8561,2.9,46,North Indian
22660,2.5,47,Hyderabadi
892,,0,Biryani
3006,3.2,30,North Indian
5544,,0,North Indian
529,3.1,6,North Indian
5251,,0,Biryani
5652,3.4,5,Street Food
23575,,0,North Indian
21767,,0,North Indian
523,3.4,23,Biryani
316,,0,North Indian
17594,,0,North Indian
18093,,0,North Indian
140,3.5,19,North Indian
41371,3.2,5,North Indian
5608,4.0,119,North Indian
6886,3.1,14,North Indian
41852,3.3,6,North Indian
2159,,0,South Indian
51336,3.3,4,Chinese
6054,3.6,39,Seafood
20245,3.5,8,South Indian
40479,,0,Chinese
49058,2.9,11,North Indian
5351,3.8,21,Bengali
16968,3.5,24,Bakery
8708,3.3,7,Biryani
6491,,0,Andhra
3460,3.1,177,Andhra
10350,3.3,5,Andhra
125,3.5,16,South Indian
4620,3.7,31,North Indian
1561,,0,Andhra
41531,2.7,61,North Indian
361,,0,South Indian
41287,,0,South Indian
46586,,0,South Indian
18223,,0,Continental
6932,3.1,6,Biryani
1862,3.6,34,North Indian
39057,4.1,253,North Indian
3143,3.5,24,Kerala
12673,3.2,6,Biryani
3182,,0,Biryani
18090,,0,Biryani
9902,3.2,7,Biryani
46282,,0,Biryani
17072,,0,Biryani
46336,,0,Arabian
18077,3.0,8,Biryani
3728,3.2,8,Biryani
9010,,0,Biryani
42230,,0,Biryani
40440,3.1,71,Andhra
958,3.8,523,Andhra
5241,3.6,22,Andhra
65,3.3,4,Andhra
5160,3.6,11,North Indian
42791,3.3,4,Chinese
12352,3.1,23,Street Food
329,3.5,12,Biryani
48830,,0,Street Food
8456,,0,Mithai
3373,3.6,68,Biryani
1860,3.7,128,North Indian
1001,,0,South Indian
41974,3.4,61,Fast Food
41765,3.1,6,Biryani
2072,3.5,68,Biryani
4160,3.5,23,Fast Food
46105,2.9,7,South Indian
46707,,0,North Indian
10325,3.7,86,Chinese
5354,,0,North Indian
6089,3.6,34,Italian
41886,3.9,39,Seafood
13343,,0,North Indian
19478,3.7,114,North Indian
1101,3.2,154,Andhra
4929,3.8,273,North Indian
9307,,0,Biryani
41521,3.7,229,North Indian
3733,3.9,368,Andhra
4902,3.7,43,Andhra
765,3.3,12,Biryani
3326,,0,North Indian
6029,3.1,11,North Indian
66,3.6,42,Kerala
6710,4.0,108,North Indian
22106,,0,Biryani
1950,3.1,8,Fast Food
10,,0,Biryani
2713,3.7,39,North Indian
624,,0,South Indian
40759,,0,Mithai
43892,,0,Juices
3991,3.7,135,North Indian
6406,,0,Biryani
4437,3.7,83,North Indian
11026,3.4,13,North Indian
8579,3.5,54,North Indian
10279,3.5,39,North Indian
26000,2.9,51,North Indian
4742,3.6,102,North Indian
49165,,0,South Indian
22633,3.4,23,North Indian
7452,3.3,18,North Indian
41844,3.8,46,North Indian
3145,3.7,93,Kerala
41710,3.3,5,North Indian
4730,3.5,20,Mangalorean
48817,,0,South Indian
47427,3.0,106,North Indian
5594,3.2,9,North Indian
46605,,0,Street Food
40414,,0,North Indian
42146,4.2,600,South Indian
14352,3.3,26,South Indian
23034,4.0,51,North Indian
2184,,0,Biryani
4572,3.2,4,North Indian
4842,3.7,59,Chinese
10063,3.4,5,South Indian
42752,3.4,7,Andhra
1802,3.3,48,North Indian
574,3.3,7,Mangalorean
4107,3.7,36,Mangalorean
32587,,0,South Indian
38597,3.2,4,South Indian
20833,,0,North Indian
2029,4.2,280,South Indian
3462,3.3,6,North Indian
5695,,0,North Indian
1182,,0,South Indian
7590,,0,Andhra
9438,,0,Biryani
39067,3.5,224,Kerala
18418,3.9,175,North Indian
3794,4.1,382,Chinese
43072,,0,North Indian
3367,,0,South Indian
11809,3.7,50,South Indian
1752,2.9,34,South Indian
1691,3.9,66,South Indian
41846,3.1,10,South Indian
173,3.6,143,South Indian
48446,3.2,123,South Indian
41,3.9,388,Biryani
46072,3.1,40,South Indian
41805,3.3,4,South Indian
5914,3.1,64,South Indian
9826,3.1,53,South Indian
5536,3.8,29,South Indian
46290,,0,South Indian
48512,3.3,6,South Indian
5230,3.3,6,Biryani
36679,,0,North Indian
2135,,0,South Indian
3657,3.9,782,North Indian
1135,3.7,70,North Indian
20821,4.0,960,North Indian
9,3.7,178,North Indian
16300,3.7,123,North Indian
14409,3.2,393,North Indian
2554,3.5,10,North Indian
41745,3.4,221,South Indian
46044,3.1,151,North Indian
18792,3.0,177,North Indian
24963,2.9,112,North Indian
3330,3.1,9,Biryani
577,3.7,67,North Indian
20007,3.3,6,Mithai
17036,3.3,7,Fast Food
17427,3.4,13,Chinese
40190,,0,North Indian
733,,0,North Indian
5269,2.8,102,North Indian
673,,0,South Indian
22128,,0,Fast Food
2965,3.6,71,North Indian
42366,3.6,68,South Indian
42390,3.6,21,South Indian
41692,3.4,13,South Indian
23451,3.5,50,South Indian
42265,4.1,62,North Indian
48346,3.3,4,South Indian
13190,,0,South Indian
15642,3.4,5,South Indian
41199,,0,North Indian
41386,,0,North Indian
5081,,0,South Indian
38656,3.1,11,South Indian
23401,,0,North Indian
17500,2.8,118,North Indian
2077,2.7,51,South Indian
18838,2.8,211,South Indian
25163,3.0,38,South Indian
41936,2.7,39,South Indian
42138,2.8,81,South Indian
41814,3.5,100,South Indian
20880,3.8,15,South Indian
46083,3.2,158,South Indian
48457,3.5,10,Chinese
10912,,0,South Indian
41893,3.3,6,Mangalorean
3832,3.7,20,South Indian
1007,,0,North Indian
6855,,0,North Indian
27435,3.6,17,Fast Food
15661,2.7,39,North Indian
40384,,0,Bengali
8462,3.2,5,Mithai
8357,3.5,7,Mithai
46492,,0,Andhra
2902,3.3,111,North Indian
5209,3.5,17,Biryani
22916,,0,Biryani
40530,3.1,6,South Indian
6518,,0,North Indian
47008,3.5,293,North Indian
43256,3.1,4,North Indian
830,2.4,56,North Indian
6940,3.3,9,North Indian
3228,3.8,376,North Indian
40642,,0,South Indian
2065,3.5,5,South Indian
19458,3.9,84,South Indian
145,3.7,70,South Indian
6234,,0,South Indian
18183,3.4,9,Juices
20529,3.6,14,South Indian
48808,3.3,8,South Indian
32401,,0,South Indian
5439,3.5,47,South Indian
2194,3.6,36,South Indian
23209,,0,North Indian
21840,,0,North Indian
49067,3.2,5,South Indian
1649,3.8,70,South Indian
23511,3.0,11,South Indian
23665,3.6,77,South Indian
20918,,0,South Indian
3410,3.5,23,South Indian
41280,3.6,18,South Indian
206,3.8,39,Chinese
12312,,0,South Indian
22807,3.6,84,Chinese
21930,3.1,7,Mexican
48509,,0,North Indian
29079,3.5,8,North Indian
4591,3.8,376,North Indian
3411,3.4,19,North Indian
59,3.3,6,Andhra
16842,4.1,2075,Rajasthani
18829,4.1,471,Rajasthani
40416,,0,South Indian
40377,3.7,39,Pizza
6405,3.1,53,Fast Food
3626,3.2,20,Biryani
19957,3.2,8,North Indian
6292,3.0,44,North Indian
5131,3.1,16,North Indian
14763,2.9,21,Burger
5233,2.9,142,North Indian
25201,2.9,619,North Indian
17043,2.8,295,North Indian
8157,3.2,22,South Indian
9097,,0,Chinese
6469,,0,Biryani
7180,3.1,6,North Indian
5589,,0,North Indian
11428,3.8,196,Fast Food
7174,2.9,39,Fast Food
17592,3.5,12,Fast Food
42708,3.4,131,Fast Food
40548,,0,Continental
387,3.1,223,North Indian
6798,2.6,54,Biryani
29122,3.7,126,Chinese
12,2.7,31,North Indian
23962,3.2,17,Andhra
7864,3.8,38,Ice Cream
21149,,0,South Indian
41715,3.1,43,Chinese
13341,3.6,16,Kerala
7214,,0,Kerala
6978,2.6,33,North Indian
4436,3.7,37,North Indian
48467,,0,South Indian
20288,,0,South Indian
38693,3.2,7,Biryani
3731,,0,North Indian
22908,,0,South Indian
7495,3.5,10,South Indian
19331,,0,Bihari
4353,,0,North Indian
9167,,0,North Indian
18125,,0,North Indian
1461,3.3,6,Finger Food
19586,,0,South Indian
48219,3.6,110,Andhra
15194,4.0,89,South Indian
1665,3.4,51,South Indian
40315,3.4,6,North Indian
38697,3.3,6,Mangalorean
40114,3.9,36,Chinese
191,,0,North Indian
17089,3.5,6,North Indian
6432,3.9,162,North Indian
5484,4.0,353,North Indian
28221,4.0,1113,North Indian
21363,2.6,119,North Indian
8546,3.0,31,North Indian
218,,0,Biryani
15599,3.7,110,Street Food
17391,,0,North Indian
18334,3.9,756,North Indian
1319,3.6,9,North Indian
14901,,0,South Indian
3389,3.8,194,Biryani
15169,3.3,214,North Indian
41712,3.2,7,North Indian
848,3.5,44,North Indian
4281,4.0,2112,Chinese
41905,3.7,168,Cafe
21631,,0,Kerala
7961,,0,North Indian
7136,,0,Chinese
41302,,0,Chinese
40322,4.0,1070,Chinese
5274,,0,Chinese
4014,4.3,336,Chinese
23472,3.8,98,Chinese
7053,3.4,4,Chinese
3451,4.3,403,North Indian
41387,4.2,411,North Indian
5021,4.2,161,Biryani
2692,3.3,6,Cafe
3607,,0,Chinese
7646,3.7,34,North Indian
25098,4.0,202,North Indian
36461,,0,North Indian
6827,3.5,11,North Indian
4128,3.2,13,North Indian
15681,3.2,5,North Indian
19663,,0,North Indian
9926,,0,North Indian
3942,3.0,6,Chinese
43320,3.8,25,North Indian
5680,,0,North Indian
1045,3.1,5,North Indian
4631,3.6,17,South Indian
4831,,0,North Indian
18301,2.9,115,North Indian
42743,,0,South Indian
10011,4.1,671,Italian
5753,3.2,51,North Indian
6743,,0,Chinese
41958,,0,North Indian
8541,3.9,100,North Indian
5300,4.1,162,North Indian
5348,,0,North Indian
17449,,0,North Indian
7091,,0,North Indian
41928,3.9,83,Biryani
4768,4.1,297,Goan
7457,3.6,14,North Indian
43177,3.8,170,North Indian
21175,4.1,120,Desserts
1647,4.0,220,Chinese
7422,,0,Continental
1067,3.7,202,North Indian
7151,3.4,11,Chinese
9316,,0,Bakery
1364,,0,Andhra
4617,2.9,4,Chinese
41129,4.2,52,North Indian
3634,4.4,278,North Indian
318,,0,North Indian
18625,4.3,170,North Indian
5033,3.0,106,North Indian
43894,3.7,25,North Indian
17299,,0,North Indian
4701,3.7,34,Beverages
30877,,0,Healthy Food
25637,,0,North Indian
4564,3.4,5,Healthy Food
7654,,0,Healthy Food
1958,3.8,53,Healthy Food
15937,,0,Healthy Food
27292,3.3,4,Juices
6498,2.9,23,Healthy Food
1267,4.4,197,Cafe
4057,3.7,25,Desserts
16015,3.6,12,Ice Cream
4736,3.8,72,Ice Cream
5448,,0,North Indian
6899,,0,North Indian
2684,3.9,36,Biryani
29145,3.6,10,Desserts
550,3.1,273,Pizza
3773,,0,Pizza
6417,3.2,4,North Indian
723,,0,North Indian
777,3.7,25,North Indian
42053,4.8,1156,Bakery
19589,3.5,11,Juices
236,3.5,9,Continental
19728,3.9,40,Asian
2129,,0,Fast Food
1320,2.9,28,North Indian
6833,3.5,10,Fast Food
46451,3.7,37,Continental
2435,4.3,189,Bakery
4790,3.7,279,North Indian
7322,3.8,213,Mexican
22150,3.4,13,Seafood
24634,,0,North Indian
144,3.7,41,Oriya
20508,3.8,47,Oriya
40535,,0,Bengali
3655,3.2,38,North Indian
21173,3.1,95,Oriya
18717,3.8,294,Oriya
4173,2.8,62,Oriya
42663,3.7,88,Continental
18045,3.7,111,Andhra
19224,,0,North Indian
16262,3.2,13,South Indian
4549,3.7,439,Biryani
4384,3.1,18,Street Food
42022,4.1,96,Beverages
3610,4.4,1112,Bengali
23683,3.7,68,Finger Food
22947,4.5,418,Asian
42272,4.0,207,Japanese
1753,,0,North Indian
40751,,0,Mithai
1288,3.8,41,Ice Cream
850,3.9,38,Ice Cream
116,3.7,29,Bengali
5201,4.1,252,Mughlai
883,3.3,511,BBQ
8408,4.5,2194,Mediterranean
22547,3.7,214,Arabian
49014,3.8,59,North Indian
3319,3.1,8,Rolls
18751,3.9,539,Finger Food
4584,,0,South Indian
7609,,0,Juices
1254,4.0,2729,Cafe
46311,,0,North Indian
7097,,0,Thai
9206,3.9,30,Thai
5270,3.1,11,South Indian
43873,3.6,19,North Indian
41034,3.4,10,North Indian
46281,3.7,39,North Indian
19483,3.9,29,South Indian
20811,,0,South Indian
2223,3.9,26,Street Food
377,,0,Street Food
18057,3.4,19,North Indian
8166,3.9,34,Mithai
1490,3.6,16,Cafe
3842,3.4,16,Biryani
3490,,0,American
11600,,0,American
2719,,0,American
10195,,0,American
15111,,0,American
2945,,0,American
27425,,0,American
41770,3.6,4,American
2444,,0,American
40344,,0,American
18453,3.3,4,American
4349,,0,American
17275,,0,Mithai
9706,3.8,34,Biryani
40438,,0,North Indian
3508,,0,Fast Food
24408,2.7,26,Cafe
1178,3.8,613,Cafe
1359,,0,North Indian
4342,3.7,37,Healthy Food
4397,4.5,2062,Steak
2305,4.3,1278,Pizza
8611,3.7,100,South Indian
15413,3.9,324,Chinese
24322,4.5,755,Continental
39979,4.1,137,Continental
2169,4.1,414,Juices
6891,,0,Biryani
19042,,0,Asian
32408,3.1,39,Maharashtrian
16679,4.3,840,Pizza
39101,4.4,4869,Pizza
3805,4.4,3738,Pizza
36,4.6,2556,Pizza
22925,4.4,2589,Pizza
13826,4.3,4644,Pizza
3990,4.4,9041,Pizza
38987,4.3,355,Pizza
18075,4.6,2750,Pizza
1633,4.6,1755,Pizza
1370,4.4,4386,Pizza
530,4.5,863,Pizza
39794,4.4,2110,Pizza
39408,,0,Chinese
40092,3.2,6,Bakery
4402,3.3,6,North Indian
41273,2.8,29,North Indian
4466,,0,Beverages
20304,,0,North Indian
2685,3.9,347,Chinese
10890,3.4,9,Chinese
51102,3.3,10,Chinese
4713,3.7,19,Chinese
17021,3.6,15,North Indian
40037,3.7,130,North Indian
29477,,0,Bakery
22537,4.6,463,South Indian
46300,,0,South Indian
41662,2.9,67,South Indian
41782,2.6,166,Kerala
6277,3.4,224,Kerala
4472,3.3,9,Desserts
3986,4.1,157,Desserts
4478,3.8,55,Desserts
13325,3.5,17,Desserts
19514,3.6,16,Desserts
7973,,0,Desserts
42369,3.2,7,Finger Food
22161,3.4,7,Continental
7414,4.4,1496,Continental
3483,4.7,163,Goan
40386,,0,Arabian
17538,3.9,1117,Arabian
18014,3.4,4,Ice Cream
8003,,0,Ice Cream
4589,,0,Ice Cream
42736,3.4,5,Ice Cream
18054,3.3,21,Ice Cream
40495,,0,Ice Cream
22095,3.0,9,North Indian
42725,,0,Continental
20946,,0,Italian
3572,3.5,62,Italian
22685,,0,Italian
3963,3.7,53,Cafe
16869,4.1,142,Cafe
41940,,0,Beverages
2438,2.9,45,North Indian
19852,,0,Juices
407,,0,American
16907,3.4,11,Japanese
14142,,0,Cafe
46263,,0,Bengali
7013,,0,Pizza
19947,3.8,818,Kashmiri
42382,3.3,5,North Indian
14936,4.3,164,Italian
43512,4.5,900,North Indian
5933,,0,Bakery
11758,,0,Bakery
43523,,0,Bakery
5974,3.2,8,Bakery
38478,,0,Bakery
18100,,0,Bakery
17601,,0,Bakery
8092,,0,Bakery
2139,,0,Bakery
21805,,0,Bakery
264,2.9,21,Bakery
11637,,0,Desserts
2952,3.8,97,Pizza
159,3.9,172,Pizza
4465,4.0,200,Pizza
46054,4.0,120,Pizza
41491,3.9,182,Pizza
21062,4.0,55,Pizza
2943,4.0,144,Pizza
22759,4.1,192,Pizza
5256,4.0,166,Pizza
24047,3.9,162,Pizza
21990,3.8,122,Pizza
18013,4.1,74,Pizza
15453,4.0,106,Pizza
39906,4.0,68,Pizza
21849,4.0,81,American
1043,3.9,1388,Continental
6321,3.1,44,North Indian
343,2.7,100,North Indian
29565,,0,North Indian
9682,2.6,53,North Indian
7176,3.7,27,Fast Food
48275,3.0,16,Pizza
46078,3.4,16,Pizza
41622,3.2,8,Pizza
13616,3.9,1432,North Indian
1034,4.0,1851,North Indian
3838,3.8,756,North Indian
42729,3.7,25,North Indian
3822,4.1,452,North Indian
7020,,0,Fast Food
22755,3.8,69,North Indian
4785,,0,Mithai
21818,,0,Beverages
17278,3.2,5,North Indian
4800,3.8,37,Australian
15094,3.6,31,Mediterranean
592,3.7,64,South Indian
2395,4.0,25,Beverages
3251,,0,Tea
5355,,0,North Indian
9079,3.3,6,Desserts
4051,3.6,20,Chettinad
43452,,0,Ice Cream
918,4.0,1075,Finger Food
16009,3.9,128,Ice Cream
3904,4.2,131,Ice Cream
4664,4.3,324,Ice Cream
5878,3.7,118,Ice Cream
7656,,0,South Indian
27481,3.9,144,Continental
14909,3.5,14,North Indian
15932,3.2,41,South Indian
4499,2.8,56,South Indian
7732,3.5,11,South Indian
384,,0,Fast Food
5601,3.9,38,Bakery
2254,3.3,394,North Indian
17257,3.3,8,North Indian
43268,3.8,70,North Indian
7221,3.2,13,Biryani
41900,4.1,289,North Indian
42839,3.4,5,North Indian
19221,,0,Street Food
18684,3.3,90,North Indian
124,3.6,19,Andhra
6641,2.9,16,North Indian
17530,2.8,93,North Indian
3475,3.0,155,North Indian
5784,3.6,46,North Indian
3689,,0,North Indian
6559,3.7,244,Biryani
1394,3.8,490,Biryani
14647,4.0,224,North Indian
17854,3.3,44,Chinese
2324,,0,South Indian
8242,,0,Chinese
21127,2.9,244,Bengali
40664,,0,Bengali
3329,3.0,15,North Indian
8845,3.5,56,South Indian
46539,3.3,4,South Indian
22179,3.2,4,North Indian
12927,3.5,12,South Indian
32562,,0,North Indian
4324,4.0,929,Rajasthani
2683,4.2,169,Cafe
23078,3.9,115,Chinese
15721,3.4,13,North Indian
413,3.6,13,Mithai
21699,,0,North Indian
10399,3.9,67,Fast Food
828,3.1,8,Street Food
7600,3.2,21,North Indian
22222,,0,South Indian
683,,0,North Indian
4106,3.5,8,Beverages
7702,,0,Desserts
7067,,0,Biryani
6420,3.7,17,Desserts
5507,3.8,28,Desserts
48496,3.9,175,Biryani
22012,3.7,39,South Indian
21848,3.5,11,Tea
5376,,0,North Indian
19650,3.6,141,Fast Food
12587,3.9,689,Fast Food
2573,3.1,89,North Indian
31726,3.5,10,Fast Food
16935,,0,Fast Food
12650,3.3,33,Fast Food
4088,3.0,57,North Indian
188,2.6,118,North Indian
838,4.0,2043,Biryani
2973,4.1,3248,Biryani
3866,,0,Biryani
1854,4.0,1986,Biryani
45998,4.0,1586,Biryani
17869,3.9,1644,Biryani
5956,,0,North Indian
826,3.1,119,Biryani
22665,3.7,124,Continental
3097,3.5,11,South Indian
1732,3.7,257,North Indian
21868,3.7,31,North Indian
22906,3.7,300,North Indian
209,3.6,42,Continental
46561,3.6,16,North Indian
15032,3.2,23,North Indian
3407,3.5,13,North Indian
42888,,0,North Indian
1768,3.6,33,North Indian
10226,3.2,395,North Indian
9063,2.4,158,North Indian
1814,2.9,177,North Indian
5745,3.1,19,North Indian
21314,,0,North Indian
1044,3.1,39,North Indian
3587,3.0,96,North Indian
10168,3.1,82,North Indian
25246,3.9,41,North Indian
5640,3.5,68,North Indian
5749,3.8,171,North Indian
16828,3.7,155,North Indian
12617,3.8,184,North Indian
31219,3.9,220,North Indian
110,,0,North Indian
22727,4.0,297,North Indian
4248,3.7,36,Rajasthani
4158,3.6,51,North Indian
4325,3.5,7,North Indian
4977,2.8,32,North Indian
5444,3.8,63,Fast Food
4467,3.2,4,North Indian
207,3.9,36,North Indian
29214,3.4,36,North Indian
2411,3.6,332,North Indian
383,,0,South Indian
46024,3.5,8,Seafood
2861,,0,South Indian
3130,3.9,601,Mangalorean
749,3.8,203,North Indian
421,3.5,14,Mithai
16815,,0,Mithai
48531,3.3,5,Biryani
32570,,0,North Indian
41746,3.7,39,North Indian
2315,,0,North Indian
3623,3.6,64,Chinese
5318,3.6,8,Chinese
6395,3.3,7,Biryani
16521,2.9,20,Biryani
11424,,0,North Indian
1149,3.8,109,North Indian
17494,,0,North Indian
590,3.3,17,Street Food
4413,3.7,16,Chinese
48536,3.8,128,North Indian
9292,4.0,129,South Indian
7296,,0,North Indian
4223,4.2,45,North Indian
40635,,0,North Indian
22497,,0,Andhra
12224,4.1,765,North Indian
24231,4.0,177,Continental
13614,4.5,1614,Italian
3602,4.5,1623,Italian
4881,4.5,245,Italian
5250,,0,Italian
4078,2.6,20,Fast Food
42814,,0,North Indian
4634,3.8,48,North Indian
4836,3.9,183,Fast Food
2521,3.2,33,Fast Food
14489,3.2,49,Fast Food
2953,3.8,89,Fast Food
23088,3.8,132,Rolls
23164,3.3,58,Rolls
14403,3.3,156,Fast Food
9219,,0,North Indian
6922,3.2,5,North Indian
2211,3.2,7,North Indian
3816,3.5,21,Andhra
3053,3.7,31,North Indian
4396,,0,North Indian
36024,3.4,7,Beverages
41600,4.1,135,Beverages
42795,3.1,20,North Indian
23298,3.7,73,Cafe
775,4.1,364,Thai
5110,4.2,142,Bakery
43414,,0,Mithai
409,,0,Biryani
1630,,0,Biryani
11612,4.0,104,Desserts
46295,3.1,9,Desserts
24007,4.0,148,Biryani
11047,3.3,8,South Indian
49104,3.1,12,North Indian
41837,3.7,34,North Indian
38583,3.2,12,North Indian
41822,4.2,100,North Indian
3120,3.4,133,South Indian
48653,3.8,46,Bakery
214,,0,Fast Food
5664,,0,South Indian
5191,3.9,20,Desserts
4983,4.3,372,American
9662,2.8,109,Chinese
4953,3.8,658,Chinese
3860,2.6,125,Chinese
13533,3.9,847,North Indian
18856,3.8,0,North Indian
42252,3.9,481,Finger Food
13638,4.1,548,Finger Food
4338,4.0,165,Finger Food
23281,4.0,157,Finger Food
18493,4.2,1089,Finger Food
51420,3.8,29,Fast Food
244,2.8,41,North Indian
43627,3.4,20,North Indian
6803,3.5,48,North Indian
4691,3.5,12,Juices
37,4.0,324,Cafe
3349,3.7,168,Cafe
2756,4.3,1133,Cafe
6666,3.2,7,Continental
51100,3.0,23,North Indian
18,3.4,11,South Indian
35216,3.7,41,North Indian
41637,4.0,868,Continental
42059,3.4,9,Ice Cream
17277,2.8,94,North Indian
3772,3.8,132,Biryani
9616,3.1,36,Biryani
294,4.2,244,Italian
5816,,0,Italian
1714,,0,Kerala
10554,,0,North Indian
3656,3.1,15,North Indian
20898,,0,Fast Food
19272,,0,Bakery
1166,3.9,20,North Indian
4112,4.1,103,North Indian
254,3.7,21,North Indian
4739,3.7,32,North Indian
7594,3.7,48,North Indian
20045,4.0,141,North Indian
2975,4.0,59,North Indian
43339,3.8,38,Biryani
141,3.8,35,North Indian
7740,,0,North Indian
11978,3.8,115,North Indian
15906,4.1,220,North Indian
1628,3.6,55,North Indian
48332,3.9,32,North Indian
3783,4.0,23,North Indian
7192,3.8,178,North Indian
5611,,0,North Indian
40051,3.7,78,Bengali
1233,3.9,487,Continental
18284,4.4,2921,Vietnamese
3675,4.0,532,North Indian
5419,3.7,19,Bakery
17345,3.6,23,Sandwich
40325,,0,North Indian
22142,3.2,9,South Indian
6254,3.4,24,Continental
2408,3.7,95,Chinese
2527,4.5,799,Continental
4007,4.0,1022,North Indian
9320,,0,North Indian
462,,0,North Indian
3912,3.7,91,North Indian
1557,3.3,5,North Indian
2623,3.8,198,Italian
4553,3.8,74,Continental
4989,4.0,334,North Indian
5035,3.3,7,Healthy Food
20974,,0,Healthy Food
21073,3.6,27,Mediterranean
5304,,0,Biryani
4352,3.5,9,American
17285,3.0,15,Pizza
25052,3.3,17,Pizza
5043,3.8,80,Pizza
6403,3.5,14,Italian
8868,3.2,8,Fast Food
5723,2.9,57,Fast Food
39420,3.1,4,North Indian
42533,2.9,59,Cafe
14586,3.7,833,Pizza
47618,3.7,399,Pizza
2863,3.7,405,Pizza
13661,3.9,387,Pizza
1989,2.9,142,Pizza
17844,3.7,39,Pizza
31607,3.7,707,Pizza
10119,3.1,452,Pizza
43692,2.8,148,Pizza
3900,2.8,105,Pizza
913,3.8,693,Pizza
46040,3.6,436,Pizza
9308,3.8,236,Pizza
22719,2.7,434,Pizza
2000,2.7,159,Pizza
56,2.2,310,Pizza
41479,2.8,340,Pizza
43091,2.6,104,Pizza
22573,3.9,490,Pizza
31265,3.7,116,Pizza
27907,3.2,22,Pizza
39435,3.1,150,Pizza
48850,3.5,108,Pizza
20966,3.2,120,Pizza
3114,3.3,302,Pizza
26170,3.9,185,Pizza
8802,2.4,204,Pizza
48213,3.6,492,Pizza
9840,3.3,19,Pizza
6685,3.6,542,Pizza
24159,,0,Italian
17799,3.7,486,Pizza
40961,4.0,208,Pizza
45192,3.6,37,Pizza
18994,3.1,10,Pizza
17521,3.8,706,Pizza
1908,2.7,195,Pizza
15216,3.1,8,Fast Food
934,3.5,32,Pizza
6766,,0,Pizza
4900,,0,Pizza
6668,3.6,59,Pizza
20987,3.8,270,Pizza
1497,2.7,31,Pizza
15989,3.9,146,Pizza
3465,3.8,151,Pizza
18114,3.4,145,Pizza
46136,3.1,75,Pizza
14982,3.2,166,Pizza
3137,3.0,87,Pizza
4590,3.2,44,Pizza
41597,2.9,57,Pizza
27869,3.9,241,Pizza
1076,3.8,164,Pizza
4715,3.9,386,Pizza
10542,3.5,73,Pizza
17565,,0,Pizza
40345,3.6,26,Pizza
468,,0,North Indian
43536,3.9,49,Continental
16208,4.2,2020,American
13612,4.2,4422,American
18383,4.2,1651,American
48893,3.6,23,Continental
14085,,0,Cafe
14465,3.9,521,Andhra
41652,4.1,552,Cafe
10471,2.9,26,Street Food
41467,,0,Finger Food
40460,3.3,4,North Indian
29300,3.3,5,Continental
1999,4.3,650,South Indian
2394,3.6,6,Maharashtrian
4179,4.1,65,Street Food
4313,,0,Fast Food
7138,,0,Fast Food
29692,3.8,26,North Indian
579,4.2,185,North Indian
4585,3.9,20,Desserts
42014,4.0,165,Desserts
39076,3.9,115,Desserts
1654,4.0,145,Ice Cream
5905,4.2,213,Ice Cream
22791,4.1,71,Desserts
16624,4.0,150,Ice Cream
11487,4.0,221,Ice Cream
12713,3.8,46,Ice Cream
22249,3.8,221,Ice Cream
39348,4.0,88,Desserts
7859,3.9,188,Ice Cream
16966,4.5,41,Desserts
2244,3.9,116,Ice Cream
46066,4.1,322,Desserts
3752,3.9,105,Ice Cream
474,3.8,71,Ice Cream
30143,4.2,195,Desserts
2493,4.2,213,Ice Cream
7279,,0,Ice Cream
20848,,0,Desserts
40729,4.0,17,Desserts
41341,3.3,4,Biryani
14790,4.1,117,American
109,3.2,4,Desserts
23398,4.0,130,South Indian
45980,,0,Cafe
5713,3.1,9,South Indian
28567,3.7,17,Bengali
11641,,0,Bakery
1377,4.4,356,Mithai
3331,3.3,29,South Indian
19179,,0,Maharashtrian
10016,3.7,76,Chinese
1572,4.1,204,Ice Cream
4687,4.0,57,Ice Cream
5944,3.5,6,Ice Cream
12311,3.7,23,Bakery
4322,3.2,41,North Indian
3568,,0,Beverages
3764,3.9,823,Chinese
9042,3.7,36,Desserts
20828,4.1,150,Fast Food
28905,3.4,6,Goan
3598,4.3,2040,Steak
40631,,0,Bengali
41738,3.8,154,North Indian
19737,3.1,111,North Indian
14508,3.9,456,North Indian
6050,3.1,166,North Indian
1906,2.8,297,North Indian
18655,4.5,60,Chinese
28849,4.3,164,Chinese
4801,4.0,51,Fast Food
1126,3.4,9,Street Food
9423,4.1,1125,Biryani
1993,3.9,160,Biryani
3852,3.8,832,Biryani
39825,,0,Biryani
6090,3.5,12,Kerala
20878,3.6,11,South Indian
5346,3.3,5,North Indian
26272,,0,Chinese
10759,4.0,40,Beverages
15484,,0,Continental
680,,0,South Indian
38727,3.7,24,South Indian
470,3.3,47,North Indian
1692,3.4,26,South Indian
39068,3.9,51,North Indian
7865,3.2,4,Andhra
1730,3.9,111,North Indian
41756,4.0,238,Cafe
46202,4.0,95,South Indian
42297,2.9,14,South Indian
41894,3.5,10,South Indian
4681,3.7,170,Fast Food
42001,,0,Ice Cream
41570,3.2,70,Ice Cream
2153,,0,North Indian
40293,3.5,13,South Indian
42841,,0,Oriya
15853,,0,Seafood
12034,,0,Seafood
5147,3.2,7,Fast Food
1710,3.3,7,Biryani
40107,3.2,4,Ice Cream
16596,3.5,9,Ice Cream
1342,4.3,322,South Indian
14741,3.6,67,North Indian
1221,3.5,10,North Indian
21975,,0,Bakery
23684,3.0,25,Finger Food
13543,,0,Bakery
1931,3.7,74,Beverages
995,,0,South Indian
480,3.8,33,North Indian
51004,3.8,20,South Indian
48892,4.0,407,South Indian
42324,3.9,156,North Indian
9013,,0,North Indian
19176,,0,North Indian
12806,,0,North Indian
23690,4.5,7862,American
2417,4.2,174,Healthy Food
46038,2.9,49,Chinese
4041,3.5,116,Andhra
32532,,0,Asian
11222,4.3,956,North Indian
217,,0,Continental
11058,,0,Continental
5168,,0,Continental
48589,,0,Continental
16065,,0,Continental
2575,3.5,17,South Indian
19699,4.1,673,Street Food
41722,3.7,126,Cafe
178,3.6,25,Kerala
41864,4.1,532,Mangalorean
4036,4.3,688,Mangalorean
1369,4.2,444,South Indian
17813,3.6,27,Mithai
43463,3.5,39,Mithai
19002,3.7,28,Mithai
584,3.0,22,Mithai
3404,3.6,16,Beverages
7148,,0,Chinese
40903,,0,North Indian
1030,4.4,455,North Indian
16548,3.7,15,North Indian
24860,4.0,165,North Indian
40083,4.2,84,North Indian
1701,3.7,10,North Indian
42724,3.8,29,North Indian
17451,,0,North Indian
3902,3.0,38,North Indian
41537,4.9,1940,North Indian
18681,4.9,518,North Indian
40346,3.2,31,North Indian
41798,3.8,323,North Indian
4044,2.9,120,North Indian
5261,,0,North Indian
40499,,0,North Indian
20378,4.2,416,North Indian
969,4.2,3230,North Indian
40599,3.6,31,North Indian
24543,2.9,18,North Indian
40546,,0,North Indian
6669,3.8,38,North Indian
5585,3.2,9,North Indian
3917,3.9,202,North Indian
5887,2.4,221,North Indian
3658,2.9,248,North Indian
38536,3.6,79,North Indian
9174,3.5,350,North Indian
15726,2.8,53,North Indian
2189,,0,North Indian
40630,3.4,11,North Indian
4811,3.0,353,North Indian
42637,3.4,21,North Indian
3896,3.3,200,North Indian
10402,2.9,19,North Indian
5732,,0,North Indian
3775,3.0,12,North Indian
16883,3.5,40,North Indian
40626,2.8,68,North Indian
18435,3.6,202,Chinese
5672,,0,North Indian
1796,3.8,98,North Indian
8782,4.0,988,North Indian
4137,3.8,310,North Indian
10222,4.0,768,North Indian
3903,3.5,378,North Indian
42803,,0,North Indian
5685,,0,North Indian
779,,0,North Indian
40367,2.9,25,North Indian
831,2.8,67,North Indian
326,3.5,431,North Indian
2949,3.3,238,North Indian
2548,3.9,670,North Indian
40491,3.2,7,North Indian
3897,2.8,188,North Indian
6691,2.6,270,North Indian
42820,2.3,203,North Indian
41024,3.2,4,North Indian
25346,3.4,31,North Indian
43180,3.6,250,North Indian
17828,3.1,158,North Indian
41847,,0,North Indian
18091,,0,North Indian
4874,4.1,1027,North Indian
3455,4.1,1691,North Indian
18234,4.1,141,North Indian
7326,,0,North Indian
12866,,0,North Indian
6746,,0,North Indian
14495,3.6,88,North Indian
3381,3.7,23,North Indian
4082,3.7,5,North Indian
8392,3.8,7,North Indian
16975,3.7,10,North Indian
20774,,0,North Indian
8506,3.9,169,North Indian
41259,3.5,75,North Indian
40194,2.6,60,North Indian
43287,,0,North Indian
9203,3.2,4,North Indian
31180,4.1,238,North Indian
8581,4.1,315,North Indian
7587,4.1,239,North Indian
22457,,0,Healthy Food
1815,3.9,211,Fast Food
41855,2.6,30,Healthy Food
1779,3.4,275,Chinese
2893,3.7,829,Maharashtrian
22539,3.6,24,Maharashtrian
3531,3.9,25,Cafe
22336,,0,Bakery
3525,4.1,77,Healthy Food
14514,4.4,457,Healthy Food
23289,3.7,23,North Indian
19196,3.7,20,South Indian
46236,,0,South Indian
4448,4.4,319,North Indian
46268,3.3,4,South Indian
3345,,0,Biryani
16764,,0,South Indian
4155,4.2,166,Cafe
7235,3.6,25,Pizza
810,4.3,169,North Indian
7604,3.1,11,Kerala
10487,3.6,21,Beverages
19899,4.0,108,Seafood
4175,3.6,18,Beverages
686,,0,Chinese
4312,3.8,30,North Indian
7261,3.2,4,North Indian
17074,,0,Beverages
35690,3.9,86,Fast Food
8046,3.3,17,American
42326,4.2,168,Continental
18550,3.6,56,Chinese
15626,3.4,11,South Indian
15764,,0,Biryani
5401,,0,North Indian
18867,,0,South Indian
30013,3.7,13,Desserts
29216,3.7,13,Desserts
5203,3.8,298,North Indian
3327,3.6,22,Andhra
23030,,0,South Indian
19769,3.6,49,Fast Food
17637,,0,Chinese
17203,4.3,264,Fast Food
46157,3.3,4,Andhra
46288,,0,North Indian
12596,,0,Mughlai
41711,3.2,9,Chinese
38632,,0,South Indian
18303,3.3,244,Bengali
6857,,0,South Indian
21986,3.3,6,Chinese
14081,2.4,127,Cafe
4653,3.7,28,Biryani
19574,3.9,385,North Indian
13430,,0,Desserts
23570,3.2,4,South Indian
12414,4.4,222,South Indian
12716,3.7,20,South Indian
1827,3.5,13,South Indian
1813,3.9,233,Italian
41671,3.1,94,Mangalorean
408,3.1,64,Cafe
17589,,0,Kerala
7114,,0,Fast Food
15700,2.8,413,Mughlai
10851,2.6,307,Mughlai
45786,2.8,157,Mughlai
23032,3.5,312,Mughlai
3527,3.9,851,Mughlai
4496,3.8,283,Biryani
5407,3.3,4,Rolls
21956,3.9,247,Arabian
4574,4.0,169,Arabian
41604,,0,North Indian
7369,3.7,47,North Indian
18375,3.5,15,South Indian
3841,3.5,12,North Indian
21804,,0,Mithai
4794,3.4,20,Chinese
7785,,0,North Indian
17152,2.8,79,North Indian
558,,0,South Indian
49051,3.7,49,Biryani
2080,4.1,164,Biryani
2009,,0,North Indian
4720,,0,Mithai
1627,4.0,170,North Indian
2088,4.0,465,South Indian
26312,,0,North Indian
11566,4.0,792,North Indian
14384,4.0,1129,North Indian
41751,4.0,610,North Indian
18649,3.8,741,North Indian
4726,3.9,561,North Indian
82,3.9,886,North Indian
40255,3.9,902,Rajasthani
11958,,0,Fast Food
2916,3.5,59,North Indian
239,,0,North Indian
12294,,0,North Indian
4870,2.8,20,Street Food
169,3.9,314,Street Food
2256,3.7,27,North Indian
20855,3.5,16,North Indian
42874,3.6,10,North Indian
992,3.6,13,Street Food
4995,3.8,24,Chinese
6826,3.6,14,South Indian
5402,,0,South Indian
5026,4.0,378,North Indian
427,3.0,29,Rajasthani
18976,3.9,39,South Indian
15799,3.9,122,Beverages
10469,3.8,93,Beverages
4772,3.7,43,Beverages
3911,3.6,20,Beverages
38311,2.9,25,Beverages
4421,3.3,30,Beverages
4593,3.1,25,Street Food
9795,,0,Street Food
4157,3.7,434,North Indian
23712,3.3,38,South Indian
2309,4.2,760,South Indian
3631,2.9,313,North Indian
44091,,0,South Indian
9305,,0,South Indian
14491,3.9,138,North Indian
6953,,0,Desserts
7442,3.9,61,Kerala
9128,3.7,19,Kerala
220,,0,Kerala
40394,,0,Kerala
19175,3.6,9,Kerala
21932,3.4,6,Cafe
8890,,0,Fast Food
28937,3.2,6,Andhra
42417,,0,Kebab
4923,3.9,402,South Indian
2093,3.3,128,North Indian
47494,,0,North Indian
998,,0,North Indian
5050,3.5,43,North Indian
3346,4.3,765,Rajasthani
8874,,0,Continental
16514,3.8,20,Juices
5446,3.5,9,Desserts
42822,3.4,4,North Indian
40533,,0,North Indian
22555,4.1,172,Continental
6020,3.3,6,North Indian
12929,3.6,155,North Indian
6230,,0,North Indian
3945,3.9,225,North Indian
40076,3.3,9,Andhra
7419,,0,Andhra
41702,3.2,112,Andhra
1355,,0,Andhra
21381,3.2,9,Andhra
16908,3.6,116,Andhra
20268,3.5,35,Andhra
17087,3.7,36,Andhra
496,3.6,26,Andhra
23207,,0,Biryani
2360,3.7,31,North Indian
23680,,0,South Indian
5301,2.7,48,North Indian
6545,3.3,34,Continental
1073,3.6,16,South Indian
35380,4.1,146,South Indian
3554,,0,Bakery
5025,3.7,69,Andhra
5195,3.6,76,Andhra
19215,3.4,32,Andhra
40360,3.3,4,Biryani
556,,0,Biryani
41286,3.2,4,Biryani
22346,3.7,29,South Indian
18859,4.2,253,South Indian
231,4.0,804,North Indian
1711,,0,Chinese
28658,3.0,20,Biryani
7213,3.0,21,Biryani
18056,3.0,18,Chinese
7307,,0,Chinese
4724,3.2,93,North Indian
46116,,0,Andhra
522,2.9,18,South Indian
15403,3.6,216,North Indian
40940,3.7,27,North Indian
14296,3.2,146,North Indian
4710,3.7,161,Chinese
257,4.3,548,Chinese
768,,0,North Indian
39978,4.4,1980,Continental
404,,0,North Indian
5596,,0,North Indian
4972,3.8,91,North Indian
156,4.0,219,Cafe
2246,,0,North Indian
39414,3.2,8,South Indian
1358,3.2,6,South Indian
22129,,0,North Indian
17009,,0,Andhra
21383,2.7,76,Chinese
21821,3.4,15,South Indian
4949,3.1,46,Andhra
4242,3.4,9,Fast Food
6624,3.3,4,Andhra
3727,3.7,141,Andhra
40044,3.1,35,Andhra
3713,3.6,34,Andhra
5040,3.4,6,Andhra
3958,3.8,91,North Indian
17215,3.6,297,Continental
20287,,0,Fast Food
16805,3.2,501,Cafe
2418,4.1,57,Juices
16964,3.7,118,Chinese
10645,,0,Street Food
171,3.6,68,North Indian
23020,3.6,147,North Indian
18775,3.8,263,Continental
27925,3.0,160,North Eastern
17940,3.6,97,North Indian
21987,,0,Fast Food
19227,,0,Bakery
42781,,0,North Indian
857,4.3,385,Singaporean
7078,4.5,550,Malaysian
12560,3.8,41,Beverages
6923,3.7,40,Chinese
420,3.8,30,Cafe
4145,3.5,86,Chinese
11936,3.8,108,North Indian
896,3.5,21,South Indian
2187,,0,North Indian
5964,,0,Biryani
29435,2.7,61,Arabian
6920,3.1,7,North Indian
9234,3.1,6,North Indian
24559,3.1,20,North Indian
21679,,0,North Indian
16936,3.0,12,North Indian
5283,,0,North Indian
40411,,0,North Indian
19267,3.0,10,North Indian
5469,3.5,24,North Indian
17574,,0,North Indian
7706,,0,Andhra
13115,,0,North Indian
5005,3.1,14,Desserts
9360,4.0,624,Desserts
46189,3.6,133,Biryani
2002,,0,Pizza
8411,4.6,979,Thai
8084,3.9,44,Tibetan
20306,4.0,121,Pizza
21014,,0,North Indian
1000,,0,Fast Food
41528,3.9,244,North Indian
17041,3.8,57,North Indian
5475,3.8,106,Biryani
4511,3.7,48,North Indian
1181,3.5,43,North Indian
51353,,0,Bakery
40097,,0,North Indian
21021,,0,North Indian
39873,3.9,487,North Indian
14348,4.1,270,North Indian
15763,,0,Biryani
20873,3.1,6,North Indian
5673,,0,North Indian
9185,,0,North Indian
5953,,0,South Indian
2054,,0,North Indian
3252,3.5,13,Fast Food
1215,3.5,17,Andhra
41950,,0,South Indian
1864,,0,South Indian
18553,3.8,99,North Indian
41929,3.7,17,Fast Food
4239,,0,Desserts
13334,,0,Ice Cream
41699,,0,Desserts
48308,3.5,13,Ice Cream
8004,,0,Rolls
3170,4.0,128,Ice Cream
9705,3.3,8,North Indian
4237,4.4,487,Modern Indian
9187,3.4,9,Chinese
15186,3.9,137,Street Food
4283,3.2,18,Street Food
6942,3.1,8,Fast Food
22189,,0,Fast Food
41327,3.1,8,Fast Food
5325,2.9,56,Fast Food
12309,,0,Rolls
610,,0,Biryani
5736,3.7,33,Chinese
689,3.8,124,Chinese
24006,3.8,61,Fast Food
4293,4.1,240,Desserts
48355,3.8,75,Desserts
722,4.1,438,Desserts
15511,4.2,216,Desserts
22260,4.1,174,Ice Cream
41628,3.9,89,Ice Cream
6408,3.3,7,Rolls
4459,3.6,176,Biryani
6604,4.1,209,Continental
29381,,0,Fast Food
30301,,0,Desserts
48299,3.8,35,Desserts
20893,,0,Rolls
21174,4.4,143,Rolls
5651,3.9,213,Burger
11631,,0,Chinese
2229,3.6,22,Fast Food
41927,3.8,78,Fast Food
5586,3.2,7,Fast Food
46227,3.5,18,Fast Food
19994,3.8,117,Fast Food
2761,3.7,32,Fast Food
13327,3.0,18,Fast Food
22102,2.8,69,Fast Food
32385,2.6,153,Fast Food
75,3.6,255,Fast Food
5694,3.5,132,Fast Food
11655,3.5,45,Fast Food
8987,3.6,217,Fast Food
6789,3.4,25,Fast Food
16884,3.2,122,Fast Food
5559,3.7,61,Fast Food
4698,3.5,13,Fast Food
16152,2.8,127,Fast Food
23997,3.1,138,Fast Food
40289,3.1,76,Fast Food
1828,2.7,23,Fast Food
2899,3.4,145,Fast Food
376,3.6,299,Fast Food
42824,3.5,56,Fast Food
511,3.7,61,Fast Food
354,,0,North Indian
7833,3.1,12,Chinese
7754,,0,Finger Food
604,3.1,9,Fast Food
2349,4.1,825,Cafe
14347,4.0,171,North Indian
4754,4.5,1877,North Indian
6224,3.6,13,Beverages
35,3.6,8,North Indian
4855,3.6,22,Chinese
1616,3.9,750,North Indian
17045,4.0,107,North Indian
3262,,0,North Indian
2940,3.8,61,North Indian
3148,4.0,199,North Indian
4345,,0,North Indian
4735,3.1,28,Street Food
17460,,0,North Indian
48330,3.5,35,South Indian
3181,,0,South Indian
11597,3.4,11,South Indian
5500,3.5,21,South Indian
41924,,0,South Indian
26487,,0,South Indian
7683,3.6,13,South Indian
15346,3.5,16,South Indian
46085,3.5,27,South Indian
1269,4.2,468,Cafe
271,4.0,1047,Italian
41519,4.0,124,Bengali
42246,4.3,413,North Indian
11753,,0,Bakery
46293,3.8,16,Desserts
2192,3.8,307,Chinese
42701,4.0,223,Hyderabadi
41955,,0,Biryani
3279,,0,Biryani
1724,3.9,187,Biryani
13141,4.0,269,North Indian
3894,3.3,57,Bengali
7064,4.0,193,South Indian
1887,3.7,14,Street Food
5960,,0,Kerala
32627,,0,South Indian
46088,3.6,12,North Indian
6399,,0,Hyderabadi
702,3.4,5,Desserts
34506,3.1,8,Fast Food
20303,,0,Cafe
43258,3.4,57,Biryani
7178,,0,North Indian
4364,3.9,68,North Indian
5656,3.2,7,North Indian
5174,3.1,14,North Indian
9299,,0,North Indian
1350,,0,South Indian
34357,,0,Biryani
5645,,0,North Indian
7518,4.1,435,North Indian
6832,3.7,26,North Indian
8176,,0,Biryani
29149,,0,Biryani
4840,3.5,16,North Indian
4147,,0,South Indian
13212,3.5,19,Desserts
5340,3.5,6,Desserts
4198,3.4,7,Mithai
5997,3.4,9,Mithai
20879,3.2,7,North Indian
770,,0,Bengali
42191,3.7,21,Biryani
12494,3.4,10,North Indian
41918,,0,Biryani
36616,,0,South Indian
36618,,0,South Indian
1352,,0,Chinese
25423,,0,Chinese
3502,4.3,754,Rajasthani
45178,4.1,268,North Indian
42100,4.2,608,Chinese
275,3.7,217,North Indian
6692,4.1,530,Chinese
46501,,0,South Indian
50149,4.0,67,South Indian
4104,3.3,59,Biryani
23202,,0,Biryani
46347,,0,Biryani
22886,,0,North Indian
6414,,0,South Indian
600,3.3,8,South Indian
42857,,0,Andhra
1632,4.0,262,South Indian
1667,2.7,123,Fast Food
6407,,0,Chinese
1910,3.5,134,Biryani
1911,,0,Andhra
1517,3.3,7,North Indian
40422,,0,North Indian
1457,3.8,75,Fast Food
17282,3.3,4,North Indian
23369,,0,Rolls
3437,4.1,3020,North Indian
1088,4.1,464,Cafe
46273,,0,Biryani
5679,,0,North Indian
1738,4.0,159,Bengali
39733,4.3,1499,European
4369,4.0,65,Mithai
14189,4.2,1279,Continental
1395,3.8,577,North Indian
1111,3.3,4,Street Food
24505,3.3,11,Chinese
46240,3.3,14,North Indian
19312,,0,Fast Food
22789,3.4,14,North Indian
2066,3.7,33,Fast Food
14467,3.3,77,Biryani
6000,3.5,10,Bakery
3,3.3,16,Andhra
20885,3.4,6,North Indian
4411,3.7,24,Beverages
27393,3.3,4,Continental
25694,3.2,6,South Indian
46565,,0,South Indian
1525,3.2,4,North Indian
20128,,0,South Indian
48925,,0,Street Food
42228,,0,Biryani
2253,,0,South Indian
265,3.4,10,Biryani
9606,,0,South Indian
41954,,0,Biryani
7847,3.7,21,American
17338,3.7,216,American
17064,3.5,9,Rolls
43841,,0,South Indian
9180,3.9,89,Fast Food
1065,4.2,117,North Indian
1066,4.3,104,North Indian
3260,3.4,6,Fast Food
2494,3.9,284,North Indian
7728,,0,North Indian
8403,2.8,130,North Indian
14919,4.1,128,Beverages
5249,3.3,41,Biryani
5690,,0,North Indian
11803,4.1,1372,Continental
43525,4.5,457,North Indian
23282,4.0,667,North Indian
35524,4.0,152,North Indian
49038,3.6,101,South Indian
6926,3.8,38,Chinese
3741,3.9,87,North Indian
778,3.2,167,South Indian
14302,3.4,148,South Indian
12748,,0,South Indian
7329,3.7,66,South Indian
1751,4.0,137,South Indian
3231,4.0,76,South Indian
2164,3.8,31,South Indian
42321,4.3,813,North Indian
41540,3.2,37,North Indian
48209,3.6,7,South Indian
41620,3.7,119,North Indian
498,3.4,5,Bengali
46099,3.9,162,North Indian
1485,,0,South Indian
9889,3.7,47,North Indian
19716,,0,South Indian
8498,,0,Andhra
2760,3.8,337,Andhra
22233,3.2,11,Mughlai
41720,3.5,11,Fast Food
500,,0,South Indian
728,,0,South Indian
16299,3.4,9,South Indian
9018,,0,South Indian
22322,4.1,143,North Indian
19010,4.1,122,North Indian
1920,,0,South Indian
7500,3.8,23,South Indian
5181,3.6,45,Biryani
5134,3.2,6,South Indian
38722,,0,South Indian
2050,,0,South Indian
6977,3.3,9,Fast Food
3823,3.8,62,South Indian
42159,4.0,212,North Indian
8767,2.8,14,South Indian
929,,0,Sandwich
193,,0,South Indian
9211,3.8,27,Fast Food
16653,3.7,41,Street Food
12194,4.3,518,Japanese
7258,3.0,38,North Indian
41624,3.8,162,Rolls
41653,3.8,28,Healthy Food
17791,3.4,230,Chettinad
5819,,0,Arabian
10669,,0,South Indian
40808,4.4,2073,North Indian
1033,4.4,677,North Indian
1981,3.2,77,North Indian
21120,4.3,517,Kerala
11505,4.1,247,Kerala
967,3.6,74,North Indian
1590,3.7,50,Biryani
1734,4.1,442,Continental
14162,4.4,186,Mediterranean
4852,3.9,533,Andhra
6959,4.1,2047,North Indian
4575,4.0,246,North Indian
32003,3.4,7,North Indian
46379,3.5,11,Fast Food
42215,,0,South Indian
7253,,0,Biryani
4890,3.6,97,Biryani
5137,3.7,32,Street Food
20623,2.8,20,Street Food
10925,3.6,23,Street Food
3931,3.1,9,Street Food
5630,3.4,6,Street Food
17205,4.1,372,Street Food
7546,4.1,42,Street Food
5128,4.0,153,Street Food
17803,4.0,239,Street Food
9535,,0,North Indian
2338,4.0,326,Street Food
1780,4.0,427,Street Food
14528,3.7,43,Street Food
21872,,0,North Indian
282,3.2,5,North Indian
8147,,0,North Indian
41857,,0,Street Food
39944,,0,North Indian
3413,3.9,190,Kerala
7481,3.6,70,Chinese
21791,3.5,16,South Indian
41754,3.2,7,North Indian
23685,3.8,29,North Indian
15242,4.1,484,South Indian
48543,,0,South Indian
5103,3.0,45,Biryani
1376,,0,Andhra
7423,3.6,11,South Indian
1284,2.9,18,Andhra
42501,,0,South Indian
46065,3.7,67,South Indian
632,4.1,139,North Indian
42282,2.9,35,North Indian
48354,3.2,5,North Indian
48469,,0,North Indian
6,3.8,918,Cafe
39400,3.3,19,Biryani
42263,4.1,432,Kerala
14018,4.3,1028,Mexican
15382,,0,Mexican
22101,3.1,16,Mithai
23577,,0,Biryani
58,2.9,126,South Indian
12375,,0,North Indian
2982,3.5,56,South Indian
19958,3.2,10,North Indian
48565,,0,Sandwich
1942,3.4,12,Fast Food
320,,0,Fast Food
1774,3.8,53,Ice Cream
7023,3.2,4,Fast Food
7867,,0,Fast Food
6572,2.9,47,Fast Food
7884,,0,Chinese
9165,3.3,8,Fast Food
10475,3.9,104,Fast Food
1477,3.7,35,Fast Food
1952,4.0,133,Fast Food
6107,3.6,32,Fast Food
9246,,0,Juices
43675,,0,North Indian
7582,3.6,34,Healthy Food
7577,3.1,4,Fast Food
22060,4.2,216,South Indian
3178,3.2,14,South Indian
38989,3.7,81,North Indian
2106,3.9,148,Mithai
37075,4.0,122,Mithai
20976,,0,Mithai
8976,3.8,75,Mithai
10247,3.1,26,Mithai
46180,3.6,91,Street Food
42289,3.4,11,North Indian
46410,4.0,421,Continental
1715,3.9,57,South Indian
19767,4.0,152,North Indian
21810,3.3,5,Fast Food
1826,3.9,33,South Indian
44043,3.1,15,South Indian
982,3.0,102,South Indian
19700,3.6,83,Andhra
3081,4.3,331,Burger
42266,4.0,149,North Indian
7397,3.5,13,South Indian
48876,3.2,4,South Indian
3778,3.8,49,South Indian
51557,,0,Mithai
47793,4.9,246,Healthy Food
5975,3.9,35,Mithai
1141,3.4,5,Andhra
6200,,0,North Indian
41575,3.7,69,North Indian
5508,,0,North Indian
36752,,0,Juices
47361,3.4,4,South Indian
8856,2.9,34,South Indian
34613,3.3,5,South Indian
20894,,0,South Indian
51358,3.2,4,North Indian
29236,,0,Beverages
17031,,0,Beverages
42818,,0,Beverages
136,,0,Beverages
51330,,0,Beverages
6999,,0,North Indian
7000,,0,North Indian
9878,,0,Bakery
22127,,0,Chinese
13373,,0,Bakery
48706,,0,Fast Food
6616,3.4,5,Biryani
24792,3.8,42,Fast Food
43902,,0,South Indian
43073,,0,North Indian
5730,,0,North Indian
21315,,0,North Indian
2124,4.0,750,North Indian
41569,3.1,44,North Indian
1522,4.0,304,North Indian
7228,,0,North Indian
3998,4.6,1193,American
43876,,0,South Indian
5415,3.2,4,Biryani
4292,3.6,122,South Indian
2786,3.7,44,North Indian
46340,,0,South Indian
39393,3.6,97,North Indian
17523,3.1,216,Chinese
47679,,0,South Indian
11532,4.1,759,North Indian
57,3.6,22,Chinese
2409,3.6,75,North Indian
3187,,0,South Indian
41891,3.7,212,North Indian
15731,3.5,9,Bihari
3818,4.3,353,North Indian
38966,4.4,2127,North Indian
42042,3.6,25,Desserts
114,3.5,11,South Indian
48503,,0,Mithai
6297,,0,Biryani
6481,3.5,11,Fast Food
2689,3.7,11,Cafe
4354,,0,Beverages
35706,3.7,136,North Indian
38569,3.4,10,South Indian
5427,3.2,6,North Indian
48241,3.2,27,South Indian
39119,4.2,343,North Indian
42401,,0,South Indian
1933,4.0,196,North Indian
48394,3.9,441,North Indian
5800,3.3,10,North Indian
4766,3.9,1227,Arabian
2023,3.9,467,Arabian
14764,3.6,31,Arabian
23005,3.7,370,Arabian
3086,4.1,1447,Arabian
3978,2.9,827,Arabian
979,3.9,420,Arabian
19810,3.3,4,South Indian
41164,2.7,263,Pizza
41904,2.7,268,Pizza
17496,3.4,16,Pizza
20588,3.3,80,Pizza
6340,,0,North Indian
41565,3.3,7,Desserts
14624,3.9,191,Finger Food
153,3.3,4,Cafe
7566,3.4,9,South Indian
17239,4.6,545,North Indian
18947,3.5,9,Seafood
41896,4.6,514,Mangalorean
41888,4.1,426,Seafood
46319,3.7,18,South Indian
1429,4.0,349,Seafood
41890,3.9,36,Seafood
3286,4.1,298,Chinese
42502,3.5,8,North Indian
8505,4.3,334,North Indian
2437,3.8,500,North Indian
1058,2.9,380,North Indian
4973,3.8,60,Arabian
4638,4.3,1101,Cafe
29703,4.3,1108,Cafe
9744,3.6,25,Italian
41389,3.3,4,North Indian
12727,3.7,19,Beverages
19049,3.9,49,Coffee
12528,,0,South Indian
8113,,0,North Indian
19989,3.4,9,Beverages
24768,3.7,86,Mexican
443,,0,North Indian
25110,,0,North Indian
20779,,0,North Indian
5759,,0,North Indian
40677,,0,North Indian
5714,,0,North Indian
48599,,0,North Indian
41670,,0,North Indian
1154,,0,North Indian
30951,,0,North Indian
6602,,0,North Indian
15340,3.6,228,North Indian
3052,,0,North Indian
1285,2.8,38,North Indian
1508,3.4,7,North Indian
1886,3.6,14,Chinese
48382,3.5,162,Biryani
11343,3.7,9,South Indian
4863,3.9,55,Biryani
13890,3.6,68,Biryani
2303,3.9,120,Biryani
194,3.8,101,Biryani
11018,3.6,41,Biryani
20758,3.7,11,South Indian
41808,3.2,7,Biryani
43218,3.1,68,Biryani
22784,3.6,24,Biryani
41681,3.7,61,North Indian
17221,,0,North Indian
8751,2.9,18,Biryani
3930,2.8,296,Biryani
223,,0,Biryani
1916,3.0,30,Biryani
21070,2.6,22,Biryani
6065,3.1,9,North Indian
20450,2.9,84,North Indian
4762,3.6,207,Kerala
16614,4.0,237,Kerala
8192,3.5,16,South Indian
12842,,0,Desserts
5003,,0,Rolls
2586,3.5,221,Mithai
5706,,0,Mughlai
19621,,0,Biryani
2226,3.3,5,Chinese
46521,3.9,50,Street Food
32481,2.9,11,North Indian
2920,3.3,73,North Indian
42716,3.4,4,North Indian
22630,3.1,150,North Indian
5125,,0,North Indian
6474,3.9,40,Rolls
10519,3.1,27,North Indian
4451,3.2,6,Chinese
21981,3.2,6,North Indian
12861,,0,South Indian
23532,,0,Beverages
7601,,0,Beverages
18887,3.9,52,Beverages
44124,3.6,15,Beverages
11032,4.4,659,Beverages
3426,4.0,66,Beverages
15839,4.2,159,Beverages
22225,3.9,17,Beverages
4184,4.0,60,Beverages
12474,3.6,18,Beverages
428,3.3,4,Beverages
42044,3.6,9,Beverages
4671,,0,Juices
4200,,0,Juices
11151,,0,Juices
18766,,0,Juices
7812,,0,Juices
29281,,0,Juices
41868,,0,Juices
21418,,0,Juices
40627,,0,Juices
12154,3.9,84,Continental
837,4.5,155,Beverages
19452,,0,Beverages
13574,4.4,256,Asian
41749,3.1,12,North Indian
3175,4.0,154,North Indian
15528,,0,Fast Food
22137,3.3,21,Chinese
5658,3.0,20,Kerala
17868,3.1,71,North Indian
25117,4.0,220,Chinese
22086,,0,North Indian
868,,0,North Indian
38343,4.2,344,Chinese
6418,3.4,12,Asian
4659,4.1,248,Chinese
4537,4.2,421,Chinese
25895,4.1,181,Chinese
32675,2.8,13,Chinese
8966,3.2,23,Chinese
310,3.4,9,Chinese
21792,3.5,9,Chinese
22180,3.1,11,Chinese
8820,3.8,33,South Indian
17409,,0,Sandwich
7507,3.1,39,Biryani
11265,4.4,1944,Biryani
18044,4.0,546,Biryani
2915,4.0,985,Biryani
10178,4.0,774,Biryani
9110,3.9,142,Biryani
42631,3.9,1994,Biryani
39826,3.9,770,Biryani
21183,,0,Biryani
48629,3.4,7,Ice Cream
1302,3.1,28,South Indian
46059,3.9,111,South Indian
48440,3.8,74,South Indian
1801,3.6,519,South Indian
3115,4.1,205,South Indian
3291,3.1,8,South Indian
5087,2.7,52,South Indian
18074,3.4,9,Mithai
24369,3.8,23,Mithai
24716,,0,Mithai
3453,3.9,392,Biryani
11134,4.3,1520,Mughlai
6141,4.3,267,Mughlai
885,,0,North Indian
2260,4.0,457,North Indian
2185,,0,Kerala
6402,3.5,8,North Indian
24140,,0,South Indian
46279,3.3,4,Rolls
6190,3.3,8,Beverages
10893,,0,Arabian
5959,,0,Arabian
9066,3.4,9,Arabian
10647,,0,Arabian
5434,3.2,6,Rolls
1700,3.1,31,Rolls
3240,,0,Rolls
3628,3.1,28,Rolls
3014,3.5,39,Arabian
3025,3.7,80,Arabian
17597,,0,Bakery
28049,,0,North Indian
960,3.7,159,Cafe
13708,4.2,405,Arabian
3969,3.6,39,Cafe
7017,,0,Desserts
3697,4.1,69,North Indian
38631,,0,South Indian
40436,,0,South Indian
4556,3.7,62,North Indian
2721,3.2,19,North Indian
3594,3.4,414,North Indian
46349,,0,Ice Cream
2651,3.7,40,Cafe
909,3.5,262,Continental
18585,3.9,644,Continental
11860,3.9,579,Continental
858,3.6,180,Continental
22466,3.8,360,Continental
4860,4.0,580,Continental
4712,3.7,109,Mangalorean
3613,4.1,391,Chinese
5144,4.2,1867,Finger Food
6127,3.6,17,Bakery
5976,3.6,37,South Indian
5375,,0,South Indian
9210,,0,North Indian
3779,4.4,2230,Japanese
17616,,0,Fast Food
12654,,0,South Indian
7746,3.6,10,South Indian
6943,2.9,85,South Indian
12658,,0,South Indian
17636,,0,South Indian
9028,3.6,10,South Indian
891,,0,South Indian
12810,3.9,152,Chinese
11737,3.0,10,South Indian
7037,3.2,4,North Indian
4387,3.5,74,North Indian
1626,4.0,175,Street Food
40522,,0,South Indian
5311,,0,North Indian
6463,3.7,19,Street Food
7,3.5,10,North Indian
32092,3.2,4,South Indian
9785,,0,South Indian
22081,3.3,4,North Indian
17212,,0,Cafe
46460,,0,South Indian
38559,3.4,10,South Indian
19318,3.2,4,South Indian
17241,,2497,South Indian
6822,3.6,26,Biryani
46241,3.4,8,North Indian
2183,,0,North Indian
40100,4.4,1313,Asian
412,3.6,14,North Indian
46173,3.5,45,North Indian
48488,3.2,4,Mughlai
41332,,0,North Indian
559,,0,South Indian
18973,3.3,7,South Indian
553,,0,South Indian
3247,3.0,17,North Indian
255,4.1,28,Fast Food
47234,3.2,7,North Indian
3111,3.1,9,Beverages
16709,,0,Juices
13187,,0,South Indian
6044,3.3,5,Fast Food
6284,3.6,26,Street Food
41550,3.5,40,Chinese
8112,,0,Chinese
41635,3.6,28,North Indian
32536,,0,North Indian
7297,,0,North Indian
4371,4.2,166,North Indian
3664,3.9,356,North Indian
4377,3.4,76,North Indian
19275,,0,Ice Cream
48302,3.8,26,Mithai
4326,,0,Mithai
1527,3.2,8,Mithai
46185,3.6,34,Mithai
41838,3.9,61,Mithai
1310,,0,Mithai
11045,3.3,10,Mithai
1257,3.7,38,South Indian
24806,3.4,9,North Indian
24924,3.2,4,Mithai
8915,3.3,10,Desserts
17917,3.5,11,Desserts
11636,3.7,31,Desserts
1799,4.1,840,South Indian
13177,3.3,5,Andhra
1489,3.2,7,North Indian
5657,3.2,4,South Indian
46625,2.9,16,South Indian
3158,2.8,33,North Indian
36666,,0,South Indian
189,,0,South Indian
31401,3.4,9,Mithai
3813,3.6,18,Mithai
7597,4.0,181,North Indian
3829,3.8,14,South Indian
4744,3.5,17,South Indian
3312,,0,South Indian
9252,,0,South Indian
18043,4.0,82,South Indian
2079,4.0,65,South Indian
16458,3.7,130,North Indian
18255,3.8,36,North Indian
22453,3.3,6,Bengali
42310,,0,North Indian
1554,3.0,7,South Indian
41235,,0,South Indian
41520,3.3,7,South Indian
48821,,0,South Indian
3136,,0,South Indian
20222,3.7,96,South Indian
24921,3.5,11,Bakery
2373,,0,Andhra
1081,3.9,371,South Indian
13385,,0,South Indian
8300,4.0,164,Street Food
48950,,0,South Indian
5097,,0,South Indian
46049,3.9,31,South Indian
781,3.7,17,Fast Food
1229,3.2,11,Beverages
4378,3.0,139,North Indian
1307,3.5,11,Mithai
2032,3.3,8,North Indian
39012,3.7,21,Cafe
11502,3.9,331,Street Food
41496,4.0,340,Chinese
3758,4.1,598,North Indian
3827,4.1,87,North Indian
3272,3.5,18,North Indian
20275,,0,North Indian
9245,,0,Fast Food
18369,3.2,9,Biryani
17666,,0,Biryani
11189,3.6,82,North Indian
10876,4.0,492,Chinese
4454,4.1,268,Chinese
15176,4.1,274,South Indian
40462,3.6,33,North Indian
15146,4.5,174,North Indian
751,3.1,68,Mughlai
5236,3.9,431,Mughlai
13260,,0,South Indian
7060,,0,Kerala
22152,3.4,9,Continental
18235,4.5,2949,North Indian
12306,3.9,134,Italian
13655,4.2,217,European
4075,3.9,28,North Indian
6842,,0,Fast Food
22401,4.4,1099,North Indian
1039,3.7,26,Desserts
24194,4.2,376,Street Food
1022,3.8,514,Chinese
8707,4.0,1551,North Indian
21576,,0,Fast Food
31989,2.7,47,North Indian
4996,3.7,31,Chinese
575,3.5,17,Continental
38550,3.3,4,North Indian
21906,3.2,55,North Indian
38655,3.4,9,South Indian
18659,4.0,510,Andhra
17461,3.8,39,North Indian
11197,4.5,1932,Continental
3037,3.5,8,South Indian
5456,3.9,681,North Indian
5238,3.4,6,Mughlai
41753,4.2,166,North Indian
46244,3.2,4,North Indian
42408,,0,South Indian
19915,3.1,19,Chinese
6344,3.3,5,North Indian
5855,3.8,67,North Indian
16014,3.7,243,North Indian
41686,3.8,21,Fast Food
4286,3.2,10,North Indian
42398,,0,South Indian
4317,3.6,44,Cafe
5820,3.3,11,Fast Food
1835,3.6,218,North Indian
17008,,0,Healthy Food
49106,,0,Fast Food
24971,,0,Chinese
5278,3.4,5,South Indian
1599,3.8,88,North Indian
43775,,0,North Indian
1057,3.9,419,South Indian
1262,4.4,159,Cafe
16730,,0,North Indian
41714,2.9,23,Chinese
42650,4.1,99,Continental
23433,3.9,224,Chinese
23508,3.1,5,Mughlai
29378,,0,North Indian
1125,3.2,6,South Indian
22210,3.3,4,South Indian
21925,3.5,15,South Indian
18047,3.2,22,South Indian
46335,3.5,14,South Indian
4424,,0,Desserts
2718,4.3,570,Cafe
46651,,0,South Indian
46106,3.4,43,South Indian
8117,,0,Bakery
17529,3.2,5,Desserts
4931,,0,Juices
807,4.0,537,North Indian
13974,4.2,1418,Continental
12645,3.4,33,North Indian
18406,4.0,769,Cafe
2603,4.0,324,North Indian
3454,3.6,255,North Indian
4032,3.7,127,Cafe
13232,3.3,5,North Indian
13878,4.2,3116,Continental
2044,4.0,79,Maharashtrian
41475,3.6,99,Cafe
1296,4.1,50,Cafe
6958,3.1,4,North Indian
2497,4.1,707,Cafe
2859,,0,North Indian
15928,3.9,26,South Indian
7104,3.7,42,European
48878,3.9,96,Arabian
924,3.9,21,Finger Food
1019,3.8,76,Finger Food
7350,4.0,62,Finger Food
2767,,0,Beverages
10724,,0,Beverages
18533,3.5,8,Beverages
43395,3.4,4,Beverages
41580,,0,Beverages
10093,,0,Beverages
24304,,0,Beverages
4287,3.3,6,Beverages
666,,0,Andhra
15457,3.5,5,Chinese
1657,4.1,364,South Indian
43844,,0,South Indian
38582,3.0,21,South Indian
19698,3.3,57,South Indian
7783,,0,South Indian
8871,3.2,4,Biryani
3005,,0,South Indian
3119,4.1,94,South Indian
38677,,0,South Indian
12913,4.2,377,South Indian
725,,0,South Indian
2931,3.8,189,South Indian
1504,3.1,14,South Indian
26509,3.5,4,South Indian
18221,4.4,953,Modern Indian
41330,,0,Street Food
6398,,0,South Indian
14339,4.2,538,North Indian
40877,4.0,189,North Indian
9931,,0,Fast Food
1470,,0,Cafe
38,4.2,504,Cafe
7975,4.0,128,Cafe
39041,4.2,1440,Cafe
13925,4.0,399,Cafe
8683,4.3,3547,Cafe
1341,4.2,1692,Cafe
2755,4.1,1852,Cafe
6631,,0,North Indian
4640,4.0,1205,Cafe
324,,0,Fast Food
46219,,0,North Indian
11845,4.0,1382,Continental
41608,4.2,674,Continental
4935,3.3,4,Continental
40242,3.6,171,Continental
24904,2.8,100,Continental
4187,3.8,94,Continental
2835,3.6,36,Fast Food
14599,4.6,5421,European
3429,4.6,2496,European
5912,,0,Arabian
2518,3.3,10,Biryani
10190,3.6,91,Biryani
5047,3.8,264,North Eastern
5323,3.2,7,Cafe
5734,3.4,20,North Indian
17321,3.7,22,Juices
40091,,0,Beverages
19525,3.0,14,Fast Food
20755,3.7,16,Desserts
1368,4.2,99,Desserts
13813,4.6,1687,Desserts
3967,3.6,18,Desserts
13276,4.1,63,Desserts
3128,4.2,600,Desserts
39009,4.2,287,Desserts
4513,3.7,44,Desserts
39792,4.4,390,Desserts
7096,,0,Desserts
22300,,0,Desserts
6875,3.4,7,Beverages
3755,3.1,4,Beverages
9663,,0,Beverages
8985,,0,Cafe
13051,,0,Chinese
9456,3.8,22,Fast Food
40428,,0,Bakery
3964,3.0,36,North Indian
41552,3.7,25,Fast Food
13324,,0,Burger
21836,,0,Street Food
7217,,0,Chinese
16296,3.6,61,Fast Food
7015,3.5,11,North Indian
8011,,0,Fast Food
20351,,0,Bakery
1881,3.0,9,Fast Food
40417,,0,Fast Food
14672,3.8,185,Fast Food
41957,,0,Fast Food
31066,3.7,52,Fast Food
7931,,0,North Indian
5179,3.9,52,Burger
6078,3.5,31,North Indian
22087,,0,Fast Food
1103,,0,North Indian
12946,3.7,17,Desserts
43454,,0,Desserts
46193,3.9,263,Tibetan
22244,,0,Desserts
4926,4.3,342,Desserts
6342,3.8,43,South Indian
5755,3.4,39,Street Food
3377,4.4,3657,Parsi
9212,,0,Bakery
5932,,0,Bakery
27960,,0,Bakery
20717,,0,Desserts
24728,3.6,16,Street Food
1658,2.7,377,North Indian
6470,,0,Momos
12226,4.3,524,North Eastern
595,,0,South Indian
7606,3.2,4,North Indian
5463,,0,North Indian
4829,3.8,76,Bengali
42879,,0,North Indian
18527,4.1,290,Korean
6368,3.5,11,Fast Food
18332,4.0,956,Bengali
43184,3.7,46,Bengali
17731,,0,North Indian
14062,4.4,282,Asian
23726,4.4,4090,Asian
5655,3.3,9,North Indian
2816,3.9,315,Cafe
15093,3.8,217,Italian
7681,,0,South Indian
1063,3.6,18,Andhra
528,3.7,266,North Indian
4937,4.3,269,Bakery
42394,3.8,27,South Indian
41003,3.5,14,Chinese
5774,3.6,9,Continental
17261,3.9,112,Healthy Food
10709,3.9,38,Healthy Food
4135,,0,Continental
4125,4.1,433,Cafe
5998,,0,Street Food
1305,,0,Beverages
1453,3.4,102,South Indian
19721,3.8,97,South Indian
41549,4.0,284,South Indian
16349,3.3,6,Asian
4709,3.1,24,South Indian
603,4.3,275,South Indian
7786,,0,North Indian
8538,3.1,120,North Indian
1533,3.4,11,North Indian
48176,3.9,358,North Indian
42328,4.3,1033,North Indian
46626,3.3,7,South Indian
10870,3.3,6,South Indian
5841,3.5,14,Mughlai
41829,3.7,67,North Indian
46113,3.8,30,Seafood
19303,,0,South Indian
2634,3.6,144,South Indian
19992,3.4,4,South Indian
16782,,0,South Indian
126,3.0,83,South Indian
20180,4.0,121,North Indian
40628,2.6,382,North Indian
32628,,0,South Indian
13615,4.1,1224,South Indian
2812,3.8,190,South Indian
4512,3.2,97,South Indian
48822,,0,Biryani
8719,3.4,5,North Indian
7331,2.9,4,North Indian
654,3.2,202,North Indian
24878,,0,Rolls
8380,,0,Ice Cream
12753,,0,South Indian
22699,3.1,9,North Indian
3156,3.4,14,North Indian
5799,,0,Chinese
18578,3.3,4,Street Food
14756,3.6,43,Finger Food
1580,3.3,4,Andhra
487,3.4,8,Biryani
42817,3.6,28,North Indian
183,3.9,90,Cafe
1080,3.9,165,South Indian
22374,3.5,16,North Indian
35219,3.8,88,North Indian
42508,3.9,63,Mughlai
4,4.1,787,Chinese
5429,3.2,59,North Indian
8565,3.8,52,North Indian
7900,3.0,74,Asian
22471,3.9,321,Andhra
9140,3.7,41,Andhra
9067,,0,Biryani
5396,2.8,116,Bengali
9907,3.3,5,Kerala
22828,,0,Andhra
42855,,0,Chinese
6296,,0,North Indian
13968,4.3,755,North Indian
42845,,0,North Indian
7119,,0,Fast Food
5142,3.8,146,Chinese
16161,3.2,4,South Indian
41696,3.1,9,North Indian
40279,3.2,4,Andhra
5483,2.9,22,Andhra
15936,3.9,187,Street Food
41804,3.4,36,North Indian
15560,,0,South Indian
7618,,0,Chinese
21045,3.7,95,North Indian
5398,3.0,26,North Indian
4050,3.0,68,North Indian
3314,3.7,62,Andhra
9214,,0,Chinese
20857,3.6,30,North Indian
4606,3.0,9,North Indian
6652,2.7,33,North Indian
43935,3.0,29,North Indian
4381,2.9,76,North Indian
5600,3.0,25,North Indian
232,3.5,47,North Indian
21377,2.7,39,North Indian
373,,0,North Indian
7257,3.4,7,North Indian
7672,,0,North Indian
51672,,0,North Indian
19328,3.4,8,Bengali
13916,4.0,861,Desserts
5930,,0,Desserts
38568,3.7,33,Finger Food
1110,2.5,118,North Indian
22138,3.8,17,Bakery
4927,3.7,70,Andhra
41113,3.8,107,Juices
8061,3.1,9,Ice Cream
5990,3.3,10,Beverages
10185,3.8,240,Andhra
9366,3.3,8,Andhra
5450,3.4,7,Desserts
9081,2.6,20,Andhra
47706,3.4,6,Andhra
46582,,0,South Indian
11642,,0,Mithai
7641,,0,North Indian
10604,3.7,44,South Indian
9039,,0,South Indian
5950,,0,North Indian
23232,3.3,6,Juices
23062,,0,Juices
22162,,0,Drinks Only
41633,3.6,12,Beverages
15981,,0,Beverages
6335,3.4,5,Juices
7503,3.9,115,South Indian
3645,4.2,969,South Indian
20048,3.7,55,South Indian
1282,2.8,33,South Indian
5638,3.5,17,Andhra
1148,,0,South Indian
42771,3.2,14,South Indian
14247,3.9,224,Andhra
16848,,0,Kerala
4303,3.9,49,Beverages
8055,4.0,87,Beverages
5977,3.9,73,Beverages
1442,4.1,210,Beverages
41601,3.8,33,Beverages
16292,3.9,169,Beverages
10197,3.9,61,Beverages
22323,4.0,120,Beverages
41998,3.7,71,Beverages
41254,,0,Chinese
16985,,0,South Indian
22115,,0,North Indian
7071,,0,South Indian
7790,,0,Andhra
8798,3.9,15,Mithai
40981,,0,Andhra
8495,,0,South Indian
48173,4.0,339,South Indian
5451,3.6,24,South Indian
12604,,0,Andhra
7364,,0,Fast Food
48552,,0,Fast Food
3244,,0,South Indian
21907,3.4,6,Biryani
7039,,0,Biryani
23409,3.8,74,Biryani
2011,,0,North Indian
602,,0,South Indian
15161,,0,South Indian
36453,,0,South Indian
46708,,0,South Indian
6876,3.4,186,South Indian
13389,,0,North Indian
7536,,0,South Indian
3315,,0,South Indian
41137,,0,South Indian
4140,3.8,77,Oriya
22207,3.5,54,Andhra
8359,3.9,41,Bakery
6647,3.7,33,South Indian
9011,,0,South Indian
27543,,0,South Indian
23565,3.7,161,South Indian
48937,,0,Biryani
9756,3.4,5,Juices
48216,4.0,182,Fast Food
32630,,0,Biryani
32691,,0,Fast Food
41939,3.3,5,South Indian
23272,3.3,351,Andhra
22489,3.1,5,Chinese
41800,,0,Juices
18088,,0,Andhra
15640,,0,South Indian
3589,3.2,4,Juices
41641,3.2,8,Juices
19961,3.6,17,Juices
2842,3.5,18,Juices
13486,3.0,9,Juices
5012,,0,Fast Food
1687,3.7,129,Juices
1645,4.1,211,Beverages
4471,3.5,5,Juices
1261,3.7,16,Mithai
39418,3.4,11,South Indian
16035,3.2,17,Juices
48574,,0,Mithai
389,4.1,558,South Indian
40441,3.5,20,North Indian
42391,,0,South Indian
23496,,0,South Indian
2856,3.4,13,South Indian
2134,3.7,16,South Indian
21208,3.7,38,Biryani
13295,3.4,5,Bakery
2288,,0,South Indian
22126,,0,Fast Food
1764,3.7,40,South Indian
22837,3.5,14,South Indian
46390,3.9,56,Mithai
27,3.1,4,South Indian
7444,,0,North Indian
12411,3.3,4,North Indian
2758,3.6,41,Fast Food
3882,3.6,22,North Indian
605,3.2,119,North Indian
10623,3.6,11,South Indian
19887,3.1,54,South Indian
20145,3.6,64,South Indian
6312,3.4,19,South Indian
2024,3.9,42,South Indian
4094,3.5,234,South Indian
13156,3.5,12,South Indian
21048,3.5,9,South Indian
1132,3.7,22,Mithai
22328,,0,Mithai
5000,3.8,33,Mithai
22381,,0,Mithai
973,,0,Mithai
41774,3.7,27,Mithai
15529,,0,North Indian
7259,3.6,25,South Indian
6863,,0,South Indian
181,3.5,4,South Indian
42849,3.3,7,Street Food
7468,2.9,60,Andhra
20284,3.4,5,South Indian
17032,,0,South Indian
1642,2.9,257,North Indian
7959,3.0,17,North Indian
40361,3.4,7,Chinese
3310,3.3,4,Kebab
21188,4.0,156,South Indian
74,3.7,14,South Indian
2780,4.4,343,South Indian
693,,0,Desserts
36776,,0,South Indian
21663,,0,South Indian
1898,3.6,14,South Indian
19888,,0,North Indian
1937,,0,Mughlai
48894,3.9,66,South Indian
41512,3.8,94,South Indian
2241,3.2,4,South Indian
1919,2.8,21,North Indian
5061,,0,North Indian
618,,0,Biryani
23646,,0,South Indian
3604,3.4,6,North Indian
9518,,0,South Indian
1648,4.0,117,Chettinad
48521,,0,South Indian
1962,3.2,44,North Indian
2287,,0,South Indian
19047,4.0,38,South Indian
3233,,0,South Indian
38584,3.6,9,South Indian
6909,,0,South Indian
18580,3.6,22,Mithai
1306,,0,Bakery
41218,,0,South Indian
40520,,0,South Indian
2679,3.6,10,Rajasthani
5712,3.2,4,South Indian
6854,,0,South Indian
17673,3.8,30,Mithai
23275,3.7,71,Andhra
3289,3.7,27,South Indian
23588,3.5,11,South Indian
24082,3.7,27,South Indian
5289,3.7,32,South Indian
2258,3.6,37,South Indian
1744,3.8,25,South Indian
18883,3.6,37,South Indian
1743,3.5,10,South Indian
890,,0,South Indian
42187,,0,South Indian
41767,,0,South Indian
17042,,0,Andhra
21980,3.6,73,Biryani
7895,,0,South Indian
5130,3.6,336,North Indian
39871,3.8,88,South Indian
42166,4.2,61,Street Food
10888,,0,South Indian
5378,,0,Street Food
616,,0,South Indian
42195,4.2,471,Street Food
3608,3.6,26,South Indian
3044,3.3,9,North Indian
37098,,0,Mithai
10357,3.7,35,South Indian
6787,3.9,75,South Indian
42061,3.4,9,Mithai
41022,3.3,4,South Indian
6160,,0,South Indian
7673,,0,Fast Food
9040,,0,South Indian
3448,,0,North Indian
16036,,0,North Indian
43285,3.5,11,North Indian
676,4.1,175,South Indian
17625,,0,South Indian
13849,,0,South Indian
15636,3.2,9,South Indian
41326,3.3,4,South Indian
14585,3.7,443,South Indian
14199,4.2,770,South Indian
4382,3.8,106,South Indian
39881,3.8,16,South Indian
22406,3.9,265,South Indian
17988,3.4,13,South Indian
3899,3.1,226,South Indian
1995,4.0,64,South Indian
47639,4.0,141,South Indian
40910,3.9,160,South Indian
10790,3.5,12,South Indian
1053,3.3,4,South Indian
12780,,0,South Indian
2131,,0,South Indian
46283,,0,Fast Food
2173,2.9,16,South Indian
5028,3.6,30,Chinese
19633,3.1,19,Fast Food
30572,,0,Bakery
42209,3.5,7,South Indian
8461,,0,Bakery
3254,3.5,12,Street Food
46642,,0,Juices
42060,3.3,8,Desserts
1171,4.0,98,Mithai
16753,4.1,201,Street Food
41999,3.8,28,Mithai
22352,3.4,5,Beverages
48491,,0,South Indian
3264,,0,South Indian
5851,,0,South Indian
660,,0,Andhra
652,,0,South Indian
13050,3.3,4,Andhra
14940,,0,South Indian
4970,,0,North Indian
3865,3.8,135,South Indian
3848,3.8,7,South Indian
1832,3.8,99,South Indian
32368,3.6,28,North Indian
3825,3.5,11,South Indian
10618,3.0,67,South Indian
1510,3.6,24,North Indian
15704,,0,North Indian
645,3.4,5,Desserts
46,3.8,42,South Indian
3245,3.4,10,North Indian
13652,3.6,592,Biryani
4453,3.9,661,North Indian
48591,,0,Bakery
29,3.8,148,North Indian
23353,3.6,62,North Indian
48913,3.2,11,Biryani
15698,,0,Fast Food
2200,,0,South Indian
47419,,0,North Indian
7574,3.6,27,South Indian
48264,3.4,83,South Indian
14740,3.9,160,South Indian
41266,3.7,53,South Indian
24620,3.6,108,South Indian
3768,3.7,131,South Indian
23437,3.6,70,South Indian
22768,3.9,96,Chinese
1222,3.6,16,Bakery
30425,3.7,34,Andhra
14188,4.3,687,Thai
19028,,0,Asian
41721,3.4,9,South Indian
48571,3.3,6,North Indian
1365,,0,South Indian
21954,4.0,161,Biryani
3468,3.9,135,Biryani
7868,,0,South Indian
5628,,0,North Indian
10666,,0,Biryani
38327,4.4,751,North Indian
17040,,0,Biryani
7844,,0,North Indian
1251,,0,South Indian
14136,,0,Cafe
7145,,0,Mexican
18035,,0,Bakery
2214,3.2,5,Biryani
48492,3.4,10,Biryani
7190,,0,North Indian
315,,0,Biryani
2181,,0,North Indian
46351,3.4,11,Fast Food
7603,3.3,9,Chinese
40382,,0,South Indian
13947,4.2,583,Cafe
42269,4.3,177,Cafe
1388,4.1,108,Cafe
1300,4.2,1355,Cafe
14000,4.1,526,Cafe
8785,3.8,34,Cafe
3530,3.9,38,Cafe
23780,3.8,15,Cafe
16888,3.9,34,Cafe
39008,4.0,399,Cafe
11883,4.2,386,Cafe
3966,3.9,52,Cafe
2687,3.5,6,Cafe
10928,3.6,30,Continental
1959,3.7,0,North Indian
311,3.4,6,North Indian
12267,2.7,77,North Indian
518,,0,Chinese
5437,,0,Biryani
16221,3.6,119,Chinese
7304,3.2,66,North Indian
38493,3.3,4,Chinese
17061,,0,Steak
1636,3.9,240,Cafe
2728,4.1,153,Cafe
38997,4.0,69,Cafe
2234,,0,Desserts
42222,2.6,19,Fast Food
4460,,0,Cafe
12348,4.0,209,Chinese
24256,4.3,295,Cafe
6180,3.9,239,Desserts
1049,4.3,860,Desserts
4427,4.1,507,Desserts
48320,4.1,179,Desserts
4469,3.9,228,Desserts
41618,4.0,255,Desserts
17934,4.1,284,Desserts
18827,4.3,544,Ice Cream
3560,4.3,556,Ice Cream
13861,4.5,2687,Ice Cream
1266,4.5,2594,Ice Cream
1509,3.8,28,Fast Food
27279,3.8,70,Fast Food
5149,,0,Street Food
4232,4.2,2192,American
41539,4.6,2315,Continental
13516,,0,Continental
16239,,0,Chinese
3506,3.7,15,North Indian
1177,3.4,7,Chinese
29141,3.4,5,Bakery
10808,,0,Fast Food
43243,3.8,52,Bakery
37803,3.4,5,Finger Food
6041,3.6,19,Street Food
41584,3.7,42,North Indian
14762,3.8,73,Continental
8204,,0,North Indian
36450,3.8,33,Continental
16711,3.8,32,Continental
28558,3.3,4,Salad
7355,3.3,10,North Indian
46229,3.7,23,North Indian
41107,3.5,41,Healthy Food
46200,3.7,167,Healthy Food
39964,3.4,141,Healthy Food
1161,3.7,136,Salad
26391,4.0,273,Salad
1719,3.7,218,Salad
3497,3.9,107,Salad
19407,2.4,258,Salad
20429,2.8,52,Salad
13809,2.7,61,Salad
2028,3.8,177,Salad
22766,4.0,209,Salad
14748,3.3,69,Healthy Food
14667,3.7,106,Salad
3854,3.7,38,Salad
17846,3.1,113,Salad
6690,3.6,74,Salad
1946,3.9,146,Salad
41598,2.4,71,Healthy Food
10015,3.9,93,Salad
22523,3.8,159,Salad
12584,3.1,382,Salad
4407,3.2,166,Salad
6919,3.6,12,Salad
10591,,0,Salad
534,4.2,2022,North Indian
2221,3.3,5,Fast Food
9017,3.2,4,South Indian
18932,4.0,388,Andhra
17382,3.7,287,Andhra
5717,,0,South Indian
589,3.4,11,Street Food
23299,3.7,105,Iranian
4891,3.7,111,North Indian
13166,4.0,79,Desserts
9864,,0,Desserts
22718,2.7,16,Fast Food
342,3.8,39,Bakery
268,,0,Bakery
5371,3.9,53,Bakery
21783,,0,Bakery
43053,3.5,9,Desserts
45985,,0,Cafe
29233,,0,Bakery
7231,,0,South Indian
38488,3.8,254,South Indian
3253,3.8,473,South Indian
2064,3.8,155,South Indian
23081,2.7,182,North Indian
42179,3.7,89,North Indian
38738,3.8,54,North Indian
3715,3.6,21,Andhra
43883,2.7,28,North Indian
13480,3.8,21,Fast Food
22020,,0,Biryani
3275,4.1,361,Biryani
23436,3.3,7,North Indian
46560,3.9,59,Fast Food
6929,3.2,9,North Indian
9277,3.2,10,Biryani
19327,3.0,10,Biryani
6911,3.0,12,Biryani
5360,3.1,5,Biryani
17001,2.8,21,Biryani
25020,2.9,38,Biryani
5828,3.3,4,Ice Cream
48283,3.2,37,Hyderabadi
1026,4.5,3458,North Indian
23033,,0,Cafe
46002,3.5,108,North Indian
11425,3.2,4,North Indian
46702,3.3,4,North Indian
41697,3.3,7,South Indian
8548,3.7,67,South Indian
46280,,0,Ice Cream
5666,3.8,499,Cafe
14080,3.7,69,Cafe
2654,3.8,362,Cafe
41836,3.3,44,Chinese
11998,4.1,1327,European
46717,,0,European
2414,3.0,13,Sandwich
7237,3.7,62,Continental
438,,0,North Indian
448,,0,South Indian
43398,3.5,10,North Indian
821,,0,North Indian
1983,,0,South Indian
436,,0,Biryani
6715,,0,North Indian
24717,,0,Biryani
4450,,0,Biryani
4423,3.3,18,Biryani
7816,,0,South Indian
13326,3.5,21,Bakery
41685,3.9,40,South Indian
2891,3.8,18,Maharashtrian
18377,4.1,926,Maharashtrian
4059,4.5,125,Maharashtrian
9673,4.2,444,Seafood
42258,3.8,273,Continental
11843,3.9,31,South Indian
15510,3.3,11,South Indian
22848,,0,North Indian
23273,,0,South Indian
42881,,0,Fast Food
199,3.5,12,Fast Food
29501,,0,Chinese
23497,3.5,13,North Indian
26142,3.3,6,Beverages
40313,3.1,8,Andhra
6237,3.3,5,Street Food
8381,3.7,26,Street Food
15494,,0,North Indian
3197,3.3,5,South Indian
7832,3.5,15,North Indian
7644,,0,North Indian
46285,,0,Bengali
15846,3.1,25,North Indian
621,,0,Healthy Food
4722,,0,Andhra
4393,3.6,34,South Indian
508,,0,South Indian
41911,2.5,60,Andhra
14518,3.6,51,North Indian
1321,3.7,38,North Indian
24944,2.6,210,North Indian
5650,3.6,49,North Indian
2201,,0,North Indian
1327,3.6,216,North Indian
16337,,0,Andhra
309,3.4,6,North Indian
7044,,0,North Indian
10846,,0,North Indian
7203,3.4,6,North Indian
9643,3.7,41,North Indian
1718,4.1,128,North Indian
43254,3.6,20,North Indian
40470,3.1,7,North Indian
29065,3.3,104,North Indian
5752,3.7,115,Chinese
20159,3.5,13,South Indian
1726,3.4,4,North Indian
1853,3.5,179,North Indian
41788,,0,Biryani
41913,3.5,15,Andhra
12968,3.2,23,North Indian
40359,3.4,7,South Indian
51022,3.5,16,North Indian
43898,3.4,16,Oriya
21176,3.6,53,Oriya
1526,4.1,783,South Indian
43905,,0,South Indian
15781,,0,Biryani
38734,,0,South Indian
25197,3.4,24,Biryani
1770,3.3,10,South Indian
15926,,0,Continental
41815,3.4,589,Andhra
41777,3.8,591,Andhra
613,,0,Beverages
48573,3.2,11,North Indian
5558,3.9,218,North Indian
2659,3.0,73,North Indian
49155,3.7,174,Andhra
5180,3.7,291,Andhra
42275,3.9,35,Chinese
4336,3.9,14,Andhra
3443,,0,Andhra
9336,3.8,48,Mangalorean
1604,3.8,36,Andhra
10746,3.5,165,Andhra
417,,0,Biryani
8904,2.9,8,Cafe
22349,,0,Mithai
19273,3.4,6,Desserts
1479,,0,Bakery
47212,3.5,25,Bakery
12907,3.5,9,Bakery
11607,3.5,50,Bakery
16367,3.4,11,Bakery
48619,3.3,4,Bakery
7363,2.8,25,Bakery
24962,3.2,11,Bakery
42046,3.4,9,Bakery
2763,4.0,186,Bakery
21912,2.8,60,Bakery
41687,3.1,7,Bakery
46255,2.7,19,Bakery
5896,3.1,20,Bakery
10010,3.6,27,Bakery
567,3.0,60,Bakery
4435,3.8,111,Bakery
19061,2.8,34,Bakery
15771,3.8,113,Continental
17038,,0,Bakery
7588,,0,Desserts
4908,3.7,19,Mithai
1615,3.2,17,Desserts
40502,3.4,6,Desserts
691,3.3,9,Bakery
20730,,0,Bakery
40496,3.3,4,Bakery
15555,4.0,28,Bakery
6097,3.7,21,Bakery
761,3.9,81,Bakery
158,3.9,35,Bakery
5939,,0,Bakery
17663,3.8,23,Bakery
47470,4.3,26,Bakery
7971,4.1,41,Bakery
21858,3.9,12,Bakery
42067,3.9,35,Bakery
11628,4.0,48,Bakery
40711,3.9,40,Bakery
39976,3.8,25,Bakery
1276,,0,Bakery
3571,4.0,29,Bakery
22266,3.9,35,Bakery
17930,4.0,48,Bakery
2626,3.7,33,Bakery
10148,4.2,50,Bakery
13484,4.1,49,Bakery
16940,3.8,51,Bakery
8533,4.0,19,Bakery
43409,4.0,55,Bakery
41536,3.9,20,Bakery
16328,4.1,23,Bakery
4534,3.9,34,Bakery
41672,,0,Desserts
41960,,0,Bakery
18422,3.8,201,North Indian
45978,3.3,6,Cafe
42031,,0,Ice Cream
41625,3.7,34,Fast Food
4091,3.9,180,Chinese
166,4.2,1647,Chinese
14834,4.1,168,Chinese
5099,3.2,4,Fast Food
23562,3.6,21,Chinese
4820,3.2,4,Continental
105,3.9,93,Cafe
22131,3.6,17,Chinese
4021,4.1,402,North Indian
17118,3.7,29,Bakery
40390,,0,Chinese
2553,3.8,47,Mithai
2880,4.7,651,South Indian
4018,4.1,521,Cafe
10120,3.8,30,Mexican
1760,4.1,1959,Mexican
22289,4.0,777,Mexican
19861,3.9,147,Mexican
12073,4.0,910,Mexican
5162,3.7,168,Mexican
3057,4.1,389,Mexican
40403,3.3,9,North Indian
16577,3.4,946,North Indian
2938,3.4,71,North Indian
15086,,0,Asian
4146,3.5,126,Chinese
40252,3.7,66,North Indian
41865,3.7,101,Chinese
42304,,0,Biryani
5220,3.8,149,Biryani
7579,3.8,83,North Indian
5470,3.7,110,North Indian
2686,3.8,68,North Indian
3364,,0,South Indian
18878,3.5,10,Chinese
993,3.4,7,North Indian
5048,3.6,20,North Indian
17355,3.1,39,Continental
27985,,0,Continental
8988,3.1,10,Cafe
22383,,0,Bakery
14114,4.0,282,Cafe
8090,3.7,85,Cafe
38590,3.3,4,Chinese
18860,3.7,81,Fast Food
4650,4.3,721,Fast Food
25015,2.7,227,Chinese
23274,3.9,611,Chinese
3939,3.9,1362,North Indian
4967,4.0,181,North Indian
21795,,0,North Indian
40890,3.9,168,Mughlai
17069,3.5,69,Mughlai
5547,,0,Street Food
12593,3.6,15,North Indian
7770,,0,North Indian
6122,3.6,71,North Indian
6341,3.2,4,North Indian
5267,4.1,1003,North Indian
6993,2.2,90,North Indian
3585,3.4,22,North Indian
7782,3.0,39,North Indian
7089,,0,North Indian
6082,3.8,35,Fast Food
5515,,0,North Indian
1668,3.6,59,North Indian
43244,3.5,98,North Indian
4802,,0,North Indian
17392,3.5,5,North Indian
46160,3.0,46,North Indian
5509,,0,North Indian
17489,3.9,81,North Indian
820,3.0,290,North Indian
1956,3.5,8,North Indian
12009,,0,North Indian
7636,3.5,13,North Indian
16012,4.3,1788,Biryani
8130,,0,North Indian
17598,3.2,5,Biryani
19753,2.7,24,North Indian
5215,3.6,27,North Indian
22648,3.4,28,American
985,4.0,0,Continental
48924,3.8,51,Fast Food
15214,3.5,124,Burger
48258,3.5,9,Fast Food
5139,3.6,29,Chinese
7252,2.6,16,Fast Food
1256,3.1,7,Italian
4329,,0,North Indian
3665,,0,North Indian
17395,3.1,18,North Indian
1018,3.4,183,Chinese
4644,4.1,322,American
2520,4.1,205,Fast Food
40482,3.2,4,Bengali
11193,,0,Turkish
4243,3.5,18,Turkish
4390,4.0,265,Turkish
925,,0,Turkish
4753,3.8,12,Turkish
756,3.6,43,Chinese
16215,3.6,25,North Indian
8889,,0,Bakery
12610,3.6,23,Andhra
15660,,0,Andhra
40383,,0,North Indian
46256,,0,South Indian
11696,,0,Mithai
22812,,0,Andhra
2912,3.2,23,Assamese
42217,,0,North Indian
25326,3.7,29,Bihari
5263,,0,Chettinad
40418,,0,South Indian
7029,,0,South Indian
5405,3.1,5,North Indian
7132,,0,North Indian
18535,3.4,226,North Indian
15029,2.2,48,Kerala
41281,3.1,4,Kerala
4878,3.1,59,Bengali
2677,3.6,23,South Indian
17566,3.6,22,North Indian
23352,3.5,324,North Indian
4784,3.5,22,Nepalese
251,,0,North Indian
22109,3.0,110,North Indian
13803,4.0,336,Tibetan
23610,,0,Arabian
5584,3.7,23,Bakery
41666,3.2,10,Fast Food
14651,4.0,58,Mangalorean
7751,3.7,21,Biryani
12855,3.8,1,North Indian
3317,3.7,21,Fast Food
15630,3.8,217,North Indian
45993,3.0,29,North Indian
41480,2.9,6,North Indian
20790,,0,Arabian
253,3.1,245,North Indian
46490,,0,Chinese
46260,3.6,13,South Indian
24805,,0,North Indian
46289,3.2,4,North Indian
774,,0,North Indian
174,3.3,4,North Indian
21312,,0,North Indian
4718,3.4,10,Beverages
8007,3.3,6,North Indian
5473,3.4,8,South Indian
29996,,0,Pizza
29461,,0,Pizza
5928,2.7,73,Chinese
17114,,0,Chinese
41571,3.6,60,Fast Food
5077,3.4,5,Chinese
35831,3.7,98,North Indian
5775,3.3,9,Burger
7627,,0,Kerala
10887,3.1,131,North Indian
5380,,0,South Indian
5724,,0,South Indian
21031,3.7,82,Fast Food
9242,,0,North Indian
13970,3.9,660,Cafe
1373,3.7,31,Cafe
3642,3.9,67,Cafe
39817,,0,Cafe
39017,3.2,9,Cafe
3532,3.6,34,Tea
24386,2.8,227,Cafe
6847,3.4,25,North Indian
22220,3.4,12,Seafood
4462,3.8,331,North Indian
607,3.8,122,Mangalorean
46120,3.9,116,North Indian
47660,,0,Mughlai
594,3.3,7,Fast Food
3696,3.0,9,Rolls
15357,3.7,70,Rolls
15862,4.0,736,Rolls
957,3.9,44,North Indian
6719,3.0,175,Chinese
16799,3.8,168,North Indian
51422,3.2,41,North Indian
18019,3.8,26,Bihari
11772,4.7,6745,Continental
43507,4.4,619,Continental
7993,4.0,77,Cafe
8990,3.5,10,Cafe
1613,,0,Bakery
4944,3.3,5,Beverages
13927,4.1,1141,Cafe
19021,,0,North Indian
11285,3.8,71,Cafe
39010,3.9,18,Cafe
3534,2.9,19,Cafe
3562,,0,North Indian
1328,4.3,633,Cafe
7907,4.2,859,Cafe
7727,,0,Fast Food
399,3.4,9,Healthy Food
23297,4.1,98,Cafe
41000,3.7,64,Finger Food
299,2.9,24,Cafe
22447,4.4,203,Asian
17048,3.6,193,Biryani
5306,,0,Chinese
21311,,0,North Indian
3113,,0,Chinese
1409,4.2,413,Cafe
2097,3.5,12,North Indian
4346,,0,South Indian
5277,3.0,6,South Indian
42141,3.8,76,South Indian
55,,0,North Indian
16933,4.1,131,Desserts
3573,4.2,249,Beverages
5798,3.7,39,Beverages
374,,0,North Indian
11478,3.9,122,Japanese
17000,3.5,15,Beverages
6558,,0,North Indian
4495,4.2,522,Tibetan
3954,4.3,904,Japanese
46343,,0,North Indian
3517,4.0,61,Cafe
8439,3.6,25,North Indian
40908,4.0,244,North Indian
42880,,0,Street Food
2550,3.7,130,Continental
4711,3.8,59,Fast Food
17659,3.1,23,North Indian
6366,3.2,41,Ice Cream
7204,3.9,1337,American
7871,3.3,4,Bakery
40633,3.4,7,Chinese
3255,4.3,378,Thai
3649,4.2,227,Thai
10035,4.2,127,Thai
9267,,0,North Indian
40591,3.5,21,Kerala
10378,3.4,7,Street Food
8404,3.1,4,Kerala
7018,,0,Chinese
9027,,0,Kerala
9146,3.3,7,Kerala
23716,3.6,30,Kerala
1998,3.6,382,Kerala
41490,3.8,462,Kerala
215,3.1,509,Kerala
5154,,0,Seafood
2951,3.9,418,Seafood
3864,3.4,692,Seafood
904,3.8,571,Kerala
18260,3.0,530,Kerala
27892,3.9,420,Seafood
9300,,0,North Indian
24014,3.6,24,South Indian
2567,3.6,23,South Indian
5239,,0,South Indian
4285,3.3,7,South Indian
21150,3.3,18,South Indian
9701,3.4,21,South Indian
961,3.9,135,North Indian
41585,3.8,67,Ice Cream
48448,3.1,8,Ice Cream
9521,3.9,100,Ice Cream
1293,3.6,69,Ice Cream
22369,3.8,109,Ice Cream
3659,3.6,28,Ice Cream
40102,3.7,69,Ice Cream
6130,,0,Ice Cream
564,3.7,54,Ice Cream
450,3.2,9,Ice Cream
43200,3.6,21,Ice Cream
9723,,0,North Indian
1605,3.6,163,North Indian
612,,0,Biryani
3989,3.8,84,Chinese
5503,3.1,100,Cafe
7509,3.6,30,North Indian
13867,4.4,4575,Asian
21741,3.2,5,Ice Cream
1234,3.8,63,Cafe
3757,3.6,41,Kerala
1530,4.1,130,Cafe
9933,3.8,273,Andhra
20802,3.2,4,South Indian
13886,3.9,1380,Cafe
31805,4.1,100,American
5143,2.6,51,Arabian
41578,4.5,785,Vietnamese
48563,,0,Fast Food
17379,3.5,151,North Indian
9144,2.4,32,Bakery
5876,3.2,5,Bakery
1279,3.7,33,Bakery
41592,3.3,8,Cafe
12177,4.1,473,Modern Indian
8935,3.3,9,Cafe
13937,4.3,606,Continental
13342,,0,Continental
13583,4.2,240,American
23378,2.6,254,North Indian
851,2.6,329,Hyderabadi
42105,4.1,730,Finger Food
4193,4.2,1168,Finger Food
40173,4.1,673,Finger Food
18841,3.4,77,North Indian
45970,3.9,523,Cafe
41518,3.7,31,Desserts
4573,4.1,129,Desserts
8628,4.2,184,Desserts
10092,4.0,71,Desserts
46047,3.7,15,Desserts
22245,3.8,32,Desserts
1382,3.8,152,Desserts
4443,3.7,73,Desserts
18929,3.9,48,Desserts
43067,3.2,5,Bengali
13084,4.1,117,Continental
23629,4.3,576,Continental
40798,4.3,2283,Continental
5001,4.3,3485,Continental
762,4.7,544,BBQ
41663,3.9,105,Fast Food
20112,3.4,9,North Indian
424,4.0,66,Bakery
20272,3.8,45,North Indian
9205,3.7,31,North Indian
6782,3.1,30,North Indian
1834,3.9,56,Biryani
371,4.1,520,Biryani
41650,3.2,9,North Indian
7171,,0,Andhra
10505,3.0,12,Biryani
12263,3.8,32,Biryani
5910,4.4,76,Biryani
42836,,0,Biryani
14553,3.8,426,Andhra
17091,3.6,23,American
987,4.7,10413,North Indian
3477,4.8,7023,North Indian
18245,4.3,4187,Continental
8807,3.7,91,Cafe
24685,3.6,34,Chinese
25,4.6,228,Cafe
4909,3.1,38,Bengali
2524,3.8,60,Bengali
43499,4.8,4696,European
11195,4.6,4947,European
9166,,0,Continental
6713,,0,Continental
133,3.9,90,Continental
29125,3.8,65,Continental
9208,3.4,10,Continental
4888,3.7,58,Healthy Food
9938,3.5,64,Healthy Food
19520,3.1,16,North Indian
7717,,0,Finger Food
3551,3.7,47,Cafe
22059,3.7,44,Cafe
7758,,0,North Indian
4543,4.4,223,Burger
4159,3.8,26,Burger
8811,4.0,30,Cafe
35331,4.0,31,Cafe
1702,3.0,29,Cafe
10278,3.2,4,Chinese
48513,3.4,4,Bakery
3935,3.7,29,Bakery
3288,3.5,9,Bakery
719,,0,Bakery
15664,3.5,22,Bakery
47482,3.4,12,Bakery
21854,,0,Bakery
17225,3.6,13,Bakery
5394,3.2,18,Bakery
8172,,0,Bakery
21707,,0,Bakery
1348,4.2,223,Cafe
6836,3.2,9,Street Food
186,2.5,35,Fast Food
20908,,0,Fast Food
4133,,0,Fast Food
963,4.1,163,Finger Food
6272,4.1,291,Burger
4578,2.9,50,South Indian
15030,3.3,4,Chinese
5632,3.7,48,Desserts
51299,3.4,17,North Indian
6085,,0,North Indian
9969,,0,Desserts
15551,,0,Bakery
21851,3.8,311,Continental
40228,,0,North Indian
19255,3.8,166,South Indian
6168,4.2,229,North Indian
13749,3.3,4,Fast Food
28144,3.0,13,Chinese
5121,,0,Desserts
14171,3.8,135,Desserts
22237,4.1,399,Desserts
16886,3.1,175,Desserts
2670,,0,Desserts
22280,3.9,64,Desserts
4872,,0,Desserts
41934,3.4,8,Desserts
24124,3.8,63,Cafe
1407,3.9,153,Cafe
760,2.8,44,Cafe
8016,3.9,205,Cafe
6994,3.5,14,Desserts
5403,,0,Biryani
29121,3.5,11,Desserts
4783,4.2,1031,Chinese
4862,3.8,260,Cafe
39821,3.0,38,Cafe
69,4.2,164,Cafe
11821,4.1,512,Modern Indian
827,3.3,7,Fast Food
20014,,0,Beverages
22473,4.3,473,South Indian
3186,,0,South Indian
8936,,0,Cafe
8774,3.9,296,Cafe
1441,2.6,18,Cafe
7472,,0,Fast Food
40794,4.4,383,North Indian
22202,3.3,6,Beverages
41698,3.5,11,Bakery
4729,3.6,16,Fast Food
2705,4.0,25,Cafe
42064,3.5,13,Bakery
6672,3.4,116,North Indian
1650,4.0,130,Rajasthani
17588,,0,North Indian
4633,3.7,58,Chinese
21205,,0,North Indian
21250,3.7,23,Bakery
7934,3.7,91,North Indian
42069,,0,Desserts
18979,2.7,442,North Indian
20151,2.7,18,North Indian
20590,3.6,197,North Indian
1219,3.7,74,Chinese
12524,3.0,31,Desserts
7649,3.8,62,Desserts
16832,3.2,6,Bakery
41803,3.5,8,Desserts
20383,,0,Chinese
51334,3.7,25,Bakery
46053,4.3,3077,Asian
7254,2.8,5,Juices
20776,,0,Juices
40101,3.7,26,Beverages
521,,0,Juices
7801,,0,Juices
41968,3.3,8,Beverages
17816,3.9,191,North Indian
40850,4.0,328,Continental
40452,3.6,19,Continental
42726,3.8,60,Fast Food
1468,,0,Cafe
18424,4.0,738,Continental
5432,4.0,1305,Continental
4087,4.2,1766,Continental
2491,4.0,136,Continental
41504,4.0,380,Continental
1498,3.1,18,North Indian
1184,3.6,399,North Indian
6294,3.8,20,Healthy Food
89,3.7,34,North Indian
41590,4.0,65,South Indian
18416,4.1,1739,Japanese
14705,4.6,3760,Asian
22724,,0,Fast Food
36846,3.4,7,North Indian
22143,3.5,9,Andhra
28373,3.5,49,North Indian
514,,0,North Indian
25472,4.1,620,South Indian
23276,4.0,55,South Indian
3435,4.4,4099,Seafood
23692,4.3,223,Continental
21838,3.2,7,Kerala
3995,4.2,233,Beverages
8619,4.0,24,Cafe
1037,,0,North Indian
3837,,0,North Indian
4916,3.7,48,Hyderabadi
6801,4.0,176,Fast Food
10731,2.7,42,North Indian
9830,,0,North Indian
2245,3.8,19,South Indian
3230,3.7,42,North Indian
729,3.0,67,North Indian
22267,3.4,10,Bakery
5443,2.8,142,Bakery
13306,2.9,46,Bakery
21782,,0,Bakery
10479,3.1,15,Bakery
6103,3.1,31,Bakery
17932,3.5,138,Bakery
22034,3.5,17,Bakery
650,2.6,64,Bakery
43444,3.2,4,Bakery
17613,,0,Bakery
5307,,0,Bakery
16387,3.8,34,Bakery
7298,2.9,25,Bakery
21697,,0,Bakery
4673,,0,Fast Food
29144,3.1,14,Juices
6257,3.3,10,Asian
42029,,0,Desserts
14055,4.2,128,Desserts
5252,,0,Desserts
15666,4.1,41,Desserts
42478,4.8,3932,Continental
968,4.4,201,Continental
5372,3.8,41,Bakery
36369,3.6,70,North Indian
12728,3.5,14,Chinese
368,3.6,6,Italian
1675,3.7,9,Italian
8536,3.6,8,Italian
17615,3.1,6,Italian
39870,3.6,18,Italian
23986,3.5,15,Italian
10857,,0,North Indian
9550,3.6,10,Italian
20785,3.9,23,Italian
48255,,0,Italian
28453,3.7,13,Italian
4099,3.6,10,Italian
3026,3.6,11,Italian
39070,3.8,30,Italian
11543,3.7,6,Italian
9810,4.1,54,Healthy Food
20972,,0,South Indian
10899,,0,North Indian
34581,,0,North Indian
3974,3.2,35,North Indian
346,,0,Fast Food
38519,3.2,13,North Indian
38956,4.3,1143,North Indian
32430,,0,Continental
21941,4.0,178,American
4332,4.1,765,American
855,3.3,44,Fast Food
20006,3.2,126,Fast Food
1072,2.8,80,South Indian
4260,4.0,797,Cafe
5255,3.1,16,Street Food
6157,,0,Desserts
41551,,0,North Indian
21779,,0,Bakery
6454,3.9,95,North Indian
3481,4.3,994,Asian
46296,3.3,6,North Indian
38988,4.3,854,Pizza
41615,3.8,120,Fast Food
7035,4.4,320,Korean
24168,4.6,7129,Cafe
7073,,0,North Indian
24795,3.2,24,Fast Food
2664,3.7,58,North Indian
3504,3.9,237,Finger Food
8544,3.5,29,Finger Food
7902,3.7,51,Finger Food
13656,4.0,115,North Indian
10729,3.9,34,Desserts
11923,4.0,2418,Fast Food
46081,3.8,46,Continental
5316,3.9,36,Continental
3925,3.8,57,Fast Food
1747,3.6,20,Fast Food
651,3.9,117,Cafe
41008,4.0,146,Tibetan
17188,2.8,64,North Indian
20683,,0,North Indian
505,3.4,4,South Indian
42529,,0,Cafe
4758,4.2,793,European
40632,4.3,1776,European
19881,2.8,20,North Indian
4946,4.0,134,Fast Food
280,4.0,116,Chinese
5124,,0,Fast Food
2186,,0,Juices
25053,3.9,39,Beverages
41743,,0,Juices
7099,3.5,13,Beverages
5212,3.5,13,Continental
38975,4.2,358,North Indian
4177,4.3,49,Kebab
13523,4.0,773,Mughlai
43660,3.7,21,Finger Food
40250,4.0,210,Chinese
41015,3.4,5,Thai
458,3.7,28,North Indian
6176,,0,North Indian
5461,3.6,9,North Indian
6810,3.2,42,Chinese
15634,2.9,94,Fast Food
6848,3.3,18,North Indian
4674,4.4,218,Seafood
6695,4.1,37,Desserts
147,3.9,888,North Indian
46518,3.8,23,North Indian
1545,4.0,136,South Indian
51308,3.7,19,North Indian
42043,3.2,33,Bakery
14430,4.4,424,Chinese
2296,3.8,28,Juices
5854,3.7,42,Beverages
18033,,0,Desserts
7578,3.3,4,Juices
752,4.1,185,Juices
5859,3.8,37,Juices
18158,3.9,72,Desserts
245,3.3,5,Chinese
46405,4.2,53,North Indian
40398,3.6,21,American
4328,3.7,33,Bihari
4652,3.7,15,Bihari
20349,3.6,26,Bihari
9238,3.5,136,North Indian
7862,3.8,27,Chinese
2836,3.3,4,Chinese
7788,3.4,8,Chinese
2818,3.8,25,Cafe
35435,3.8,56,Cafe
14729,4.1,28,Beverages
22448,4.2,1196,Finger Food
23682,3.8,152,American
23658,4.0,1408,Continental
46321,,0,Chinese
42318,4.5,3953,Pizza
3660,,0,Beverages
6259,,0,Beverages
46178,3.8,44,Beverages
3892,,0,Pizza
24274,3.1,25,Beverages
112,4.1,31,Fast Food
631,3.7,151,North Indian
14988,3.7,34,Chinese
5619,3.5,11,Bakery
13988,4.1,287,Cafe
49,3.7,28,North Indian
2156,,0,South Indian
3196,4.1,229,Konkan
15662,3.5,44,Chinese
5082,4.3,62,Turkish
18287,4.4,542,Seafood
8503,4.3,622,North Indian
3680,4.2,258,North Indian
28639,3.8,72,Continental
21360,,0,Beverages
2604,4.0,47,Beverages
3368,3.2,40,Beverages
19264,,0,Beverages
41525,3.0,8,Beverages
4288,3.7,29,Beverages
21187,3.6,10,Beverages
40066,,0,Beverages
24641,3.5,17,Beverages
42514,2.6,62,North Indian
21239,3.3,22,Chinese
4622,3.6,18,North Indian
46043,3.7,25,Chinese
4295,3.3,4,Chinese
3125,3.7,89,Mughlai
12675,,0,American
32483,3.7,23,South Indian
2549,4.1,119,South Indian
41367,3.4,13,Finger Food
7863,3.3,4,North Indian
6802,3.0,53,North Indian
21276,3.2,15,North Indian
3955,4.3,220,American
6301,,0,Asian
7095,,0,North Indian
23630,4.5,578,Finger Food
4052,4.2,2924,Italian
1082,3.3,177,North Indian
4321,4.2,2273,European
8037,3.7,15,Cafe
41881,4.0,672,North Indian
48137,3.7,55,North Indian
8523,3.9,158,Chinese
22261,4.1,71,Italian
22041,3.4,12,Street Food
21072,3.7,24,South Indian
40801,4.5,2745,Continental
2335,4.6,117,Desserts
13675,2.9,319,North Indian
4651,3.5,239,North Indian
3633,4.3,166,North Indian
17712,4.2,402,North Indian
2877,4.3,287,North Indian
5197,3.3,35,North Indian
493,,0,North Indian
7311,,0,North Indian
41914,3.8,53,North Indian
6738,3.0,18,North Indian
17671,2.9,43,South Indian
40523,,0,North Indian
690,3.8,60,Bakery
41513,3.5,24,Bakery
40527,3.4,14,Desserts
1084,2.7,43,North Indian
15026,3.6,11,Italian
13572,4.5,1573,South Indian
42077,4.2,563,Lebanese
22246,3.9,35,Cafe
16818,4.8,1724,Italian
1455,2.8,45,Pizza
548,,0,Cafe
16727,3.8,24,Finger Food
18192,4.3,721,Continental
4602,2.9,32,North Indian
20582,3.9,82,North Indian
40215,3.5,31,North Indian
8728,4.0,1829,North Indian
15697,4.1,2008,North Indian
7470,,0,North Indian
3901,3.7,194,North Indian
7030,,0,North Indian
41778,4.1,500,North Indian
46111,3.5,15,North Indian
38972,4.2,371,North Indian
3996,3.7,404,South Indian
2304,3.9,163,South Indian
51647,3.8,26,South Indian
41933,3.7,33,North Indian
4637,4.1,1318,North Indian
809,4.2,1137,North Indian
46069,,0,Mexican
25269,3.7,82,Chinese
402,3.3,6,Chinese
3154,3.7,483,Continental
5710,2.9,48,Chinese
11119,4.5,2540,Continental
51,3.7,23,Continental
13643,4.3,504,South Indian
7368,3.2,47,Chinese
3875,4.3,500,Chinese
5487,,0,North Indian
40567,,0,North Indian
42778,,0,North Indian
7276,,0,North Indian
46168,3.8,43,Cafe
5564,4.3,1585,Continental
7043,,0,Desserts
48483,,0,Desserts
16,,0,Desserts
14755,4.0,93,Finger Food
23814,4.3,167,Cafe
1619,4.3,1037,Desserts
16219,4.0,74,Bakery
14886,3.3,4,North Indian
494,4.2,815,North Indian
3507,4.0,107,Cafe
35324,4.1,94,European
2068,,0,Fast Food
2823,3.9,61,Cafe
7040,,0,Mithai
5356,3.9,88,Fast Food
21905,3.7,68,South Indian
7024,3.3,8,Beverages
6456,3.3,94,Arabian
11118,,0,Arabian
4429,4.1,381,Arabian
3588,,0,Cafe
43456,,0,Beverages
1158,,0,Pizza
23468,3.7,100,North Indian
4917,4.3,516,American
46226,,0,North Indian
639,3.8,176,North Indian
2775,3.7,66,Cafe
40573,3.7,21,South Indian
8484,4.2,347,North Indian
20763,3.6,30,North Indian
11253,3.1,29,North Indian
20999,3.7,125,North Indian
1882,3.7,124,Biryani
16830,3.3,15,Arabian
7540,4.3,760,Continental
16723,4.2,560,North Indian
23291,3.7,18,Italian
41630,3.7,16,North Indian
42091,4.0,775,Italian
1424,3.8,20,Cafe
38342,3.9,628,Finger Food
5170,4.3,241,Bakery
12467,3.8,25,Desserts
9283,,0,Desserts
29215,4.0,157,Desserts
16130,3.9,39,Bakery
1003,,0,Bakery
938,3.5,12,Biryani
3539,3.9,60,North Indian
4216,4.0,1913,Thai
5379,,0,North Indian
40259,3.7,51,North Indian
21701,,0,North Indian
5322,4.2,1876,Cafe
986,4.0,119,Finger Food
11175,4.6,866,Continental
16700,4.1,450,North Indian
9179,3.3,7,North Indian
8928,3.6,8,Beverages
16408,4.0,120,Beverages
7554,4.3,235,Beverages
4613,2.8,19,Beverages
25552,4.1,107,Beverages
92,3.3,5,Chinese
32676,2.6,16,South Indian
39011,3.2,4,Cafe
18646,,0,South Indian
17587,2.9,68,Pizza
7834,2.9,16,Pizza
79,3.7,133,Chinese
7335,3.4,7,Chinese
22297,,0,Bakery
10628,3.8,30,Desserts
3874,,0,Continental
12158,3.0,37,Finger Food
18389,4.0,726,Finger Food
1783,3.6,35,North Indian
10842,,0,Fast Food
22632,3.9,77,Italian
243,3.0,13,Fast Food
1339,4.1,306,Cafe
5015,4.0,600,Asian
2145,,0,Chinese
19801,3.6,12,Fast Food
2337,3.5,14,Kerala
40443,3.0,9,North Indian
127,3.0,62,Cafe
17617,4.0,167,Desserts
3719,4.3,116,Desserts
5041,3.9,46,Continental
46366,4.2,149,Desserts
2768,4.1,162,Desserts
41529,3.6,17,Desserts
8693,3.8,24,Desserts
14929,3.9,36,Desserts
39816,3.5,12,Cafe
15958,3.7,43,Finger Food
23498,,0,Continental
8673,4.0,1701,Cafe
40138,4.2,1113,British
8041,3.9,56,Cafe
98,2.8,89,Chinese
3040,4.1,270,Asian
40119,4.2,221,Asian
4774,3.4,7,Asian
39005,3.8,31,Cafe
328,3.8,584,North Indian
27973,3.8,584,North Indian
41342,,0,Arabian
26597,4.4,2075,Continental
1343,3.6,16,Cafe
4907,4.2,1208,Cafe
1241,4.1,60,Cafe
42665,3.8,28,North Indian
6889,3.5,13,North Indian
5092,3.4,26,North Indian
39333,3.8,46,North Indian
6359,3.5,27,North Indian
2323,,0,North Indian
4665,3.4,19,Biryani
39779,4.2,1012,Cafe
19834,3.5,6,South Indian
48819,,0,South Indian
48898,3.1,61,North Indian
41322,,0,Street Food
46252,,0,Biryani
3868,4.2,140,Cafe
39022,4.3,90,Cafe
13884,4.2,311,Cafe
24173,4.4,1227,Cafe
16870,,0,Cafe
8941,,0,Cafe
7685,3.5,51,Continental
3632,3.3,294,Kerala
873,3.2,79,Cafe
5802,4.1,211,Bakery
5861,3.5,7,Bakery
4016,3.8,69,Kerala
30278,3.8,71,Kerala
22493,4.2,308,Korean
22268,3.6,8,Bakery
5120,,0,Fast Food
9133,4.3,1196,European
18251,4.1,3864,European
42856,,0,European
2935,3.4,9,Mangalorean
12153,3.9,234,Italian
8844,3.4,15,Kerala
7115,,0,Rolls
15211,3.6,179,North Indian
1333,,0,Asian
6962,4.2,141,Italian
12886,3.5,70,Street Food
41232,2.9,17,Street Food
11391,3.8,24,Street Food
15675,3.0,22,Street Food
2490,4.3,245,Tibetan
4311,4.0,957,Tibetan
8545,2.9,31,Continental
2055,,0,Fast Food
5821,,0,North Indian
42974,3.7,24,South Indian
16725,3.8,137,North Indian
19220,,0,North Indian
15911,,0,North Indian
14412,3.9,83,North Indian
2597,4.0,188,North Indian
20428,4.1,303,North Indian
15892,4.0,70,North Indian
1740,3.7,69,Kebab
113,3.4,7,North Indian
11691,4.1,1235,Continental
139,3.6,39,Cafe
5105,4.4,3667,Chinese
17993,,0,North Indian
790,4.2,882,Continental
5618,,0,South Indian
34,3.8,286,North Indian
5615,,0,South Indian
42796,3.4,7,North Indian
18275,4.2,2901,Russian
18271,4.4,2993,Chinese
3438,4.4,2182,North Indian
13230,,0,Andhra
3871,3.8,54,Cafe
6225,,0,North Indian
8768,3.9,75,North Indian
42,3.8,70,North Indian
40500,,0,Street Food
5107,,0,North Indian
6043,3.2,6,North Indian
39013,3.9,250,Cafe
13936,4.6,1082,European
41790,3.6,24,Healthy Food
19975,,0,Fast Food
2205,,0,South Indian
18225,4.7,14956,Italian
5790,3.6,72,Mexican
5273,,0,Biryani
5520,3.5,12,Fast Food
32253,,0,North Eastern
9861,,0,North Indian
4963,3.5,283,Bengali
42976,,0,North Indian
6166,3.5,13,North Indian
13049,,0,Chinese
40982,,0,Finger Food
38963,4.3,1099,Italian
1031,4.5,710,Italian
18855,4.3,1017,Italian
4361,4.4,1842,Italian
1047,4.3,1129,Italian
40834,4.3,654,Continental
22668,,0,Mediterranean
17004,3.5,13,Beverages
41564,3.5,140,North Indian
5330,,0,Chinese
6194,,0,Beverages
657,,0,North Indian
561,,0,South Indian
20238,3.8,60,North Indian
15213,3.9,543,North Indian
22486,3.8,54,North Indian
43016,3.8,79,North Indian
19813,2.8,31,South Indian
17235,3.3,405,North Indian
115,3.8,74,Continental
14092,4.4,189,North Indian
901,3.6,31,South Indian
8620,4.2,618,Cafe
6263,4.4,100,Cafe
442,3.5,20,Finger Food
2873,,0,South Indian
1147,2.6,60,Cafe
46324,3.6,18,Biryani
14245,2.9,156,Pizza
21497,3.2,4,North Indian
5778,3.6,33,Andhra
48377,2.8,9,Rolls
11410,3.8,102,Desserts
39042,3.4,7,Cafe
7239,3.6,14,Fast Food
2319,,0,South Indian
9981,4.2,70,Pizza
1918,,0,Beverages
40003,,0,Fast Food
13767,4.6,1308,Cafe
8669,4.5,3568,Cafe
1242,4.7,14654,Cafe
22405,4.5,1181,Cafe
45948,4.7,3912,Cafe
1646,4.0,360,North Indian
1790,3.0,58,Chinese
41964,3.8,30,Cafe
16203,3.6,25,Desserts
41277,2.7,36,North Indian
3804,3.1,19,North Indian
4771,,0,North Indian
6084,3.5,15,North Indian
1438,4.2,450,Cafe
21027,,0,North Indian
42672,,0,North Indian
16796,3.8,721,North Indian
4988,3.9,1138,North Indian
23224,,0,Fast Food
2770,3.6,21,Rolls
9418,2.8,56,North Indian
22788,3.5,22,North Indian
22035,3.8,139,North Indian
46212,3.4,13,Fast Food
932,4.1,163,Continental
3141,4.1,454,Continental
6345,3.4,5,North Indian
8650,,0,Fast Food
5416,,0,Hyderabadi
9319,,0,Healthy Food
48587,,0,South Indian
364,2.8,511,North Indian
260,3.6,9,Italian
10268,3.3,5,Italian
8080,3.6,17,Cafe
18448,3.5,10,North Indian
42945,3.2,13,North Indian
14598,3.3,12,North Indian
24913,3.1,14,North Indian
4906,3.4,9,North Indian
4092,3.5,5,North Indian
21061,3.6,13,North Indian
41747,3.3,13,North Indian
3296,3.2,9,North Indian
44353,3.2,10,North Indian
36200,3.2,10,North Indian
29726,3.5,34,Mithai
4464,3.8,33,Mithai
41938,3.3,4,South Indian
7576,3.2,11,South Indian
3771,4.0,77,South Indian
13546,,0,Mithai
8886,3.8,170,Chinese
7092,,0,North Indian
42681,,0,South Indian
9515,,0,South Indian
39913,3.6,12,South Indian
17936,2.6,140,South Indian
44034,3.8,35,South Indian
1733,3.5,9,South Indian
41906,3.0,44,North Indian
23534,3.4,19,South Indian
10286,3.8,58,South Indian
1551,3.8,74,South Indian
13009,2.8,64,South Indian
554,2.9,199,South Indian
17351,3.0,208,South Indian
3997,3.7,37,South Indian
8929,3.7,446,South Indian
7684,,0,South Indian
49070,,0,South Indian
3630,3.8,240,South Indian
884,3.9,57,South Indian
39118,3.8,40,South Indian
1398,4.2,60,South Indian
4188,3.6,14,South Indian
46012,3.7,15,South Indian
1923,4.1,238,South Indian
23564,3.7,15,South Indian
1957,3.9,14,North Indian
46271,3.2,7,South Indian
5850,,0,South Indian
3380,2.9,42,North Indian
2003,3.3,6,South Indian
49036,3.3,6,South Indian
3051,3.3,13,South Indian
12574,3.6,16,South Indian
679,3.8,58,South Indian
13361,3.7,46,South Indian
43583,4.1,97,Chinese
525,,0,South Indian
1131,2.9,177,North Indian
41730,3.8,111,Seafood
4483,3.9,134,Seafood
46145,3.9,149,Seafood
9278,,0,South Indian
6199,,0,Beverages
2814,,0,Andhra
5560,3.2,4,Biryani
12342,3.3,9,Biryani
19515,3.6,26,Oriya
1773,3.9,40,North Indian
42785,3.6,15,Healthy Food
16038,3.7,23,Continental
40524,,0,American
6949,2.8,12,North Indian
6322,3.3,5,North Indian
6671,4.0,76,Salad
14827,3.0,64,Desserts
5158,3.7,66,North Indian
7451,3.9,119,Seafood
7734,3.3,4,North Indian
16988,,0,Biryani
46278,,0,Fast Food
1104,3.8,27,Japanese
235,3.7,32,Finger Food
46691,,0,Kerala
22568,4.2,103,American
5982,3.4,6,Mithai
4821,3.4,13,Arabian
2452,3.6,46,North Indian
6464,3.4,18,South Indian
392,3.8,39,South Indian
4610,3.8,55,South Indian
754,3.9,40,North Indian
1861,3.8,339,South Indian
1929,4.2,257,South Indian
2255,4.0,166,South Indian
3643,3.9,24,South Indian
803,3.0,25,South Indian
2783,3.6,15,South Indian
2213,3.6,34,South Indian
40836,4.3,400,BBQ
3077,,0,North Indian
42199,4.2,466,South Indian
41665,4.1,489,South Indian
5647,3.8,51,South Indian
4258,3.9,112,Burger
9074,3.1,5,Fast Food
22158,3.7,33,Cafe
40085,3.5,45,Arabian
21877,3.4,6,Asian
2741,3.9,462,Cafe
44226,3.9,464,Cafe
36277,3.9,464,Cafe
29212,3.6,23,North Indian
1083,3.5,32,North Indian
13544,4.1,840,North Indian
17311,3.3,10,South Indian
1175,3.5,9,Chinese
9123,,0,South Indian
43255,2.4,63,Pizza
24614,2.8,43,Pizza
4134,3.2,5,Biryani
4566,,0,Biryani
51105,3.2,6,Biryani
18738,4.0,103,North Indian
429,2.8,59,North Indian
495,3.7,59,North Indian
1746,3.8,61,North Indian
8440,3.6,23,North Indian
49082,3.6,14,South Indian
3496,4.2,175,Nepalese
7262,3.1,6,South Indian
12098,3.7,26,South Indian
15694,3.3,5,South Indian
8129,,0,South Indian
42281,2.9,21,Chinese
1169,4.2,502,Bakery
41335,,0,Chinese
40984,,0,South Indian
2355,,0,North Indian
29037,3.5,17,North Indian
2148,,0,North Indian
4979,4.1,294,Healthy Food
7068,,0,Biryani
1405,3.9,124,Cafe
19991,3.3,9,South Indian
422,3.8,42,North Indian
2484,3.9,50,South Indian
4813,4.0,72,Mangalorean
4343,4.1,481,Andhra
42827,,0,Andhra
5424,,0,South Indian
369,,0,Arabian
41780,2.3,178,North Indian
19485,3.3,4,South Indian
30408,,0,Bakery
11779,4.6,766,Chinese
7462,4.6,2726,North Indian
18230,4.2,6907,North Indian
1357,3.7,56,South Indian
62,3.6,95,South Indian
7473,,0,South Indian
5440,,0,Street Food
24,3.1,6,North Indian
2292,,0,North Indian
45217,3.8,86,South Indian
7170,2.3,291,South Indian
44789,2.5,301,South Indian
16734,3.0,317,South Indian
2900,3.8,265,South Indian
12623,3.0,53,South Indian
31229,2.8,289,South Indian
6501,2.8,29,South Indian
8955,3.7,532,South Indian
15427,3.7,58,South Indian
48324,3.8,36,North Indian
39381,,0,Kerala
41736,4.5,2407,South Indian
1980,3.4,14,North Indian
42177,2.9,57,North Indian
4110,3.9,92,North Indian
2359,4.1,313,Healthy Food
9906,,0,Healthy Food
175,2.8,5,South Indian
817,3.4,19,South Indian
792,3.7,27,Italian
1757,3.9,38,South Indian
9323,,0,South Indian
17236,3.9,13,South Indian
20773,,0,South Indian
8118,,0,Cafe
18950,3.7,88,North Indian
3740,3.5,15,North Indian
19743,4.2,325,Seafood
43176,3.8,93,Kerala
977,3.4,7,Kerala
9780,,0,North Indian
17992,3.7,32,Kerala
48930,,0,Biryani
2177,,0,South Indian
51081,3.9,97,Andhra
11837,3.0,13,Street Food
8189,3.6,40,South Indian
21766,3.7,35,Fast Food
786,3.0,23,Andhra
16864,3.5,6,Bakery
10234,3.0,144,Biryani
22526,4.1,198,Italian
4204,3.7,27,Kerala
8275,3.8,149,Kerala
453,3.3,62,South Indian
5182,4.2,1617,Salad
51212,4.6,142,Salad
10648,,0,Fast Food
11,,0,North Indian
4844,3.8,137,North Indian
305,,0,Fast Food
29430,3.4,6,Fast Food
22219,2.9,54,Fast Food
20352,,0,Bakery
4474,3.2,4,Burger
1821,4.4,4460,South Indian
11397,4.1,523,Chinese
22775,3.1,6,Vietnamese
1011,3.6,105,Vietnamese
27546,,0,Fast Food
1375,,0,South Indian
40608,4.0,69,Chinese
38617,3.7,20,South Indian
3972,3.4,63,North Indian
939,3.6,15,South Indian
674,3.9,47,South Indian
6379,3.9,30,South Indian
41841,,0,South Indian
2102,3.9,97,South Indian
23715,3.8,17,South Indian
2939,3.9,28,South Indian
4485,,0,North Indian
39879,3.8,36,Biryani
40583,3.2,8,North Indian
1597,2.9,24,North Indian
864,3.0,7,North Indian
8606,3.2,22,North Indian
357,3.6,18,Andhra
1329,3.4,10,North Indian
41833,2.9,86,Chinese
40551,,0,North Indian
3484,3.9,1225,North Indian
1029,4.1,2456,Rajasthani
38965,4.0,568,North Indian
13347,,0,North Indian
3431,3.3,49,Biryani
2948,,0,South Indian
434,3.0,46,North Indian
17353,3.5,338,Arabian
15215,2.8,29,American
3257,3.4,7,Street Food
6864,,0,South Indian
5177,3.4,11,South Indian
6236,3.7,55,South Indian
4025,3.7,46,Burger
1059,3.1,5,North Indian
21364,,0,Bakery
606,3.8,280,Biryani
40148,,0,Bakery
19876,4.1,360,Burger
41494,4.1,1107,Italian
2039,4.2,2115,Pizza
4542,3.9,205,Pizza
41026,,0,Finger Food
13348,,0,South Indian
5417,3.9,160,North Indian
7613,,0,South Indian
29235,,0,Fast Food
5485,,0,Steak
19953,3.2,8,Fast Food
5284,3.3,57,Chinese
5481,,0,Fast Food
465,,0,South Indian
43407,3.7,132,North Indian
42748,3.6,23,Mithai
41492,4.0,163,South Indian
6796,3.0,33,South Indian
42400,3.7,35,South Indian
714,3.2,7,North Indian
6867,,0,South Indian
42308,,0,South Indian
1383,4.1,172,Cafe
23431,3.7,21,North Indian
5310,,0,Ice Cream
2191,3.1,5,Biryani
1138,3.8,47,Biryani
21170,3.2,9,Biryani
876,3.7,294,North Indian
21308,3.2,6,Fast Food
9314,,0,South Indian
17151,3.3,4,Chinese
43378,3.3,72,Chettinad
22372,,0,Bakery
8564,3.3,13,North Indian
5634,3.9,201,North Indian
366,3.3,12,North Indian
3068,3.8,39,South Indian
560,,0,North Indian
15584,3.6,13,North Indian
40921,3.7,95,Finger Food
3476,3.8,46,Finger Food
7441,3.8,115,North Indian
303,,0,Biryani
17199,3.3,4,Hyderabadi
4782,4.0,36,Desserts
20660,3.6,28,Desserts
6656,,0,Desserts
17725,,0,Desserts
26675,,0,Desserts
9226,,0,Belgian
13905,4.2,583,Cafe
2701,4.1,83,Cafe
11619,,0,Desserts
18055,3.9,24,Desserts
4268,3.8,31,Desserts
5916,4.0,69,Desserts
41610,3.9,359,Desserts
40709,,0,Desserts
1480,4.2,249,Desserts
5580,,0,Desserts
18934,3.6,13,Desserts
4058,3.6,18,Desserts
5935,4.3,676,Desserts
1505,3.9,70,Fast Food
1403,4.0,41,Cafe
3528,4.0,85,Cafe
35329,3.9,87,Desserts
35600,3.9,87,Desserts
4548,4.3,50,Desserts
515,,0,Tibetan
732,3.7,97,North Indian
7208,,0,Chinese
13169,3.2,5,Fast Food
2800,3.6,14,Parsi
6546,3.4,9,Fast Food
1793,3.4,83,North Indian
18458,4.1,1858,Finger Food
17462,3.0,10,North Indian
287,4.2,354,Asian
7904,,0,Pizza
22467,4.0,662,Continental
40358,3.8,27,Chinese
5532,3.8,14,Tibetan
5349,,0,Chinese
3574,3.1,112,Chinese
9972,2.5,22,Chinese
888,3.0,382,Chinese
4290,2.4,438,Chinese
47113,2.5,56,Chinese
24195,2.7,64,Chinese
2967,2.9,116,Chinese
22084,2.8,39,Chinese
21263,2.5,55,Chinese
18562,4.0,514,Chinese
4767,3.9,32,Bakery
9233,4.0,153,Bakery
17660,4.0,171,Bakery
2161,3.8,26,Bakery
21570,3.4,12,Bakery
3965,3.8,65,Bakery
41483,4.0,27,Bakery
6165,3.9,93,Bakery
9194,4.3,889,Bakery
22265,3.8,24,Bakery
20602,3.8,46,Continental
21236,,0,Biryani
7303,,0,Biryani
18928,,0,Biryani
5761,,0,Biryani
3466,,0,Biryani
46060,,0,Biryani
48224,3.0,4,Biryani
1156,,0,Biryani
6757,,0,Biryani
10969,,0,Biryani
2699,4.0,108,Burger
6193,,0,Desserts
16743,4.0,56,Desserts
3784,4.0,1014,Finger Food
38437,4.1,493,Finger Food
48025,,0,Finger Food
6997,4.2,1428,Finger Food
40507,,0,Street Food
9227,3.3,261,North Indian
19974,2.6,21,Fast Food
7244,,0,Biryani
2272,,0,North Indian
8504,3.9,53,Asian
1460,,0,Cafe
48134,3.7,113,North Indian
48759,3.4,8,North Indian
6337,3.6,38,North Indian
10422,3.1,35,North Indian
4984,4.1,1774,Finger Food
4365,3.9,231,Mediterranean
18984,3.3,6,Andhra
9664,,0,Maharashtrian
10586,3.3,11,Kerala
9303,,0,Fast Food
8226,3.5,11,Bakery
21973,3.1,22,Continental
248,,0,Biryani
3519,3.9,45,Coffee
24308,,0,Cafe
9353,3.8,177,North Indian
42115,3.7,96,Finger Food
6522,3.3,6,North Indian
23087,2.6,26,Cafe
47424,3.4,32,Chinese
14888,4.2,258,Thai
48769,4.0,84,Mediterranean
197,3.9,57,Bakery
22977,4.2,74,Continental
40106,4.1,2773,American
40477,3.4,16,Pizza
5823,4.0,372,Italian
3442,3.8,44,North Indian
26787,4.5,42,Chinese
41693,3.6,22,Burger
28,4.0,308,Cafe
7909,3.3,4,South Indian
4775,,0,Andhra
40525,3.3,10,South Indian
914,4.6,5892,American
18130,3.6,109,North Indian
7491,,0,American
19182,3.4,8,North Indian
5741,,0,Chinese
46015,3.9,163,Chinese
21834,3.9,82,Chinese
1683,4.3,1587,Asian
21318,3.7,41,Asian
143,3.8,688,Chinese
22546,4.1,223,Asian
4355,4.1,461,Cafe
21962,3.4,6,North Indian
39367,3.5,14,North Indian
23187,,0,Pizza
49100,3.3,8,North Indian
541,,0,South Indian
1494,2.7,85,Cafe
128,3.7,180,Cafe
39875,3.4,47,North Indian
15801,3.1,30,Pizza
11924,4.1,1053,Continental
6747,2.5,433,Chinese
3992,2.6,208,Chinese
8566,2.3,116,Chinese
24215,3.6,38,Continental
2839,3.6,20,Continental
10659,2.8,34,Continental
5839,,0,Continental
4316,3.5,17,Continental
20113,3.5,15,Continental
3066,,0,Asian
9191,3.4,5,Mughlai
8883,,0,Bakery
3870,3.9,178,Desserts
7880,3.8,46,Ice Cream
11279,,0,North Indian
289,,0,Mithai
8225,,0,Beverages
2188,,0,Fast Food
5691,3.4,10,Tibetan
19001,3.5,6,Tibetan
2994,3.3,12,Tibetan
46039,3.7,46,Tibetan
14932,3.9,29,North Indian
41965,3.5,11,Chinese
5406,,0,Chinese
685,,0,North Indian
5587,3.7,40,Street Food
24983,,0,Fast Food
8921,3.3,11,Fast Food
15701,3.6,27,Street Food
6095,3.3,46,Fast Food
3694,3.7,123,Tibetan
21172,,0,Tibetan
41080,3.9,346,Tibetan
18232,2.9,44,Tibetan
39055,3.9,285,Tibetan
1912,3.6,98,Tibetan
12461,2.8,91,Tibetan
24181,3.6,90,Tibetan
31754,3.8,102,Tibetan
15593,2.7,71,Tibetan
22515,3.8,22,Chinese
3879,3.5,79,Chinese
11194,,0,Tibetan
7478,2.8,40,Tibetan
42194,,0,Momos
27772,3.9,151,Tibetan
46224,3.2,18,Chinese
1386,4.1,90,Cafe
7440,,0,Fast Food
7317,2.7,402,North Indian
8938,,0,American
8638,,0,Cafe
4962,3.8,81,Chinese
29807,4.6,834,Desserts
292,3.7,17,Desserts
22236,,0,Desserts
3676,4.5,141,Desserts
5884,,0,Desserts
1684,4.5,554,Desserts
14327,4.3,78,Desserts
3744,4.4,216,Desserts
21859,,0,Desserts
51521,3.9,58,Desserts
1193,3.9,56,Desserts
23504,,0,Cafe
988,4.4,1533,Modern Indian
3198,4.3,148,Biryani
335,,0,Tea
6699,3.3,6,Tea
3763,3.7,31,Tea
3316,,0,North Indian
84,3.3,8,North Indian
3501,4.0,942,Continental
18482,3.6,1111,Continental
42654,3.8,53,Continental
20471,4.0,427,European
4114,,0,Asian
5864,3.1,4,Fast Food
6300,,0,Arabian
23521,3.5,10,Arabian
9221,,0,North Indian
3271,,0,Biryani
5852,,0,Bihari
10686,,0,North Indian
13673,4.0,162,Chinese
22885,,0,Chinese
10955,,0,Chinese
38426,4.2,171,Japanese
13897,4.6,2339,Chinese
4420,3.9,54,Desserts
36961,3.9,58,Desserts
36035,3.9,58,Desserts
21212,3.5,40,Biryani
5909,3.7,22,Fast Food
22786,,0,Chinese
3308,3.0,27,Street Food
17283,4.4,1777,Chinese
2608,,0,North Indian
23018,3.6,104,Continental
8629,3.6,7,Continental
13986,4.0,339,Continental
1268,4.4,939,Cafe
24246,4.4,950,Cafe
18565,4.7,231,Sushi
542,,0,Beverages
17618,,0,North Indian
3953,3.8,201,Chinese
4340,4.1,99,Chinese
43,2.8,29,North Indian
4981,3.2,51,North Indian
31691,3.4,7,Salad
8091,,0,Chinese
507,3.3,7,North Indian
46159,3.4,9,Fast Food
41695,,0,Fast Food
46297,,0,Bengali
19579,3.4,23,Pizza
8012,,0,Fast Food
6283,3.6,14,Fast Food
4497,3.3,16,Fast Food
1716,3.3,42,Fast Food
41952,,0,Mithai
40420,,0,Bakery
39392,3.0,24,Biryani
40511,,0,Andhra
3575,3.8,41,Biryani
520,,0,Biryani
415,3.2,4,Chinese
2788,3.6,44,Momos
6639,,0,Momos
1935,3.2,4,Momos
5540,,0,North Indian
4045,2.9,93,North Indian
5336,3.2,6,North Indian
4225,3.0,111,Rolls
10840,,0,Beverages
24230,3.2,107,North Indian
3464,3.6,51,North Indian
5902,,0,North Indian
4255,3.5,16,North Indian
18532,3.3,34,North Indian
2587,3.7,53,North Indian
3227,3.5,36,South Indian
10314,3.5,38,South Indian
6079,,0,South Indian
4417,3.6,55,South Indian
24340,3.0,54,South Indian
19889,3.5,51,South Indian
11126,,0,North Indian
905,3.6,19,Chinese
7718,,0,Finger Food
1174,4.1,410,Finger Food
48548,3.3,59,Mughlai
3612,3.8,173,Biryani
95,3.5,8,North Indian
12915,,0,Beverages
16681,3.8,818,North Indian
25336,4.0,694,North Indian
13650,4.0,1013,North Indian
5527,,0,North Indian
6998,2.4,96,North Indian
10428,3.2,17,North Indian
7146,,0,North Indian
12558,3.4,8,North Indian
14472,4.2,2015,BBQ
3820,4.1,1538,BBQ
1189,,0,Cafe
3946,3.9,255,Mediterranean
18126,,0,North Indian
9536,2.9,84,North Indian
41474,3.4,89,North Indian
22146,3.1,7,Chinese
22419,4.4,347,Biryani
25120,4.3,53,Biryani
28734,,0,Biryani
4875,4.0,188,BBQ
5562,,0,BBQ
9714,3.5,39,Finger Food
859,4.0,31,South Indian
14195,,0,Continental
4403,4.0,250,North Indian
39398,,0,North Indian
6462,3.8,38,Kebab
5963,,0,Kerala
2384,4.4,351,Cafe
7906,4.4,788,Cafe
19575,3.7,34,Fast Food
41616,3.6,9,North Indian
5516,3.1,320,North Indian
10152,2.8,178,North Indian
3050,3.8,214,North Indian
4484,2.6,155,North Indian
19678,3.6,89,North Indian
40965,,0,North Indian
20427,4.1,245,Thai
6954,3.7,32,Finger Food
1663,3.9,133,Italian
7289,4.3,169,Desserts
3581,4.1,1336,North Indian
40433,,0,Fast Food
4928,4.1,588,Chinese
6599,2.6,170,Italian
4868,,0,Rolls
21705,,0,Fast Food
5430,4.0,510,Chinese
8755,4.0,60,Kerala
16729,3.6,62,Italian
2622,3.8,91,North Indian
11052,3.2,4,North Indian
3561,4.3,894,Cafe
5090,4.0,68,Desserts
5031,3.6,22,Turkish
41920,3.7,33,Turkish
15085,,0,North Indian
23011,3.9,191,North Indian
7233,3.4,9,Fast Food
18721,2.7,135,Mughlai
4577,,0,Continental
40486,3.4,37,Biryani
9045,3.5,40,Pizza
8202,3.9,48,Beverages
3937,3.7,37,Beverages
1024,,0,Chinese
46377,,0,Ice Cream
2615,3.2,49,Sandwich
9754,3.7,41,North Indian
1907,3.5,22,Kebab
18247,4.6,2785,Asian
1068,4.1,353,Asian
4174,4.1,129,Salad
41925,4.2,1731,Continental
46399,4.3,969,Continental
23728,4.2,1745,Continental
1298,4.0,1509,Continental
2630,4.1,218,Chinese
22088,3.5,24,Fast Food
298,4.0,808,Chinese
38964,4.0,1070,Chinese
48123,3.9,621,Chinese
635,4.1,2303,Chinese
295,3.4,58,Fast Food
6961,4.3,597,Japanese
42732,3.1,11,Chinese
22576,3.7,209,Seafood
13707,4.0,419,Continental
4521,4.0,933,Continental
12435,,0,Chinese
43212,,0,Mughlai
2624,3.1,46,Continental
840,4.1,268,Asian
38977,4.0,344,North Indian
5865,3.0,7,North Indian
3819,4.1,1234,South Indian
23476,3.9,283,Fast Food
6528,3.7,21,North Indian
43148,3.7,128,South Indian
10872,3.9,157,Chinese
3324,4.2,556,Nepalese
119,3.1,13,Chinese
2928,3.6,16,Chinese
36468,3.5,58,Thai
5364,,0,Desserts
970,4.4,1149,Mediterranean
42482,4.5,1909,Mediterranean
41634,4.1,662,Continental
7626,,0,Sandwich
1481,3.0,17,Italian
22574,3.7,399,Seafood
788,,0,Finger Food
6914,,0,Mangalorean
1909,3.6,82,North Indian
135,3.0,23,Chinese
8660,3.3,4,Chinese
32016,,0,Chinese
8901,,0,Ice Cream
22229,,0,Fast Food
5654,,0,Fast Food
2218,3.2,4,Biryani
11725,3.9,737,Continental
9156,3.9,1763,North Indian
9117,3.6,51,Street Food
1459,3.5,15,Fast Food
966,3.8,478,Chinese
1900,,0,Mughlai
2738,,0,South Indian
41655,3.9,210,Mughlai
6123,3.7,259,Fast Food
22469,3.6,519,Mughlai
2906,3.9,169,Mughlai
22164,3.4,5,Chinese
4795,3.7,16,Burger
8406,3.9,105,North Indian
22032,3.2,4,Biryani
21794,,0,Ice Cream
46211,3.6,17,Desserts
11426,,0,Continental
40629,,0,Continental
3177,,0,Continental
4077,,0,Continental
7069,,0,Street Food
17142,,0,Burger
19614,3.6,106,North Indian
16987,,0,Continental
4261,4.1,42,Ice Cream
1299,4.5,334,Cafe
563,,0,North Indian
22914,3.8,16,North Indian
3760,4.0,101,North Indian
9949,,0,North Indian
43840,3.4,32,North Indian
18393,4.0,458,Street Food
14141,3.6,12,Italian
14469,2.8,211,Chinese
12235,3.3,19,Continental
1263,4.4,2859,American
5643,,0,North Indian
4676,3.3,6,Chinese
19387,,0,Desserts
801,3.2,16,Seafood
5625,3.5,21,Chinese
5495,3.6,25,South Indian
41828,3.5,46,Chinese
1727,4.2,37,North Indian
4037,3.0,566,North Indian
4404,4.1,51,North Indian
22746,2.7,596,Fast Food
24677,2.7,194,North Indian
1194,3.8,155,North Indian
8350,2.7,425,North Indian
9268,3.8,685,North Indian
41701,3.5,78,North Indian
31626,2.7,249,North Indian
7351,3.6,42,North Indian
26200,3.8,98,Fast Food
22580,3.6,244,North Indian
42111,2.7,82,North Indian
46125,3.0,50,North Indian
21347,3.1,352,North Indian
17853,3.7,32,North Indian
11208,2.8,484,North Indian
28426,4.1,41,North Indian
16222,2.9,22,North Indian
11030,3.9,184,Fast Food
40914,2.5,544,North Indian
956,3.6,213,North Indian
1277,2.7,97,Fast Food
48397,2.9,96,North Indian
17497,2.8,210,North Indian
16713,3.7,42,North Indian
983,,0,North Indian
1661,3.3,5,North Indian
19406,,0,Fast Food
2374,,0,Chinese
3718,4.0,558,Chinese
953,,0,Chinese
20111,3.6,94,Chinese
5545,3.7,11,Biryani
15339,4.2,807,Biryani
13810,3.5,15,Biryani
42776,3.4,58,Biryani
22133,,0,Biryani
42201,3.5,13,North Indian
9909,4.0,65,North Indian
4948,3.5,888,Mughlai
12384,,0,South Indian
11054,3.5,11,Chinese
7521,,0,Chinese
8031,3.4,212,Chinese
46246,3.6,15,Fast Food
539,,0,Street Food
10621,3.3,11,Biryani
21113,3.1,249,Oriya
1997,3.8,120,North Indian
42332,3.9,131,Bengali
8158,,0,North Indian
12031,3.1,16,Continental
14595,3.2,574,Biryani
671,,0,Beverages
951,4.9,6375,Mediterranean
3480,4.7,881,Mediterranean
16682,4.8,2882,Mediterranean
22400,4.6,1502,Mediterranean
42493,4.8,12121,Mediterranean
16742,3.5,54,Chinese
2138,,0,Fast Food
6557,2.9,36,Chinese
22064,3.8,164,Seafood
18195,3.4,31,Biryani
4582,3.2,12,South Indian
3002,3.5,735,Biryani
3803,3.3,455,Biryani
4076,3.4,5,North Indian
43401,3.5,7,Biryani
39888,3.7,173,Andhra
39117,3.8,209,Fast Food
41731,3.9,49,Fast Food
17621,,0,South Indian
22118,,0,North Indian
17258,3.8,405,South Indian
43402,3.6,33,Continental
512,3.1,10,Fast Food
32,3.7,88,North Indian
8879,,0,Beverages
3204,3.7,28,North Indian
1772,4.0,334,North Indian
842,3.2,9,Chinese
9298,3.9,178,North Indian
3280,3.3,10,Chinese
46082,3.7,59,North Indian
17913,3.7,21,Fast Food
26172,3.5,30,Chinese
41029,2.9,25,Chettinad
242,3.3,4,North Indian
461,,0,North Indian
2391,3.4,6,Desserts
40616,,0,Desserts
4410,,0,Desserts
4013,3.6,14,Afghan
16766,3.5,40,Chinese
3526,3.4,9,Desserts
2482,3.8,267,Chinese
9821,3.5,16,Chinese
18485,4.0,592,North Indian
22552,4.0,377,North Indian
20310,,0,North Indian
22177,,0,North Indian
12442,,0,North Indian
43022,3.7,61,South Indian
6187,3.6,13,Fast Food
2907,2.8,76,Chinese
16252,3.4,9,Salad
22149,3.2,9,Chinese
5588,,0,Biryani
5563,,0,Chinese
22503,4.2,783,Continental
4541,4.0,868,North Indian
29468,,0,Kerala
41035,3.3,6,North Indian
6957,2.9,59,North Indian
42075,3.6,24,Street Food
5569,,0,North Indian
2158,,0,Biryani
48533,,0,South Indian
4247,3.9,42,South Indian
1122,,0,Chinese
962,3.9,72,Chinese
18433,3.6,41,Mughlai
18568,4.0,136,Kerala
1218,3.8,42,South Indian
49081,3.7,20,Chinese
5,,0,North Indian
2921,,0,South Indian
4238,3.6,20,North Indian
46030,4.0,336,Chinese
4992,3.1,38,South Indian
24454,3.2,4,North Indian
5499,3.2,13,Chinese
46294,,0,Chinese
843,,0,Street Food
42259,4.2,258,North Indian
21889,,0,Biryani
21971,4.0,74,Fast Food
2901,4.4,1413,Fast Food
22008,,0,Mughlai
7903,,0,Chinese
3776,4.2,567,Continental
23196,,0,Biryani
22080,,0,North Indian
6659,3.5,17,Chinese
4528,3.5,17,Chinese
46346,,0,North Indian
21897,3.7,90,North Indian
900,,0,Fast Food
4163,3.9,370,Mughlai
5393,3.0,13,Chinese
21908,3.4,6,Chinese
3322,,0,South Indian
33998,,0,North Indian
6733,3.8,22,Chinese
48184,3.9,185,Mughlai
5176,3.5,31,North Indian
10714,3.1,12,South Indian
48249,3.2,4,North Indian
5200,3.5,14,South Indian
5397,,0,Chinese
41807,3.2,25,Biryani
3095,3.6,113,Chinese
3151,3.9,169,North Indian
4113,3.6,208,North Indian
48175,4.1,371,Chinese
41477,4.1,935,Chinese
18193,3.6,118,North Indian
48717,4.1,568,Chinese
8593,3.6,133,North Indian
20787,,0,North Indian
39829,3.9,52,North Indian
11226,3.9,682,Mughlai
5231,,0,Chinese
29232,,0,Chinese
5879,3.3,8,Chinese
897,3.4,22,North Indian
4932,,0,Chinese
6645,,0,Biryani
23347,,0,North Indian
6933,,0,Fast Food
23204,,0,Kebab
48174,4.0,314,Chinese
41926,3.4,9,North Indian
3263,3.7,42,South Indian
42886,,0,North Indian
3738,3.9,255,Biryani
5803,4.3,346,Fast Food
899,3.0,27,Arabian
22188,,0,North Indian
41596,3.4,5,Momos
21883,2.9,56,Middle Eastern
4144,3.9,450,Middle Eastern
14990,1.8,224,Continental
41621,,0,Chinese
4854,3.6,27,Chinese
8662,4.4,568,Biryani
2792,4.4,98,Biryani
1006,,0,Burger
2572,,0,Biryani
5258,,0,Chinese
19023,,0,South Indian
20332,3.6,34,Beverages
15483,3.9,77,Beverages
41966,3.6,19,Beverages
17394,3.3,387,North Indian
3139,3.8,229,Chinese
41937,3.3,6,Chinese
22614,3.8,140,Continental
22706,4.3,263,Salad
12369,,0,Chinese
7570,,0,Biryani
2606,3.3,8,North Indian
7280,,0,Chinese
1202,4.0,73,French
4372,4.2,231,French
17801,3.8,107,Andhra
49064,3.2,15,South Indian
17619,3.2,4,North Indian
12577,3.7,43,Chinese
513,,0,South Indian
2441,3.6,108,Biryani
5247,3.6,39,Chinese
1287,,0,North Indian
42953,3.5,93,North Indian
19576,3.0,148,Chinese
6087,3.4,7,Andhra
30360,,0,Desserts
4619,3.8,256,North Indian
22680,3.9,140,Chinese
4887,,0,Continental
12151,4.1,93,Chinese
42379,3.7,31,Fast Food
23410,3.5,20,Chettinad
6167,3.2,6,Fast Food
1217,3.3,136,South Indian
23191,,0,Kebab
7599,3.5,17,Chinese
5716,,0,Kebab
23239,,0,Kebab
9239,3.2,5,Fast Food
41263,,0,Kebab
1689,4.2,424,Kebab
42186,,0,Kebab
2327,3.3,5,Kebab
2350,,0,Fast Food
6473,,0,South Indian
17576,,0,Kebab
7605,3.1,6,Kebab
747,,0,Chinese
12498,3.1,6,Kebab
3890,3.7,17,Chinese
2992,2.8,227,Kebab
11872,3.7,118,Kebab
9982,3.5,383,Kebab
42757,3.8,38,Beverages
15204,4.0,47,Momos
4344,3.0,4,American
3720,2.4,48,Burger
22358,3.6,23,Bakery
18993,3.8,31,Mexican
23467,3.7,64,North Indian
4877,,0,South Indian
39401,,0,South Indian
22077,,0,Fast Food
46372,3.9,54,Desserts
47516,4.0,120,Desserts
41983,4.2,217,Desserts
48604,3.8,56,Desserts
8244,4.2,434,Desserts
5848,,0,South Indian
9182,2.8,114,North Indian
469,2.1,342,North Indian
16651,2.7,231,North Indian
7149,2.4,392,North Indian
7152,2.7,77,North Indian
5167,2.8,43,North Indian
40402,2.5,131,North Indian
22717,2.7,171,North Indian
3704,3.4,84,Chinese
15046,3.7,15,Chinese
20482,3.9,568,Chinese
7945,4.0,82,Desserts
6188,3.1,6,Chinese
12731,3.4,24,Seafood
42866,,0,Chinese
39123,3.5,250,Chinese
38495,3.8,20,North Indian
39736,3.5,54,Chinese
4415,3.2,204,Biryani
40541,,0,North Indian
13185,,0,North Indian
11514,4.1,116,Mithai
18072,3.7,36,Mithai
30365,3.5,13,Mithai
9324,,0,Ice Cream
16841,4.1,701,Continental
22554,4.0,241,Continental
21979,,0,Juices
19817,3.2,4,Fast Food
9220,,0,South Indian
1785,3.3,6,North Indian
5607,4.2,267,Street Food
1844,4.2,1076,Street Food
149,3.9,84,Street Food
14630,4.0,261,Street Food
1444,3.7,46,Street Food
13210,4.0,183,Street Food
22315,4.0,99,Street Food
5831,3.9,42,Street Food
6541,4.1,131,Street Food
5688,2.5,58,Chinese
1228,3.4,89,Chinese
2529,3.2,64,Chinese
17938,3.2,14,Chinese
14438,3.6,133,South Indian
40054,3.6,24,North Indian
24335,3.1,22,South Indian
17897,3.5,30,North Indian
10813,2.8,60,Fast Food
21829,3.3,117,Fast Food
29819,3.7,73,Chinese
40504,3.1,8,Chinese
17520,3.3,225,Fast Food
794,3.1,104,Fast Food
2447,3.4,16,Fast Food
37390,3.1,41,Chinese
798,3.8,120,Fast Food
26489,3.1,22,Fast Food
2449,3.2,56,Fast Food
27983,3.2,9,Chinese
9190,3.3,5,Chinese
39388,,0,Andhra
1318,3.6,81,North Indian
3739,3.2,23,Biryani
6968,3.6,21,South Indian
27967,,0,Andhra
1792,3.1,4,South Indian
18374,4.0,108,Biryani
24998,4.0,469,North Indian
524,3.2,4,Biryani
2117,3.6,24,South Indian
43382,3.7,19,Biryani
2215,3.3,46,North Indian
797,,0,Biryani
7560,3.0,55,North Indian
19787,3.8,241,South Indian
1679,4.0,187,Biryani
4307,3.9,158,Biryani
14516,3.2,128,Biryani
27922,3.3,6,Kebab
18933,2.8,17,Biryani
39912,3.1,72,North Indian
41851,,0,Biryani
3661,4.2,1430,North Indian
14738,4.0,43,North Indian
43751,3.4,5,Chinese
19720,3.7,106,North Indian
2067,4.1,666,Biryani
40506,,0,Chinese
5728,,0,Hyderabadi
46139,3.4,9,Biryani
18080,3.2,4,Chinese
6489,3.5,11,Biryani
2014,3.2,22,Biryani
24451,,0,South Indian
41759,3.9,317,Chinese
9181,3.3,4,North Indian
42749,3.3,6,North Indian
4119,3.7,52,North Indian
20719,3.3,11,South Indian
45961,3.1,12,Beverages
40192,3.7,92,Chinese
21957,3.9,121,Mughlai
2854,2.8,165,South Indian
4851,3.7,29,Fast Food
3591,3.3,5,North Indian
21716,,0,Biryani
180,4.1,739,North Indian
42658,3.9,96,South Indian
16045,3.1,97,South Indian
8957,2.9,304,South Indian
7527,3.9,1155,South Indian
15450,3.8,768,South Indian
16545,3.4,5,North Indian
19011,4.1,150,North Indian
4029,3.4,6,North Indian
16745,,0,Mithai
1559,,0,Street Food
3759,3.8,62,North Indian
625,4.0,771,North Indian
3392,4.0,265,Beverages
5404,,0,Beverages
5172,3.5,28,Chettinad
36613,3.9,82,South Indian
41553,3.5,73,Chinese
1921,3.3,5,Chinese
46689,,0,Street Food
4380,3.5,11,Chinese
49002,,0,North Indian
190,,0,Biryani
41560,3.9,461,Fast Food
42489,4.4,730,North Indian
1806,3.7,20,Ice Cream
23152,3.7,118,Thai
4976,4.1,841,Mangalorean
4540,4.2,854,Mangalorean
540,4.1,179,Mangalorean
20907,,0,Chinese
38658,,0,Chinese
19840,3.5,26,Hyderabadi
1681,3.6,474,Chinese
4482,3.1,35,Chinese
21033,3.9,236,South Indian
6471,3.8,18,South Indian
4219,3.6,16,Chinese
42783,3.3,14,Fast Food
16076,4.6,206,Desserts
7229,4.0,65,Desserts
41835,4.0,25,Desserts
1502,4.1,59,Desserts
8791,4.5,194,Desserts
547,4.0,67,Desserts
16033,4.2,251,Desserts
4867,4.1,83,Desserts
19333,3.2,4,Desserts
19005,4.0,90,Desserts
4740,3.0,9,Mughlai
41728,3.6,89,Mughlai
23000,3.9,358,Mughlai
16271,4.0,196,Mediterranean
146,3.4,24,Chinese
42756,,0,North Indian
4675,3.7,19,Arabian
4545,3.4,43,Arabian
7680,,0,Biryani
5449,,0,Fast Food
8914,3.5,10,Desserts
42384,3.3,4,North Indian
3824,3.9,191,Fast Food
619,,0,Biryani
18538,3.7,0,Fast Food
11270,4.0,334,Fast Food
5526,2.9,90,South Indian
41660,3.0,75,Chinese
40425,,0,North Indian
13570,4.5,8375,Continental
5260,3.7,31,Desserts
22147,,0,South Indian
18229,4.1,177,Continental
5395,,0,North Indian
5411,3.3,5,Chinese
12064,,0,Fast Food
12666,3.4,9,North Indian
39951,3.8,72,Sandwich
7699,,0,Sandwich
8243,4.0,127,Mughlai
4943,3.9,49,Momos
22595,3.7,83,Chinese
24249,4.2,533,Biryani
6338,3.6,22,Chinese
7057,4.3,449,Desserts
12198,4.4,1896,Desserts
2793,,0,Ice Cream
43001,4.2,44,Ice Cream
17800,4.0,58,Ice Cream
4760,,0,Desserts
4141,,0,Desserts
15212,,0,Ice Cream
5119,,0,Kebab
1595,3.4,7,Desserts
22389,3.1,6,Desserts
40271,3.7,26,Biryani
13463,3.2,6,Street Food
4632,3.2,9,Street Food
698,,0,Street Food
13460,,0,Juices
40095,3.1,97,Fast Food
7592,,0,Middle Eastern
9222,,0,Middle Eastern
19421,,0,Middle Eastern
224,,0,Middle Eastern
40473,,0,Middle Eastern
4936,3.8,174,Fast Food
1128,3.5,41,Fast Food
3821,4.0,69,South Indian
4538,3.4,11,South Indian
4433,4.4,864,Thai
5754,,0,Rolls
48731,4.0,137,North Indian
42154,4.1,534,Street Food
3094,4.1,58,Street Food
41990,4.3,124,Street Food
48632,3.7,53,Street Food
41568,4.0,73,Street Food
3079,3.9,42,Street Food
1964,4.0,113,North Indian
43774,3.2,7,Chinese
15734,,0,Fast Food
7539,4.1,237,Thai
4008,3.0,16,Vietnamese
4978,3.1,9,Asian
6421,3.2,5,Asian
1027,4.9,2178,Chinese
14898,3.6,25,Fast Food
6869,2.8,80,Biryani
23703,3.0,74,North Indian
7839,3.9,224,Chinese
4224,3.9,48,North Indian
6262,3.3,4,South Indian
4846,3.6,31,South Indian
5506,,0,North Indian
3919,3.9,69,North Indian
46317,3.7,91,North Indian
14805,3.5,53,North Indian
12260,4.1,208,Fast Food
2690,,0,Bakery
39021,4.3,722,Bakery
21190,,0,Vietnamese
39083,4.2,577,Chinese
2415,,0,Chinese
1098,3.6,116,American
5013,,0,North Indian
46952,3.7,19,Hot dogs
22356,4.5,506,Italian
4969,3.7,104,Chinese
9265,,0,Kebab
25532,,0,Fast Food
2545,3.7,23,North Indian
4302,3.9,224,Iranian
456,3.7,39,Iranian
246,,0,Hyderabadi
48367,3.4,10,North Indian
48236,3.8,65,North Indian
2112,4.3,734,North Indian
17569,,0,Chinese
5952,,0,Fast Food
5011,3.8,41,Chinese
4509,2.8,95,Mughlai
367,3.6,29,Continental
36317,4.2,176,Chinese
35198,4.3,429,Italian
23730,4.3,1561,North Indian
5218,3.7,500,South Indian
580,3.5,8,South Indian
5612,3.5,8,Continental
46177,3.9,123,Burger
41719,3.5,107,American
5684,3.7,68,North Indian
11780,4.6,634,Finger Food
262,4.1,428,Street Food
9225,,0,Biryani
19266,,0,Biryani
46704,,0,Chinese
1054,,0,North Indian
11832,4.1,207,Finger Food
4536,3.1,43,Bengali
2018,3.3,6,North Indian
12476,,0,South Indian
5438,3.5,13,Desserts
5595,,0,Hyderabadi
41791,3.8,86,Hyderabadi
655,2.2,479,Chinese
3853,4.0,903,Biryani
4557,4.2,1383,North Indian
17596,3.4,9,Desserts
3450,4.0,89,Desserts
5408,3.1,9,Sandwich
150,3.5,15,Beverages
22082,3.7,18,Fast Food
24064,,0,Desserts
22351,3.5,6,Beverages
46298,,0,Desserts
5275,3.7,22,Desserts
4799,3.5,8,Desserts
503,,0,Desserts
785,3.3,7,Bakery
4143,4.0,175,Desserts
7724,,0,Desserts
13237,,0,Fast Food
1195,3.9,48,Desserts
48633,3.0,8,Desserts
1513,3.8,77,Continental
1180,3.6,41,Continental
48345,3.8,35,Fast Food
4394,4.0,36,Fast Food
31466,3.3,4,Arabian
20948,,0,Desserts
3043,4.0,74,Desserts
42788,3.4,27,North Indian
22112,,0,South Indian
5391,3.8,37,Sandwich
43352,,0,North Indian
6996,3.3,5,South Indian
22802,3.6,195,Chinese
42268,4.0,134,Kashmiri
9787,3.7,112,Fast Food
1323,2.8,48,Chinese
4755,4.2,532,Singaporean
6717,3.7,1014,Chinese
17329,2.9,15,Chinese
37069,3.7,24,Fast Food
41948,,0,South Indian
48932,,0,Fast Food
276,3.8,104,Fast Food
7843,3.3,4,Biryani
598,,0,Chinese
5767,,0,Fast Food
2821,4.0,44,Modern Indian
18179,3.9,65,Mithai
8680,3.9,144,Mithai
43405,3.8,98,Mithai
5793,,0,Desserts
6976,2.9,58,North Indian
5989,3.2,4,Street Food
1371,3.9,134,North Indian
19615,3.3,6,Street Food
50,3.0,5,Street Food
39383,3.5,22,Street Food
709,3.6,20,Street Food
12050,,0,Kebab
4732,4.1,624,Continental
13930,4.2,2212,Italian
4323,3.5,121,South Indian
2694,3.7,197,Fast Food
1669,3.2,4,Biryani
16059,3.6,18,South Indian
17639,,0,Chinese
18127,,0,South Indian
47412,3.2,6,BBQ
17002,,0,Kebab
3343,,0,Biryani
3292,4.2,975,Seafood
18722,4.2,764,Seafood
2794,4.2,255,Continental
5452,,0,North Indian
6765,,0,Pizza
14175,4.1,209,Finger Food
3027,3.5,57,North Indian
10075,3.4,7,Chinese
21835,3.2,4,Chinese
1304,3.3,6,Fast Food
21282,,0,Sandwich
5880,4.2,767,Chinese
2605,4.2,475,Chinese
48577,3.5,49,North Indian
16427,3.7,73,North Indian
4491,3.8,110,North Indian
9107,,0,Asian
41169,3.0,112,Asian
6967,3.6,19,Kebab
40846,4.1,1003,North Indian
3482,4.3,1303,Continental
1020,3.4,173,Kerala
4440,3.7,65,Kerala
3683,3.8,188,Kerala
13422,3.7,83,Kerala
8444,4.4,1065,European
48116,4.5,1282,European
40793,4.4,2131,European
22404,4.2,1132,European
16722,3.8,32,European
13538,4.7,7152,European
1025,4.7,3852,European
7896,4.7,3614,European
787,4.3,1147,European
42494,4.3,1074,European
2762,2.8,151,Chinese
12549,3.8,169,North Indian
7418,,0,BBQ
18320,4.2,2445,Continental
18650,4.3,176,Biryani
39796,4.2,842,Italian
23631,3.8,4655,Continental
22310,4.3,496,Burger
41887,3.5,24,Beverages
441,,0,Desserts
12917,3.7,24,Desserts
16250,3.7,47,Desserts
10856,3.6,25,Desserts
15711,3.1,17,Desserts
17980,3.8,80,Desserts
40145,2.9,55,Desserts
19573,3.9,51,Desserts
42007,3.3,24,Desserts
22299,3.6,27,Desserts
17230,3.5,36,Desserts
24999,3.1,11,Desserts
40698,,0,Desserts
41678,2.9,20,Desserts
51547,,0,Desserts
1200,3.7,25,Desserts
565,3.8,108,Desserts
38218,3.0,66,Desserts
29131,3.8,23,Desserts
4148,3.1,21,Desserts
28409,3.7,35,Desserts
8689,4.1,77,Desserts
4841,3.7,48,Desserts
7924,3.6,22,Desserts
3812,3.7,42,Desserts
46162,3.6,34,Desserts
43418,3.2,14,Desserts
42914,3.8,345,Andhra
4461,4.0,869,Chinese
19513,3.1,20,South Indian
3684,3.8,419,Andhra
527,,0,Biryani
4296,,0,Fast Food
39910,3.6,17,Biryani
21206,,0,Biryani
51438,,0,Mughlai
2015,3.0,29,Chinese
3461,3.4,65,South Indian
5359,3.1,140,Biryani
4770,3.3,56,Chinese
4743,3.5,89,Biryani
17354,,0,North Indian
21129,2.7,53,Chinese
325,3.1,4,Biryani
7543,,0,Biryani
6556,3.7,24,Arabian
907,4.0,415,South Indian
2641,3.8,52,South Indian
19332,3.4,6,Chinese
46228,,0,Mughlai
48559,,0,Mughlai
8485,4.3,471,North Indian
2601,3.7,41,Biryani
19321,3.5,11,Kebab
16118,3.5,134,Chinese
5847,3.5,8,Fast Food
10660,4.3,392,American
51189,3.8,179,North Indian
5575,3.3,6,North Indian
39820,,0,Cafe
2602,4.2,541,Chinese
3867,3.8,36,Tea
12291,3.2,4,North Indian
22394,3.8,17,Thai
14410,3.1,282,Thai
30881,4.0,859,Thai
4708,3.9,221,Thai
10309,3.8,262,Thai
4389,3.7,9,Thai
46452,3.6,314,Thai
28524,3.3,16,Thai
252,3.7,679,Thai
663,2.7,128,Thai
22494,,0,Thai
4236,3.9,396,Thai
31759,2.9,189,Thai
8354,2.7,160,Thai
41818,3.7,175,Thai
18723,4.0,99,Thai
1093,3.6,778,Thai
18300,3.4,23,Thai
48379,3.7,75,Thai
2872,3.7,479,Thai
46017,3.8,198,Thai
20815,,0,Thai
22657,4.0,499,Thai
7632,3.5,341,Thai
43553,3.9,300,Thai
6381,,0,American
15695,4.0,277,Mangalorean
578,3.9,142,Seafood
6974,2.9,31,Seafood
4463,3.4,17,Chinese
5649,4.1,179,Biryani
17115,,0,Mughlai
46301,3.6,31,Mughlai
1787,3.8,55,Rolls
42112,4.2,244,European
46392,3.9,40,Street Food
5548,3.9,65,North Indian
6382,3.0,38,North Indian
8709,4.3,521,Bakery
572,4.1,201,North Indian
9326,,0,Biryani
1005,,0,South Indian
23238,,0,Biryani
2,3.1,22,South Indian
397,3.5,25,Beverages
4727,4.2,858,Asian
9784,3.2,6,Chinese
25014,4.0,253,Mughlai
6544,3.8,89,Desserts
48568,,0,Desserts
4918,4.1,125,Cafe
19027,,0,Beverages
40474,3.4,6,Chinese
22232,3.5,12,North Indian
7630,,0,Biryani
9317,,0,Biryani
7179,,0,Biryani
9445,,0,Biryani
48904,,0,Biryani
5333,,0,Biryani
8111,,0,Biryani
8115,,0,Biryani
17053,,0,North Indian
678,,0,Biryani
5621,,0,North Indian
6132,3.4,10,Sandwich
39787,4.1,868,Italian
21118,4.1,859,Italian
43233,3.2,426,Biryani
18708,3.9,854,Chinese
6425,4.1,106,Italian
5921,3.6,223,Mithai
23319,2.3,119,South Indian
41434,2.5,81,South Indian
5153,2.3,131,South Indian
42684,2.0,259,South Indian
12057,3.1,6,North Indian
18982,3.6,115,Chinese
18983,3.8,35,South Indian
6108,3.4,6,Arabian
9721,,0,Arabian
6309,3.4,8,Arabian
39120,4.1,133,Hyderabadi
331,3.5,8,Chinese
12552,3.0,16,Street Food
12517,3.7,16,South Indian
29479,,0,South Indian
5604,3.4,27,Mithai
7517,3.3,6,Mithai
5735,3.6,21,North Indian
18094,,0,Chinese
14668,3.7,16,Biryani
5494,3.7,20,Chinese
46095,3.1,37,Chinese
42221,,0,Fast Food
32491,3.4,4,North Indian
238,3.4,6,Bengali
14349,3.9,418,Chinese
14918,4.1,1075,Street Food
5616,,0,Street Food
3076,3.9,92,Street Food
29346,,0,Chinese
7573,,0,Mughlai
24052,3.6,73,North Indian
1885,3.9,100,North Indian
4266,3.0,110,Biryani
87,,0,North Indian
17970,3.0,41,Mithai
17563,3.7,70,Mithai
41213,,0,South Indian
1190,3.6,196,Biryani
4994,3.7,662,Mughlai
4017,4.1,1956,Mughlai
5597,2.9,24,North Indian
14517,3.6,8,Fast Food
20619,3.4,7,Chinese
7157,3.1,7,Fast Food
46221,3.3,6,Mughlai
70,3.3,7,Fast Food
1602,3.2,63,North Eastern
10179,3.7,125,Beverages
22832,,0,North Indian
3742,3.5,41,Sandwich
10449,3.8,212,Sandwich
2743,3.7,85,Sandwich
21336,3.9,56,Sandwich
41794,3.8,39,Sandwich
4885,,0,Continental
18607,3.7,61,Sandwich
40812,4.2,320,Continental
43504,4.2,746,North Indian
912,4.7,6876,European
11111,,0,North Indian
14,3.2,4,Chinese
48220,4.0,555,Street Food
935,3.6,21,Fast Food
29213,3.6,11,Healthy Food
4930,,0,Sandwich
29268,3.2,4,Chinese
8079,3.3,6,Continental
3168,3.3,7,Desserts
42066,,0,Street Food
16056,3.9,214,Biryani
13537,4.7,9021,Continental
6984,4.5,678,Sushi
4019,4.1,203,Burger
1077,3.6,58,Burger
1213,3.8,208,Burger
1629,3.9,177,Burger
16838,4.0,293,Burger
3590,,0,American
3797,4.3,184,Burger
39812,3.7,106,Burger
24361,3.8,108,Burger
18017,3.8,63,Burger
22104,,0,Pizza
46237,3.1,14,Bihari
10631,,0,Chinese
46207,3.7,63,Street Food
3566,3.4,19,Street Food
7542,,0,Chinese
1404,3.8,47,Italian
10086,3.1,36,Chinese
17039,,0,Desserts
29407,,0,Italian
4385,3.6,16,Chinese
51193,4.1,317,Chinese
3268,4.2,78,Kebab
4677,4.1,292,Chinese
43755,,0,North Indian
48508,3.1,38,Fast Food
4246,,0,Chinese
3956,3.7,21,Hyderabadi
5538,3.1,4,North Indian
4756,3.9,222,North Indian
41789,2.9,33,North Indian
25081,3.7,600,North Indian
23294,3.8,200,North Indian
46058,3.8,258,Biryani
40448,3.2,13,Biryani
46046,3.0,30,Biryani
26,3.7,158,Chinese
2113,3.8,130,Biryani
2954,2.9,119,Kebab
41764,3.2,711,Kebab
137,3.5,18,Kerala
41617,3.3,210,Biryani
108,,0,North Indian
4122,3.9,667,North Indian
903,3.9,678,North Indian
18767,3.9,1618,North Indian
40267,3.9,393,North Indian
43533,3.8,1819,North Indian
47076,3.7,22,North Indian
5069,,0,Biryani
8604,,0,North Indian
5198,3.4,301,North Indian
22182,3.3,6,Kebab
9449,,0,South Indian
4603,,0,North Indian
42678,3.7,32,Chinese
40446,3.3,10,Andhra
40564,,0,North Indian
5425,,0,North Indian
17543,2.9,31,Biryani
1317,3.6,539,Mughlai
1591,3.3,12,Chinese
2098,,0,Andhra
10262,,0,Hyderabadi
17100,3.7,751,Chinese
41776,3.8,215,Kebab
4409,3.7,128,North Indian
40031,3.7,71,North Indian
18551,2.9,132,North Indian
41956,,0,Chinese
5010,3.1,7,Mughlai
40331,3.6,14,North Indian
9905,3.2,8,South Indian
39901,,0,North Indian
4596,3.5,11,Biryani
24337,3.2,87,South Indian
4968,3.5,9,Biryani
23167,3.3,4,Biryani
1996,2.3,298,North Indian
25571,2.3,298,North Indian
8450,2.3,298,North Indian
46238,,0,North Indian
396,3.6,13,Biryani
2971,3.5,31,Biryani
4151,3.8,70,Salad
42909,3.6,66,Biryani
17106,3.1,6,North Indian
4581,3.7,37,North Indian
3830,3.8,44,North Indian
24232,3.8,39,North Indian
2362,3.6,19,North Indian
24084,3.6,37,North Indian
20279,3.2,7,Fast Food
4015,3.9,459,Hyderabadi
18471,3.8,131,Biryani
7430,,0,Fast Food
3142,3.4,6,Fast Food
20587,3.5,86,Biryani
7324,,0,Mughlai
6702,,0,Mughlai
11120,,0,Mughlai
2118,,0,Biryani
8145,3.5,9,Biryani
21277,2.9,86,Chinese
267,4.0,618,North Indian
1761,,0,North Indian
4899,3.5,11,Fast Food
5627,3.3,6,Fast Food
22836,3.2,4,Chinese
23607,,0,North Indian
17300,,0,North Indian
7483,,0,Fast Food
17059,,0,Hyderabadi
20661,3.6,42,Chinese
12973,,0,Kebab
7486,,0,North Indian
23193,,0,Fast Food
10866,,0,North Indian
2638,3.9,158,South Indian
3473,3.0,120,Italian
4201,4.1,1845,American
1340,4.1,400,Continental
25530,,0,North Indian
23077,3.5,13,Chinese
247,3.4,6,South Indian
17066,4.4,150,Chinese
40254,3.9,119,North Indian
2318,,0,North Indian
1560,,0,Chinese
2160,,0,Chinese
1486,,0,Chinese
1136,3.6,19,Fast Food
8691,4.4,149,Ice Cream
46216,3.7,318,Chinese
4964,3.7,25,South Indian
41298,2.9,11,South Indian
22175,,0,South Indian
41045,3.4,16,North Indian
5957,,0,Desserts
40892,3.7,228,North Indian
18842,3.9,1214,Continental
7948,4.3,112,Thai
16859,4.5,733,Cafe
4987,4.3,950,Continental
29419,3.3,7,North Indian
18563,,0,Continental
32631,,0,Beverages
6026,2.9,17,Kerala
3614,3.9,146,Biryani
38557,3.2,6,North Indian
7538,4.2,505,Italian
2855,,0,Coffee
2688,3.7,43,Chinese
3753,3.7,36,Biryani
42114,4.1,401,North Indian
1849,,0,North Indian
11295,,0,Finger Food
18226,4.3,424,Finger Food
16592,4.0,330,Chinese
18660,4.1,74,Bubble Tea
990,4.2,1721,Asian
42496,3.9,866,Continental
5873,4.2,267,Desserts
22279,3.7,40,Desserts
15667,3.7,18,Fast Food
1295,,0,Ice Cream
40743,,0,Ice Cream
10522,3.5,32,Ice Cream
16783,3.7,21,Ice Cream
6126,,0,Ice Cream
4430,3.8,38,Ice Cream
29462,,0,Ice Cream
4457,3.8,18,Ice Cream
11738,,0,Ice Cream
6002,3.7,41,Ice Cream
24074,3.7,41,Beverages
2744,3.7,33,Beverages
5731,,0,Beverages
4096,3.5,32,Beverages
20157,3.6,40,Beverages
14601,3.1,39,Beverages
5553,3.7,20,Fast Food
41769,3.8,50,Chinese
5370,3.6,104,Continental
46304,3.5,10,Desserts
893,,0,North Indian
6372,3.4,10,North Indian
1028,4.2,2616,Andhra
3577,4.5,181,Turkish
18447,4.0,1623,Continental
12152,4.1,1543,Steak
18710,4.0,601,Steak
16034,4.3,700,Burger
5889,3.3,12,Chinese
16320,4.0,973,Chinese
6815,4.2,1192,Continental
22209,3.9,248,Italian
21226,,0,Biryani
17020,3.4,22,North Indian
17641,,0,Thai
13244,4.0,100,Desserts
8074,,0,Desserts
2968,3.7,22,South Indian
29176,3.5,9,North Indian
712,4.1,340,Mughlai
17517,4.2,78,Mughlai
8563,4.2,460,Mughlai
3616,4.1,166,Mughlai
24089,4.1,343,Mughlai
46358,4.4,44,Mughlai
41493,4.1,559,Mughlai
42655,4.2,571,Mughlai
27947,4.4,405,Mughlai
22272,4.3,248,Mughlai
46765,4.3,464,Mughlai
9160,4.3,290,Mughlai
20826,4.2,564,Mughlai
1878,4.3,385,Mughlai
14246,4.3,314,Mughlai
30378,3.8,4,Mughlai
4150,4.1,427,Mughlai
684,,0,South Indian
8632,,0,Chinese
46303,,0,South Indian
3601,4.0,90,Burger
9109,,0,South Indian
382,,0,Beverages
46198,3.7,95,North Indian
9139,,0,Chinese
15342,3.4,34,Fast Food
7045,,0,Fast Food
3017,3.7,50,Fast Food
6598,4.0,164,Bakery
16779,4.2,65,Bakery
14083,2.9,48,Cafe
41606,4.0,96,Beverages
653,3.6,49,North Indian
47627,3.5,23,Continental
18167,4.7,5746,North Indian
3010,3.4,13,Continental
48294,3.7,45,Beverages
2092,4.1,970,Continental
3843,3.6,10,American
45979,3.3,7,Pizza
22403,4.4,2329,South Indian
609,2.9,62,Fast Food
3970,2.7,48,Fast Food
4621,4.4,4315,American
18280,4.2,1633,Mediterranean
3470,3.8,94,Chinese
11710,,0,Fast Food
8641,4.6,2257,Pizza
13844,,0,Pizza
40217,3.9,141,North Indian
4812,4.0,387,Continental
23115,3.7,20,North Indian
4212,4.2,1142,North Indian
21232,4.1,237,Continental
5078,4.4,3870,Mediterranean
9379,3.4,5,North Indian
33728,3.4,5,North Indian
9075,,0,Chinese
14170,2.9,18,Italian
4819,4.2,34,Fast Food
4129,3.8,25,Desserts
411,3.5,23,Chinese
6068,3.5,15,Chinese
42499,4.0,213,Continental
2115,4.0,191,North Indian
5811,3.7,98,North Indian
18273,4.3,879,Continental
9782,,0,South Indian
6667,3.5,132,North Indian
5367,,0,North Indian
6817,3.3,8,Desserts
2271,3.9,45,Bubble Tea
1378,4.4,356,Beverages
22076,3.5,14,North Indian
17017,4.2,351,Thai
15598,3.5,43,Biryani
989,4.5,3125,Chinese
16702,4.0,345,Continental
20178,3.4,18,Chinese
11740,3.9,144,North Indian
15119,3.9,120,Fast Food
1440,3.8,22,Bakery
1142,4.0,204,Bakery
41988,3.9,132,Fast Food
24294,4.1,2450,Burger
39353,3.7,29,South Indian
8812,3.6,31,Fast Food
1869,3.0,213,South Indian
16518,,0,Juices
25503,,0,Beverages
42675,2.6,39,Fast Food
16372,,0,Fast Food
1410,3.4,7,Burger
1622,4.0,350,Fast Food
6788,3.9,645,Fast Food
11523,3.9,1045,Fast Food
17827,3.9,1075,Fast Food
1893,3.8,560,Fast Food
344,3.2,71,Fast Food
48208,3.9,440,Fast Food
23112,3.9,718,Fast Food
48795,3.9,266,Fast Food
13857,3.5,89,Fast Food
17762,3.9,114,Fast Food
3672,3.8,62,Fast Food
39832,4.0,1972,Fast Food
2876,4.0,1393,Fast Food
26832,3.2,188,Fast Food
4476,3.8,472,Fast Food
39058,4.0,555,Fast Food
7048,3.5,21,Fast Food
24012,3.5,408,Fast Food
42178,4.0,633,Fast Food
6694,3.0,72,Fast Food
46091,3.4,19,Fast Food
9709,,0,Sandwich
3606,3.4,56,Chinese
14832,4.7,1594,Burmese
41582,4.0,605,Mexican
3008,3.0,6,Tex-Mex
5053,2.7,39,Tex-Mex
15133,3.5,9,Bakery
323,,0,Bakery
5565,4.1,111,Bakery
41941,3.6,12,Desserts
3878,3.9,102,Bakery
24205,,0,Chinese
13783,,0,Continental
1032,4.1,782,Mughlai
48142,3.3,31,Cafe
5457,4.2,1347,Arabian
4056,4.9,16345,North Indian
22422,4.2,1989,Italian
1014,3.2,36,Street Food
10898,3.1,10,Street Food
4839,3.4,50,Chinese
14086,3.4,7,Continental
3916,3.9,100,Momos
581,4.4,1224,Italian
93,4.0,424,Continental
350,3.2,40,Italian
8670,4.4,690,Cafe
8738,4.1,114,Continental
27605,3.2,4,American
3835,3.9,85,Cafe
42539,3.2,40,Italian
35246,4.4,721,Cafe
29133,4.1,115,Continental
24406,3.2,4,American
44462,3.9,87,Fast Food
36548,4.4,721,Cafe
36029,4.1,117,Continental
8543,3.7,145,North Indian
349,,0,Fast Food
8866,3.0,11,Fast Food
202,3.7,49,Beverages
10401,3.4,4,Biryani
22805,3.7,52,North Indian
118,4.1,216,Continental
2114,4.2,261,Continental
8869,3.9,74,Chinese
2746,3.8,61,Juices
1411,3.8,69,Bakery
2653,4.1,147,Bakery
5314,4.2,500,Continental
22399,4.2,559,Continental
2704,4.3,2671,Continental
22386,,0,Cafe
48340,3.3,47,Beverages
11061,4.0,144,Italian
2777,4.2,115,Mediterranean
2822,3.8,96,Continental
50854,,0,Coffee
1492,3.7,9,Fast Food
1729,2.8,30,Fast Food
26106,3.1,34,Fast Food
48891,2.9,37,Fast Food
12895,3.1,25,Fast Food
13744,3.0,17,Fast Food
8973,3.5,7,Fast Food
11755,3.1,13,Fast Food
48131,3.0,20,Fast Food
40760,,0,Fast Food
49258,3.0,6,Fast Food
2858,,0,Fast Food
39015,3.1,21,Fast Food
1167,3.2,17,Fast Food
49516,2.8,26,Fast Food
43436,2.9,12,Fast Food
8630,3.2,9,Fast Food
2656,3.1,31,Fast Food
41545,3.2,58,Fast Food
15927,2.9,55,Fast Food
16840,2.3,30,Fast Food
2944,3.7,26,Fast Food
1144,3.4,43,Fast Food
29903,3.4,34,Fast Food
10626,3.4,15,Fast Food
20724,3.7,28,Fast Food
33892,3.7,18,Fast Food
47625,2.8,34,Fast Food
50136,3.0,12,Fast Food
4607,2.9,27,Fast Food
3960,3.6,19,Fast Food
22353,3.1,10,Fast Food
13549,,0,Fast Food
14036,3.7,72,Fast Food
10440,3.3,65,Fast Food
6162,3.1,7,Fast Food
1569,,0,Fast Food
44211,3.0,10,Fast Food
3533,3.1,48,Fast Food
129,3.6,28,Fast Food
17713,3.5,20,Fast Food
46719,,0,Fast Food
9740,3.3,15,Fast Food
42145,2.7,20,Fast Food
21184,3.2,75,Fast Food
48268,3.5,36,Fast Food
8602,3.8,77,Fast Food
45198,3.7,30,Fast Food
17977,2.9,59,Fast Food
27600,3.6,76,Fast Food
3881,,0,Beverages
866,4.1,102,Chinese
570,3.3,4,Beverages
1301,4.2,869,American
5066,3.7,128,Fast Food
1089,3.8,24,Lebanese
39422,,0,Burger
9266,,0,Continental
35972,,0,Rolls
1273,3.8,22,Continental
15110,4.1,496,North Indian
836,4.1,354,Sandwich
519,3.3,4,Fast Food
7474,3.7,24,Bakery
1211,3.6,22,Fast Food
4668,3.7,81,Fast Food
16037,2.9,35,Fast Food
6465,3.8,20,Street Food
2757,3.6,95,Burger
7142,3.5,17,Desserts
2717,4.2,164,Salad
3872,4.0,200,Continental
730,,0,North Indian
41909,3.3,6,Beverages
2146,,0,Seafood
43885,,0,South Indian
48136,3.7,239,Italian
8508,4.3,1048,Continental
13624,4.3,1651,Continental
1337,4.2,1059,Continental
7484,3.3,4,Beverages
15733,,0,Beverages
38292,,0,Beverages
1160,3.8,186,American
2625,3.8,23,South Indian
1695,3.7,514,Italian
4998,3.6,484,Italian
8682,4.1,563,Italian
2819,3.4,10,Continental
14163,4.2,2074,French
42113,4.1,1187,French
40902,4.1,1140,French
40714,4.0,422,French
4191,,0,French
20834,3.4,4,French
46005,4.2,583,Continental
151,3.2,11,Bakery
3557,3.8,114,European
91,3.1,14,Italian
1183,4.0,147,Fast Food
22806,3.8,26,Beverages
16861,4.2,500,North Indian
1608,4.0,92,Fast Food
19535,3.8,373,Sandwich
5683,,0,Chinese
22446,4.1,577,Italian
41680,3.7,55,Beverages
1462,3.7,132,Sandwich
22884,3.3,5,Cafe
29380,,0,Italian
7745,,0,Fast Food
18852,3.7,39,Finger Food
41673,3.9,431,Italian
15358,,0,North Indian
64,4.2,150,Italian
19166,3.4,90,North Indian
22124,,0,South Indian
6205,,0,South Indian
1464,3.3,14,Continental
3250,4.1,778,Continental
902,,0,Continental
4501,4.2,392,Continental
3952,4.0,719,Burger
3558,4.0,341,Burger
4914,4.1,3001,Burger
16868,3.4,54,Burger
8537,4.1,119,Asian
48306,4.0,140,North Indian
14138,3.5,11,American
28129,3.7,23,Kerala
1456,3.9,149,Chinese
4003,,0,Pizza
6580,4.0,201,Continental
3644,3.3,4,Street Food
18512,4.3,559,Italian
22185,3.3,5,North Indian
24873,3.7,27,Fast Food
11261,3.4,25,North Indian
3567,4.1,719,Continental
6497,4.0,790,Italian
12409,,0,Fast Food
19768,3.2,10,Desserts
1759,3.6,97,Desserts
4289,2.9,24,Desserts
10052,4.0,157,Desserts
2451,,0,Desserts
5614,,0,Desserts
4903,3.6,24,Desserts
5986,3.3,10,Desserts
43459,,0,Desserts
10410,3.7,90,Desserts
42978,3.3,7,Fast Food
21815,,0,Desserts
713,3.2,6,Desserts
6829,,0,Bakery
16163,3.9,149,Fast Food
22281,3.9,78,Desserts
17599,,0,Desserts
18101,,0,Desserts
1548,,0,Desserts
40427,,0,Desserts
3886,3.9,75,Desserts
6737,3.4,7,Desserts
47188,3.7,15,Desserts
9430,3.5,18,Desserts
48517,,0,Desserts
3724,3.1,11,Desserts
486,3.5,13,Desserts
29297,3.6,19,Desserts
4470,3.4,6,Bakery
42715,3.4,9,Bakery
545,3.3,37,Desserts
7585,,0,Desserts
18455,4.1,119,Desserts
1381,4.2,228,Desserts
8570,4.3,673,Desserts
11460,4.3,229,Desserts
2196,4.1,230,Desserts
30160,4.0,366,Bakery
17782,4.1,540,Bakery
1877,4.1,15,Desserts
4546,3.7,13,Desserts
43408,4.1,193,Desserts
8310,4.1,342,Desserts
626,3.2,9,Desserts
16363,4.1,666,Desserts
30085,3.9,124,Desserts
17128,3.8,16,Desserts
4971,3.7,20,Desserts
21103,,0,Desserts
381,,0,Desserts
847,3.5,45,Chinese
7608,3.5,17,North Indian
25484,2.8,132,Street Food
3913,3.9,58,North Indian
41510,3.9,171,South Indian
3761,3.6,76,South Indian
25567,3.4,24,Fast Food
7516,4.1,1223,Fast Food
6494,4.0,177,Fast Food
54,3.9,123,Fast Food
19345,4.2,253,Fast Food
42706,3.8,15,Fast Food
41741,4.2,124,Fast Food
18560,4.1,99,Fast Food
16114,3.3,9,Fast Food
8758,4.1,110,Fast Food
5259,3.7,23,Fast Food
17410,3.9,26,Fast Food
51107,3.9,88,Fast Food
5556,4.0,53,Fast Food
47365,4.1,343,Fast Food
8191,2.9,231,Italian
6638,,0,Italian
27520,3.3,6,Juices
40421,,0,Juices
4835,,0,Seafood
8542,3.0,107,Continental
8035,2.6,49,Fast Food
767,3.6,195,Seafood
14046,4.6,1423,Italian
14134,4.3,284,Italian
3074,3.8,254,North Indian
45,,0,Juices
40748,3.7,56,Bakery
2599,4.3,153,Continental
41691,3.5,12,Arabian
43891,,0,Chinese
16104,3.9,56,Desserts
20789,3.3,7,Desserts
4778,3.8,81,Desserts
6960,4.2,170,Kerala
9147,3.5,49,Fast Food
5132,3.7,23,Fast Food
4197,4.2,982,Mangalorean
5646,4.1,600,North Indian
22397,4.2,341,Mangalorean
12648,2.6,26,Italian
6289,4.1,845,Continental
41594,3.6,23,Kerala
2057,,0,South Indian
2058,,0,North Indian
41489,3.9,343,Chinese
46337,,0,North Indian
1009,3.6,172,Chinese
43670,,0,Chinese
103,3.9,133,Fast Food
5609,3.8,111,Chinese
48667,3.4,11,South Indian
48350,3.1,405,Chinese
2562,3.8,49,Thai
9731,,0,Kerala
43838,,0,Desserts
19863,3.3,4,Ice Cream
17301,3.3,5,Fast Food
466,,0,Fast Food
22160,,0,Kerala
433,3.8,412,Seafood
9005,3.3,4,Beverages
13028,3.5,8,Fast Food
14135,,0,Rolls
41981,,0,Beverages
53,3.4,4,Beverages
3584,4.1,33,Rolls
22700,3.9,97,Fast Food
24407,3.6,54,Beverages
8078,3.9,92,Beverages
10100,,0,Beverages
16839,3.4,6,Rolls
6384,,0,Juices
6005,3.3,4,North Indian
12383,,0,Street Food
9979,3.5,14,North Indian
22889,3.6,12,North Indian
41716,3.0,16,Street Food
39069,4.1,673,North Indian
11259,3.8,192,North Indian
22740,4.1,498,North Indian
1812,4.0,293,North Indian
18257,4.1,219,North Indian
10193,3.9,46,Beverages
2364,3.8,101,Fast Food
10138,3.4,46,Fast Food
208,3.8,133,Fast Food
39047,3.9,112,Fast Food
9087,3.4,8,Fast Food
21885,3.6,27,Fast Food
2107,4.2,9,Fast Food
22847,3.4,9,Chinese
16986,3.7,38,Biryani
73,,0,Chinese
13274,3.3,6,South Indian
1917,3.6,10,Rolls
4272,3.2,10,Fast Food
13163,3.8,82,Fast Food
43351,3.1,7,Chinese
43014,3.8,26,Chinese
13845,4.4,105,Tea
16803,4.2,819,Street Food
1372,4.3,480,Tea
21841,3.6,10,Fast Food
1531,4.1,30,Tea
7485,,0,Tea
5961,,0,Chinese
6204,,0,South Indian
3003,3.5,11,Tea
1784,3.2,6,Sandwich
7866,3.0,8,Fast Food
1478,3.6,20,Fast Food
16887,2.8,67,Tea
15343,3.4,9,Lebanese
28579,,0,Tea
1856,3.8,7,Beverages
28032,3.8,38,Beverages
9811,4.0,113,Beverages
48348,3.5,4,Beverages
3788,4.0,316,Beverages
22040,3.9,130,Beverages
21004,3.9,25,Beverages
4519,3.8,149,Beverages
1870,3.2,208,Beverages
24474,,0,Beverages
9275,4.2,176,Beverages
14902,4.0,132,Beverages
41514,4.0,108,Beverages
18554,3.8,90,Beverages
4531,,0,Beverages
41036,3.8,45,Fast Food
6509,3.9,61,Beverages
35601,3.9,272,Fast Food
31902,4.0,293,Beverages
2989,,0,Beverages
42611,3.8,94,Beverages
5479,3.6,132,Beverages
43605,3.5,8,Fast Food
20190,3.3,5,Tea
3559,3.6,5,Tea
4142,3.5,18,Beverages
3927,3.9,92,North Indian
8652,3.6,11,North Indian
5593,3.2,4,North Indian
14872,3.7,52,South Indian
19453,3.7,38,North Indian
19486,3.6,12,North Indian
22078,,0,North Indian
22905,3.7,35,Chinese
45975,3.7,67,Tea
14414,3.4,257,Mughlai
6526,3.2,6,Chinese
22425,3.3,229,Chinese
17789,3.1,92,Chinese
19404,3.4,89,Rolls
29097,,0,Mughlai
28563,3.5,11,Chinese
2172,3.6,13,Biryani
414,3.2,4,Mughlai
14283,4.2,241,Rolls
41825,4.2,253,North Indian
39933,4.0,87,Street Food
5205,3.7,38,North Indian
19008,,0,North Indian
12779,3.8,40,Chinese
41820,3.9,81,North Indian
10871,4.1,115,Bakery
45956,4.2,997,Italian
4400,4.0,55,Biryani
7658,,0,Biryani
3726,,0,Chinese
5126,3.2,34,Chinese
42438,,0,Fast Food
4065,4.0,105,Chinese
440,3.4,8,Street Food
51312,3.3,4,Desserts
41729,,0,Chinese
7589,,0,Fast Food
472,3.7,65,Street Food
17741,3.5,108,Fast Food
47202,3.9,44,Fast Food
4624,3.6,26,Chinese
9335,2.9,51,Street Food
10867,,0,Fast Food
5353,2.9,78,Street Food
42780,3.5,19,Street Food
17860,4.2,334,Mithai
168,3.4,8,Street Food
9276,3.5,11,Chinese
4126,3.4,29,North Indian
464,3.4,37,Chinese
4751,4.4,2239,North Indian
19307,,0,Chinese
940,3.6,19,Continental
7400,4.1,952,Seafood
20056,3.4,4,Juices
23744,,0,Finger Food
9150,3.1,8,Desserts
1976,4.0,202,Italian
41586,,0,Fast Food
4980,3.8,18,Sandwich
14552,3.9,82,Sandwich
40547,,0,Sandwich
6577,3.2,57,Arabian
6437,3.9,464,North Indian
42544,,0,Desserts
24473,2.9,36,Fast Food
39808,3.8,124,Desserts
573,3.8,101,Fast Food
3408,3.9,204,Cafe
3510,3.6,136,Fast Food
5447,,0,Desserts
16955,3.5,32,Desserts
40426,,0,South Indian
8790,,0,Rolls
312,,0,Rolls
2619,3.1,4,Rolls
4922,3.1,7,Rolls
20759,2.7,6,Rolls
16823,3.1,26,North Indian
2633,,0,Fast Food
22201,3.6,199,North Indian
19802,3.3,4,Chinese
46165,3.7,19,Biryani
825,3.8,75,North Indian
7090,,0,Chinese
38996,3.4,19,Chinese
3474,3.5,95,Italian
72,3.7,353,Biryani
6028,3.8,37,Fast Food
25059,3.3,14,Fast Food
21279,,0,Fast Food
14637,3.5,15,Fast Food
16295,3.9,145,Fast Food
43150,3.2,115,South Indian
2820,3.5,20,Burger
46339,,0,Rolls
46209,3.9,78,South Indian
1563,3.4,147,North Indian
5996,3.1,7,Chettinad
2040,3.4,30,Burger
2551,3.6,21,Burger
35541,4.2,740,Pizza
39084,3.4,26,Burger
4101,3.6,18,Burger
12607,3.8,34,Burger
42169,4.0,52,Pizza
21617,4.1,395,Pizza
7886,3.9,125,French
3609,3.9,443,North Indian
41530,4.1,243,North Indian
22583,3.8,289,North Indian
36736,3.2,6,Chinese
4456,3.7,25,North Indian
36595,3.8,136,Chinese
46052,3.2,192,North Indian
3936,3.9,320,Chinese
6137,3.5,10,Chinese
7659,3.0,25,Kebab
1842,3.5,88,North Indian
3807,3.7,209,North Indian
5489,3.8,72,Burger
4693,3.7,48,Burger
5467,3.1,14,Arabian
3232,3.0,15,Kebab
24240,2.7,37,South Indian
18326,3.7,80,South Indian
41830,3.4,22,Fast Food
86,3.0,19,Fast Food
48761,,0,Biryani
20161,,0,Chinese
43201,,0,Chinese
22787,3.7,7,North Indian
41810,3.2,7,Kebab
19788,3.3,18,Kebab
41495,3.7,294,Kebab
4060,4.5,1365,Tex-Mex
39989,4.6,4955,Tex-Mex
41524,4.8,6433,Tex-Mex
234,3.8,42,Chinese
46515,,0,Beverages
7499,,0,Beverages
423,,0,Chinese
18103,3.4,9,Juices
2576,,0,Fast Food
1712,3.5,11,Chinese
6548,4.1,151,Chinese
9901,3.3,4,Beverages
7086,,0,Chinese
4229,3.5,8,Ice Cream
43595,2.9,27,Continental
841,3.6,46,Italian
1741,,0,Chinese
49048,3.7,24,South Indian
1187,,0,Cafe
19882,3.5,14,Biryani
7467,3.5,9,Juices
14361,3.9,378,Chinese
46406,4.0,307,Chinese
13628,4.4,79,Chinese
1777,3.6,25,North Indian
22538,4.1,155,Momos
4960,,0,Tibetan
2700,,0,Momos
42872,,0,Continental
17377,3.1,125,North Indian
46033,3.5,28,Bengali
17357,3.4,25,North Indian
40675,,0,Fast Food
3351,2.8,19,Thai
1143,3.1,83,Chinese
16930,3.5,10,Chinese
627,3.4,12,Bakery
8254,4.4,63,Beverages
19381,,0,Fast Food
1414,3.5,56,Desserts
28961,4.1,445,Continental
710,,0,Desserts
212,3.4,6,Beverages
4515,3.6,23,Desserts
43455,,0,Desserts
11479,3.8,29,Fast Food
8428,,0,Fast Food
21317,,0,Biryani
2127,3.9,357,Chinese
43253,3.4,71,Momos
48547,4.0,178,North Indian
48737,3.2,97,South Indian
10674,,0,Kerala
5171,3.6,16,Biryani
2617,3.0,122,Thai
40483,,0,Desserts
13333,3.4,8,Tea
16567,4.0,279,Chinese
41567,3.8,284,North Indian
29219,,0,Chinese
14374,3.9,924,Fast Food
2607,3.6,95,Fast Food
5541,3.5,11,Biryani
3769,4.0,209,Goan
14604,3.9,747,Continental
4164,4.0,557,Chinese
1249,3.7,237,Fast Food
11931,3.7,32,Momos
11568,4.0,313,Thai
2671,3.9,519,Momos
3811,3.9,194,Thai
4428,4.0,536,Thai
25200,3.3,145,Thai
41812,4.0,537,Momos
22520,4.0,702,Thai
11713,4.0,360,Thai
42271,3.9,134,Thai
1278,3.7,323,Thai
6651,2.9,17,Thai
4569,2.9,29,Momos
41368,2.5,73,Momos
11219,2.8,94,Thai
5980,3.0,57,Thai
41834,4.1,444,Asian
4006,4.3,7546,North Indian
6152,4.1,1403,Continental
41713,4.2,58,Ice Cream
455,4.1,2339,Chinese
3406,4.2,4734,Chinese
6195,,0,Andhra
10347,4.3,1283,Italian
17058,,0,Juices
8082,4.0,280,American
40697,4.0,80,American
36821,3.7,28,Asian
5844,3.9,450,Chinese
46231,3.6,10,South Indian
17729,3.7,25,South Indian
11794,4.3,331,Continental
9834,3.9,54,North Indian
13677,4.2,589,Italian
16765,3.8,118,Continental
869,3.9,285,Continental
2621,3.9,183,Continental
3300,,0,Juices
5224,3.7,72,Chinese
3214,,0,Street Food
5766,3.5,4,Fast Food
5781,3.4,10,Fast Food
4010,3.5,43,Ice Cream
3001,3.8,11,Juices
4688,3.3,6,Beverages
16457,,0,Salad
39004,4.1,272,Continental
12295,,0,Biryani
805,3.8,235,Seafood
5127,,0,Chinese
14822,3.3,59,Mangalorean
41762,3.9,140,Chinese
2642,3.3,13,Continental
48262,3.5,15,Andhra
3488,4.1,198,South Indian
18368,4.0,364,Seafood
6955,3.4,66,North Indian
7058,4.1,466,Mangalorean
19838,,0,Chinese
38990,3.7,56,North Indian
4412,4.3,63,South Indian
4848,3.6,41,South Indian
1087,,0,Beverages
7671,3.5,11,Desserts
2815,,0,Desserts
1248,3.6,14,Desserts
17989,,0,Desserts
12899,3.7,36,Konkan
9355,3.4,97,Chettinad
14334,3.9,680,Chettinad
5983,3.7,15,Beverages
576,3.1,6,South Indian
974,,0,Bakery
22988,4.3,191,Bakery
42530,3.7,23,Chinese
3445,4.0,63,Sandwich
5763,,0,South Indian
5420,,0,Coffee
5934,,0,Juices
152,3.8,75,South Indian
21850,3.8,77,Fast Food
20914,,0,Beverages
4262,3.9,41,Desserts
24219,4.1,24,Desserts
41668,3.8,18,Desserts
17941,4.3,501,Desserts
2454,3.9,101,Desserts
39111,4.1,142,Desserts
6324,3.0,15,Biryani
15790,3.0,20,Biryani
13259,3.1,12,Kerala
7750,3.1,16,Biryani
5818,,0,Continental
49099,,0,Chinese
13874,4.7,3894,BBQ
14721,4.2,176,Burger
3266,4.3,1434,Continental
4737,2.9,182,Andhra
753,,0,Juices
742,3.4,11,Fast Food
19636,,0,Fast Food
933,4.2,191,Fast Food
5474,3.5,8,Ice Cream
6906,3.6,25,Desserts
1349,4.2,820,Desserts
13030,3.1,7,Fast Food
41947,,0,Beverages
13249,3.2,7,Fast Food
19,,0,Fast Food
12140,,0,North Indian
1466,,0,North Indian
40372,4.1,0,Biryani
13644,4.1,80,Biryani
42807,,0,Chinese
1170,4.3,372,Desserts
1535,4.5,206,Desserts
4305,4.4,819,Desserts
24907,4.6,283,Desserts
23956,4.4,220,Desserts
11463,4.4,790,Desserts
35448,4.4,402,Desserts
14351,4.7,2139,Desserts
13083,4.5,292,Desserts
22238,4.4,669,Desserts
46363,4.5,703,Desserts
31011,4.5,1547,Desserts
5804,4.1,219,Desserts
256,4.3,345,Desserts
39869,4.5,187,Desserts
3058,4.4,635,Desserts
17912,4.5,949,Desserts
4825,3.8,30,Chinese
2365,3.6,42,Juices
237,3.0,5,Chinese
3898,3.3,10,Biryani
14034,3.8,209,Fast Food
3555,3.0,6,Fast Food
24363,4.0,236,Fast Food
22037,4.0,50,Fast Food
22549,3.9,293,Biryani
5531,,0,Beverages
198,4.2,237,Asian
7075,3.6,19,Italian
17640,,0,South Indian
5129,3.7,139,Chinese
41843,3.8,16,Beverages
5418,,0,Beverages
40680,3.7,17,Beverages
12818,,0,North Indian
2791,4.2,289,Burger
5387,4.3,2563,Finger Food
21171,3.4,9,Ice Cream
3799,,0,Fast Food
41658,3.4,5,Fast Food
24624,3.1,6,Desserts
41664,3.3,4,Desserts
40750,3.9,71,Desserts
19612,3.1,9,Desserts
10582,3.9,75,Desserts
46114,3.9,92,Desserts
3382,4.0,229,Desserts
3951,3.9,149,Desserts
8974,3.7,49,Beverages
22259,4.2,432,Beverages
8170,4.0,319,Beverages
4304,4.0,80,Beverages
41509,4.1,249,Ice Cream
2227,4.1,1022,Beverages
17577,4.1,502,Beverages
8688,4.2,346,Ice Cream
19379,,0,Desserts
7892,,0,Ice Cream
50841,3.9,66,Desserts
21564,3.2,4,Juices
22092,4.0,95,Desserts
22145,3.9,42,Desserts
796,,0,Italian
6918,3.8,12,Desserts
11954,3.6,41,Continental
41858,,0,Biryani
14035,4.0,97,Cafe
46306,,0,Desserts
4500,,0,Fast Food
15594,3.3,11,Fast Food
1506,3.9,91,Fast Food
14087,3.0,59,Italian
42719,,0,South Indian
27693,3.9,49,Chinese
9478,,0,Chinese
5062,4.1,587,Finger Food
1808,3.1,44,Chinese
1748,3.7,23,Street Food
32621,2.3,77,Pizza
15562,2.5,34,Pizza
5226,2.6,473,Pizza
15170,2.8,91,Pizza
10783,2.9,330,Pizza
5486,2.5,52,Pizza
3176,2.6,227,Pizza
24031,3.3,7,Pizza
4108,2.6,54,Pizza
42921,2.8,110,Pizza
40659,2.6,41,Pizza
21047,4.0,44,Continental
5326,3.6,27,Chinese
41943,,0,Desserts
844,,0,Chinese
8452,4.3,678,Continental
46174,3.9,92,Biryani
4692,4.2,307,North Indian
3333,,0,South Indian
13765,3.9,48,Continental
14064,2.8,185,Continental
28532,4.1,724,Bakery
8888,4.1,104,Bakery
5510,3.9,177,Bakery
1237,,0,Fast Food
4028,3.4,48,Fast Food
1060,3.0,119,Fast Food
154,3.3,23,Fast Food
947,3.2,59,Fast Food
3552,3.7,33,Fast Food
39819,3.3,5,Street Food
22603,,0,Continental
25487,3.3,19,Biryani
22031,3.0,20,Andhra
18084,,0,Biryani
20937,3.4,35,Biryani
7076,,0,Chinese
2060,,0,Biryani
40219,,0,North Indian
43100,2.9,16,North Indian
330,3.6,17,North Indian
20854,,0,North Indian
40329,3.1,4,North Indian
5472,3.8,77,North Indian
41217,2.8,28,North Indian
43945,3.3,10,North Indian
40180,,0,North Indian
25267,,0,North Indian
22168,,0,North Indian
43629,3.0,20,South Indian
4111,3.7,59,South Indian
6751,,0,South Indian
1638,4.1,176,North Indian
4580,3.8,232,North Indian
38552,3.4,11,Chinese
8540,3.9,89,Mughlai
24253,3.4,58,Mangalorean
41842,3.1,49,Mangalorean
9138,3.2,9,Desserts
7042,,0,Chinese
4473,3.5,9,Chinese
68,4.0,507,Italian
7108,,0,Bakery
46026,4.0,449,Pizza
24037,3.8,25,Burger
46253,4.1,147,Pizza
20718,3.4,8,Continental
14115,3.8,16,Coffee
1163,2.9,35,Chinese
6133,3.5,9,North Indian
2425,3.3,9,Mughlai
4183,3.5,7,Middle Eastern
4063,3.4,9,Middle Eastern
8587,3.4,15,Middle Eastern
17067,3.2,22,Middle Eastern
20772,,0,Middle Eastern
8933,,0,South American
4486,4.0,44,Street Food
1973,4.1,2724,North Indian
4502,4.0,739,North Indian
7845,,0,Juices
11311,3.5,14,Fast Food
16967,2.7,29,Fast Food
47499,3.2,29,Fast Food
7506,3.2,63,Fast Food
21777,3.6,18,Fast Food
13070,2.8,53,Fast Food
20874,3.0,5,Fast Food
557,,0,Fast Food
40552,,0,South Indian
8206,,0,South Indian
18426,3.8,56,Sushi
21146,3.5,16,Sushi
17075,,0,Desserts
37770,3.3,6,South Indian
3815,3.4,334,South Indian
40531,,0,Hyderabadi
9622,3.0,206,North Indian
7325,3.7,42,North Indian
1475,3.0,82,North Indian
3629,3.6,16,Seafood
10128,3.1,325,North Indian
19476,3.8,384,North Indian
17346,3.3,10,Chinese
887,3.1,152,Chinese
9295,3.8,59,South Indian
2412,,0,Andhra
40288,3.4,6,Andhra
10882,3.0,255,North Indian
3833,3.8,208,Andhra
4178,3.6,6,Biryani
20019,3.5,178,Biryani
4368,3.1,42,Biryani
4567,3.5,98,Chinese
669,3.0,98,Chinese
7787,,0,Fast Food
7328,3.1,81,Tibetan
4764,3.8,37,Momos
4702,,0,Chinese
41907,3.1,13,Fast Food
6067,3.1,53,Chinese
47166,3.0,12,Chinese
4367,3.5,13,South Indian
22036,3.0,31,Finger Food
19786,3.5,57,Chinese
19849,3.1,29,Chinese
12841,,0,Beverages
6066,3.2,35,Chinese
7197,,0,Momos
6243,3.1,8,Momos
23419,3.3,70,Chinese
24054,3.8,257,Chinese
1413,3.7,34,Beverages
42875,,0,Beverages
47,3.9,144,Chinese
5773,3.6,16,American
13833,,0,Sandwich
39051,4.0,409,Biryani
4629,3.7,31,North Indian
7537,3.5,65,South Indian
19270,3.4,10,North Indian
12790,3.7,23,Mughlai
2480,3.9,73,Kerala
46223,3.5,18,Street Food
6319,,0,North Indian
17190,4.0,151,Mughlai
991,4.4,2493,Italian
17070,,0,South Indian
1651,3.9,505,South Indian
5999,3.4,11,Mithai
2637,3.5,10,Biryani
43231,3.1,28,North Indian
1566,3.3,909,Beverages
9859,3.3,5,South Indian
19279,4.0,88,Chinese
40306,3.1,114,Mughlai
46001,4.1,498,Chinese
2356,3.2,4,American
20458,3.6,194,Mughlai
4623,3.8,54,Mughlai
40508,,0,Street Food
8197,3.1,10,Mithai
670,,0,Chinese
22939,3.7,116,Street Food
18352,3.9,631,Street Food
551,3.7,24,Sandwich
22018,3.5,13,South Indian
7340,,0,Mithai
4552,4.1,39,Mithai
22556,4.1,448,Thai
43128,3.8,219,Thai
4205,3.9,519,Thai
3521,3.9,306,Thai
14786,3.9,647,Thai
51311,,0,Desserts
5641,3.8,33,Bakery
5412,3.1,6,Desserts
18076,3.2,6,Desserts
5965,,0,North Indian
21960,4.1,109,Momos
21812,3.9,48,Momos
7232,,0,Chinese
6727,3.3,6,Chinese
46182,2.8,36,Chinese
1804,2.7,172,Chinese
17448,,0,South Indian
5136,,0,Beverages
29142,4.0,40,Fast Food
22144,3.2,4,North Indian
21640,,0,North Indian
5644,,0,Chinese
2392,3.9,498,Gujarati
14200,4.0,450,Gujarati
4079,3.5,178,Gujarati
43134,3.3,4,Gujarati
32482,4.0,126,Pizza
3549,4.0,74,Desserts
29384,3.2,5,Mughlai
2981,3.3,73,Chinese
6444,,0,Chinese
8995,,0,South Indian
10814,3.3,22,Chinese
25185,3.7,145,North Indian
47399,,0,Chinese
16342,3.1,97,Chinese
41191,2.9,62,Chinese
355,,0,Fast Food
43178,3.6,37,North Indian
14555,3.9,24,Asian
782,3.7,36,North Indian
1430,3.7,248,Fast Food
4131,3.9,96,North Indian
3730,3.3,13,Chinese
13072,3.7,34,Chinese
2459,3.8,303,North Indian
400,3.8,147,Fast Food
40636,,0,Chinese
4392,3.9,121,Chinese
17968,3.7,28,Chinese
24832,3.0,60,North Indian
7678,,0,North Indian
591,,0,Chinese
203,3.8,361,North Indian
46258,,0,North Indian
17034,,0,Chinese
46333,,0,Chinese
4883,,0,Street Food
226,3.0,16,Chinese
6228,3.6,108,Chinese
7968,3.8,50,North Indian
4432,3.9,201,North Indian
9975,3.9,113,North Indian
6519,3.7,46,Chinese
6323,2.7,76,Chinese
43163,2.8,68,Chinese
23407,3.9,71,Fast Food
703,,0,Fast Food
40666,,0,Fast Food
8163,3.8,86,Desserts
5091,3.7,35,Fast Food
3261,3.4,5,Fast Food
5743,3.1,9,Beverages
4539,3.5,177,North Indian
390,3.6,28,South Indian
5199,,0,Biryani
5400,3.6,31,Desserts
8218,,0,Desserts
5789,3.7,173,Fast Food
5055,3.2,61,Fast Food
5740,3.8,44,Beverages
41638,4.0,58,Street Food
40304,,0,Mexican
48470,,0,North Indian
41486,4.0,71,North Indian
42358,,0,North Indian
22231,3.7,26,Chinese
5954,,0,Rolls
40292,,0,Chinese
1443,3.8,109,Continental
13885,4.3,153,Healthy Food
769,3.3,13,Mithai
20354,,0,Desserts
24227,4.1,315,Continental
4002,4.0,129,Continental
39421,,0,Chinese
1265,4.3,1800,Cafe
21928,3.1,8,Chinese
21718,,0,Healthy Food
18648,3.8,281,Mughlai
41757,3.0,106,Mughlai
8422,3.5,16,Chinese
5523,3.7,28,Chinese
40,3.2,26,Chinese
17397,3.4,372,Chinese
22874,3.5,180,Chinese
2720,3.7,7,North Indian
11086,3.0,4,Chinese
17200,3.5,33,Chinese
4209,,0,Chinese
14393,4.3,289,Chinese
2427,3.2,115,North Indian
16866,3.6,33,Chinese
1652,3.5,61,South Indian
11712,3.6,8,South Indian
6156,3.4,7,North Indian
5783,3.6,15,Continental
9848,,0,Chinese
9708,3.4,5,Rolls
40580,3.6,22,Chinese
4547,3.9,226,South Indian
21811,3.9,367,South Indian
3863,3.8,798,South Indian
1899,3.5,10,Chinese
1496,,0,Desserts
42081,4.3,2316,European
43527,4.3,758,Finger Food
7789,3.3,6,Chinese
13969,4.0,209,Italian
17488,4.6,110,Desserts
24272,3.9,42,Healthy Food
1965,3.5,15,South Indian
17855,3.1,19,Beverages
7021,,0,Street Food
18752,4.1,1341,American
2715,4.3,654,Desserts
43269,,0,North Indian
5029,3.8,61,Finger Food
46511,3.9,487,Fast Food
8585,3.7,314,Fast Food
13096,3.7,386,Fast Food
7124,3.2,66,Fast Food
8589,2.7,332,Fast Food
14340,3.7,266,Fast Food
41645,4.0,377,Fast Food
12536,3.8,251,Fast Food
41119,2.8,49,Fast Food
10801,3.7,217,Fast Food
17546,3.0,458,Fast Food
19101,3.0,464,Fast Food
43808,3.9,262,Fast Food
17835,3.7,466,Fast Food
1928,3.9,770,Fast Food
24270,3.8,189,Fast Food
26269,4.0,319,Fast Food
1713,3.2,284,Fast Food
46171,3.9,257,Fast Food
21405,2.7,477,Fast Food
22738,3.4,378,Fast Food
48780,3.9,392,Fast Food
2795,3.9,419,Fast Food
222,3.9,540,Fast Food
27885,3.0,291,Fast Food
4181,3.6,260,Fast Food
9995,4.1,521,Fast Food
24334,4.0,567,Fast Food
42622,2.4,172,Fast Food
40080,3.0,304,Fast Food
47643,2.8,413,Fast Food
4009,3.7,288,Fast Food
47056,3.0,7,Fast Food
5385,3.0,347,Fast Food
31460,,0,Fast Food
50937,3.4,6,Fast Food
22450,3.7,69,Fast Food
9989,3.9,117,Fast Food
21988,3.6,17,Chinese
46277,3.4,64,Chinese
42339,3.4,83,Chinese
41727,3.8,161,Chinese
41775,3.8,266,Biryani
852,3.9,441,North Indian
2162,3.2,72,South Indian
12683,3.5,406,Andhra
4251,3.3,212,Andhra
23460,3.1,73,Kebab
8986,3.2,23,Kebab
22575,3.7,220,Kebab
7077,,0,Kebab
14394,3.8,140,Kebab
26579,3.1,22,North Indian
4503,3.5,62,Kebab
49125,2.8,28,Chinese
14439,3.8,161,Kebab
48386,3.6,33,Kebab
46696,3.3,8,Biryani
2063,3.3,12,Biryani
20282,3.1,8,South Indian
41792,3.8,59,Biryani
8702,3.7,70,Biryani
647,3.9,163,Fast Food
8423,4.0,371,Beverages
5185,4.0,112,South Indian
12836,,0,Fast Food
2122,3.8,139,North Indian
40964,3.9,276,North Indian
6754,3.6,11,Juices
10498,4.3,2651,North Indian
14728,3.7,293,Continental
1380,4.2,95,Desserts
5194,,0,Rolls
16019,4.1,1453,Chinese
22591,4.1,274,Continental
26626,4.0,277,Continental
20330,3.0,12,Momos
11174,4.4,110,Continental
6597,4.3,133,Desserts
39020,3.2,6,Bakery
22308,3.4,16,Desserts
6989,3.1,7,Andhra
28124,3.7,42,Desserts
3887,3.8,231,Continental
8431,,0,Chinese
5072,3.4,122,Beverages
4666,4.0,119,Fast Food
1666,3.8,52,Fast Food
15858,3.9,209,Fast Food
12283,3.7,125,Fast Food
13823,4.2,116,Fast Food
13302,4.0,122,Fast Food
41562,4.1,184,Fast Food
3651,4.4,290,Fast Food
4418,3.5,8,Fast Food
20023,3.9,97,Fast Food
40223,3.3,8,Fast Food
20782,3.1,14,Fast Food
6488,3.4,11,Fast Food
1130,3.9,60,Fast Food
5546,4.4,345,Continental
13323,3.6,10,Tea
9429,3.2,67,Juices
3336,,0,Sandwich
7117,3.7,29,Hyderabadi
28005,4.0,156,Desserts
3022,4.0,1080,Desserts
18165,4.0,180,Desserts
6042,3.6,10,Chinese
16234,3.2,4,Chinese
1449,3.7,15,Mithai
29441,,0,Chinese
1252,3.9,128,Chinese
2386,3.7,327,Biryani
1243,4.5,3826,Italian
359,3.5,6,North Indian
2020,3.1,11,Chinese
6371,3.5,13,North Indian
9435,3.2,14,Chinese
12900,,0,Chinese
6741,3.2,8,North Indian
4199,3.6,14,Italian
22774,3.8,22,Italian
630,3.9,33,Continental
42526,3.9,90,Italian
5214,,0,Biryani
18915,4.0,497,Thai
1016,4.0,54,Vietnamese
3109,4.1,74,Sandwich
4061,4.1,63,Sandwich
8308,3.8,45,Sandwich
16965,4.0,50,Sandwich
20801,,0,Sandwich
14132,4.3,2319,Continental
41488,3.5,14,Chinese
6077,3.0,7,Finger Food
18978,,0,Rolls
3024,3.0,58,Chinese
36692,,0,Maharashtrian
42826,3.4,7,Maharashtrian
18086,,0,Maharashtrian
40395,,0,Maharashtrian
43730,3.8,370,Chinese
19222,,0,Fast Food
16251,,0,Fast Food
5161,3.4,7,Beverages
1974,2.7,159,South Indian
5305,,0,Chinese
3648,3.2,20,South Indian
336,3.1,4,Chinese
27914,3.5,10,Chinese
8239,3.5,16,North Indian
21887,,0,South Indian
28846,4.2,1534,Chinese
29388,,0,BBQ
28562,3.0,34,North Indian
8345,3.5,32,Chinese
42737,3.0,39,Chinese
5358,2.9,22,Chinese
2851,4.5,857,North Indian
9020,4.1,94,North Indian
19109,,0,North Indian
18555,4.4,1034,North Indian
3592,4.4,632,North Indian
39043,4.5,230,North Indian
586,,0,North Indian
10112,4.6,143,North Indian
1518,4.5,1181,North Indian
41161,3.6,10,North Indian
22355,4.4,287,North Indian
5768,4.0,128,Pizza
5480,3.3,11,Fast Food
41771,3.5,16,Continental
6416,3.6,24,Chinese
39424,,0,Biryani
1235,3.4,35,Chinese
3578,4.3,149,Italian
270,,0,South Indian
5362,3.5,435,South Indian
81,3.5,12,South Indian
360,3.0,64,Chinese
4849,3.0,8,Chinese
17090,3.8,58,South Indian
4616,4.3,3135,South Indian
1392,3.4,23,North Indian
11167,4.7,3197,American
14005,4.1,137,American
1236,3.6,33,North Indian
4554,4.0,213,North Indian
3627,4.1,617,Biryani
192,,0,South Indian
29329,,0,South Indian
13266,2.9,14,Italian
6896,3.6,19,Sandwich
41532,4.0,233,Continental
17627,4.0,391,Chinese
2594,3.9,74,Chinese
40389,,0,Bengali
5276,,0,North Indian
5098,3.6,225,North Indian
302,2.9,51,Chinese
4672,4.0,608,Steak
50844,4.0,19,Fast Food
5328,3.4,34,Kerala
18530,3.9,48,South Indian
41682,4.1,669,Italian
1079,3.8,38,South Indian
2609,3.7,38,Chinese
3069,3.9,95,Seafood
1036,4.1,6875,Mughlai
4064,3.6,113,Seafood
8336,4.0,88,Seafood
2878,4.0,2692,Mughlai
7835,3.9,3831,Mughlai
2406,,0,Seafood
26094,4.1,2402,Mughlai
2595,4.1,1864,Mughlai
13579,4.4,2090,Mughlai
8453,4.0,3209,Mughlai
42103,3.8,409,South Indian
3802,4.3,3178,Mughlai
170,4.4,4884,Mughlai
39066,4.0,601,Mughlai
16976,3.5,156,Seafood
3712,3.8,2084,Mughlai
23008,4.0,3128,Mughlai
31600,3.9,144,Kerala
13627,4.2,8176,Mughlai
16860,4.3,330,Continental
6973,3.9,26,North Indian
815,4.2,64,Healthy Food
1271,4.4,464,Continental
862,4.2,731,Continental
15059,3.3,16,South Indian
9243,3.1,23,Fast Food
179,3.6,31,Fast Food
1586,3.4,7,Fast Food
4022,4.0,1098,Seafood
587,3.7,56,Bakery
6111,4.1,505,Chinese
19324,,0,Kebab
3505,3.9,52,Thai
20236,3.9,51,South Indian
984,3.5,148,Lucknowi
750,4.1,1077,Chinese
4249,3.1,120,Chinese
19766,3.3,4,Fast Food
18621,3.3,5,Desserts
7529,3.8,32,Healthy Food
2584,4.1,553,Mexican
22250,3.9,19,Continental
1809,4.1,1063,Fast Food
29379,,0,Salad
5383,2.8,38,Chinese
24189,,0,Kerala
18166,3.5,4,Beverages
21873,,0,Fast Food
6411,3.3,31,Fast Food
502,,0,South Indian
20194,4.1,110,Biryani
1978,3.8,101,Biryani
1678,4.0,506,Biryani
6808,,0,Biryani
47647,3.9,104,Biryani
17818,4.0,176,Biryani
15426,3.9,252,Biryani
30,3.8,632,Biryani
12438,3.9,355,Biryani
46010,3.8,204,Biryani
48211,3.9,184,Biryani
20905,4.0,138,Biryani
42882,3.9,96,Biryani
10017,3.9,441,Biryani
23155,3.8,140,Biryani
14930,3.9,140,Biryani
8766,3.9,114,Biryani
24905,4.0,461,Biryani
160,4.2,415,Biryani
19004,3.9,313,Biryani
8516,4.0,67,Biryani
41086,4.0,184,Biryani
39904,4.0,206,Biryani
3994,4.1,193,Biryani
2083,3.4,6,Biryani
41478,3.9,250,Biryani
4810,3.9,251,Biryani
51005,3.9,171,Biryani
6686,4.1,38,Biryani
230,3.1,7,Beverages
4297,4.1,55,Healthy Food
2390,,0,Healthy Food
12984,4.5,232,Ice Cream
42039,4.2,59,Ice Cream
1238,4.2,221,Street Food
19038,4.0,50,Bakery
24149,3.7,50,Bakery
26015,3.7,68,Desserts
5413,,0,Chinese
16218,3.7,30,Continental
816,3.3,4,Juices
31341,3.4,6,Lebanese
10792,,0,Asian
28915,3.9,154,Street Food
3402,,0,Desserts
13047,2.6,43,Chinese
10886,3.9,261,Chinese
42797,,0,Kebab
3522,3.9,132,Rolls
2828,3.7,53,Rolls
258,3.7,18,Burger
165,2.8,91,Chinese
10844,,0,North Indian
4334,4.0,456,Thai
7798,3.3,28,North Indian
13215,3.7,14,Fast Food
5060,3.8,72,American
3793,4.2,1964,Biryani
2832,4.1,1272,Mughlai
12139,4.4,2039,Mediterranean
5221,4.4,383,Pizza
38960,4.3,950,Continental
40795,4.5,523,Asian
3973,4.2,133,Bengali
4901,3.7,27,Chinese
10407,3.8,88,Asian
4168,3.6,42,Chinese
28510,,0,Beverages
11132,4.5,6348,Pizza
24401,2.9,12,North Indian
22548,3.9,74,American
14397,4.0,62,Fast Food
16953,3.2,4,Beverages
39325,3.6,33,Chinese
5140,3.9,597,North Indian
3359,3.9,138,Fast Food
4571,3.7,182,South Indian
5667,3.1,5,Andhra
10640,3.7,56,Kerala
216,,0,Fast Food
44098,,0,Arabian
28372,3.4,26,Chinese
10397,4.0,53,Italian
2299,4.0,96,Italian
48226,3.8,53,Italian
46051,3.9,76,Italian
39928,4.1,82,Italian
17742,4.1,48,Italian
26728,4.1,95,Italian
24239,4.1,23,Italian
3976,4.1,88,Italian
23873,4.0,70,Italian
1471,4.0,53,Italian
8515,3.9,21,Italian
41516,4.1,52,Italian
21030,4.1,93,Italian
2919,3.9,58,Italian
43191,3.7,19,Fast Food
764,4.4,809,Mexican
21790,3.9,751,American
10232,3.9,454,Kebab
8732,4.0,649,Seafood
6117,3.6,22,Chinese
20344,4.1,52,BBQ
4680,3.9,37,BBQ
1618,4.1,56,BBQ
2942,3.4,12,BBQ
17035,3.8,78,BBQ
20844,,0,BBQ
41651,3.7,118,Chinese
6329,,0,Continental
41897,3.0,28,Chinese
39125,4.0,89,South Indian
955,3.9,418,North Indian
38432,4.2,302,North Indian
38588,3.9,56,Seafood
922,3.5,9,North Indian
1040,3.6,13,Healthy Food
4826,3.2,16,North Indian
4833,,0,North Indian
5339,,0,North Indian
15824,,0,North Indian
20445,3.6,55,North Indian
28225,3.7,29,Burger
12864,3.7,82,Burger
2974,3.2,100,Burger
6563,3.3,12,Burger
22772,3.3,14,Burger
42190,2.8,44,Burger
15363,3.4,26,Burger
1807,3.9,62,Fast Food
46592,3.7,32,Burger
18138,3.3,4,Burger
10008,3.5,11,Burger
10117,3.4,129,Burger
4647,3.5,9,Beverages
288,3.6,55,Burger
4487,3.4,9,Burger
41498,3.5,20,Burger
19107,3.7,78,Burger
38650,3.3,36,Burger
32351,2.7,45,Burger
24325,3.4,50,Burger
17511,3.5,11,Burger
4132,3.7,41,Burger
46086,3.0,53,Burger
8846,3.3,55,Burger
22341,3.7,193,Burger
26308,3.3,5,Burger
14513,3.7,68,Burger
1736,3.2,66,Burger
43828,2.9,49,Burger
6196,,0,North Indian
42794,,0,Asian
12429,,0,Asian
13704,2.9,24,South Indian
5357,3.5,10,Turkish
1581,3.4,5,South Indian
16768,3.6,34,Chinese
3456,3.7,37,North Indian
13654,,0,South Indian
41476,3.3,239,Chinese
351,2.9,16,Chinese
6887,4.0,93,Desserts
3503,3.0,197,Chinese
2838,3.5,8,North Indian
46128,3.7,59,North Indian
16726,3.5,185,Continental
42773,3.3,16,Ice Cream
22176,3.2,27,Beverages
16683,4.9,2745,Mediterranean
42480,4.7,7154,Mediterranean
4180,4.4,3061,Japanese
48243,3.4,10,Ice Cream
16344,,0,Juices
7475,3.8,82,Continental
5009,3.1,15,Desserts
701,3.1,127,Desserts
7775,,0,Fast Food
31742,3.8,56,Fast Food
48000,3.2,5,Fast Food
5653,,0,Chinese
41535,2.9,88,Street Food
40623,2.8,21,North Indian
7074,3.8,89,Gujarati
2450,3.9,33,South Indian
3127,3.6,21,Beverages
649,,0,Oriya
2801,3.6,36,North Indian
1176,3.7,45,Chinese
15388,,0,Seafood
5573,3.3,7,Chinese
5633,,0,Chinese
38537,3.3,4,North Indian
6975,3.3,16,Chinese
46328,3.7,29,Chinese
707,3.8,25,Fast Food
6027,3.5,42,Chinese
4791,3.2,45,Chinese
499,,0,South Indian
14706,3.7,32,Chinese
7737,,0,Chinese
22602,3.8,88,North Indian
17237,3.0,4,Chinese
7894,,0,Chinese
41973,3.2,8,Chinese
40563,3.3,12,Chinese
2016,3.1,5,Chinese
2266,,0,North Indian
1769,3.5,32,Chinese
63,,0,South Indian
1137,3.3,6,Chinese
808,4.3,1387,Chinese
23657,3.3,43,Chinese
278,4.0,232,Chinese
78,3.6,16,Chinese
41700,3.2,4,Street Food
23029,3.2,16,Chinese
5019,3.0,88,North Indian
7650,2.6,56,North Indian
42703,2.8,48,North Indian
24815,3.1,10,Mughlai
6819,,0,Arabian
4832,3.3,12,South Indian
7932,,0,Chinese
40471,3.4,10,South Indian
17327,3.4,308,Chinese
48195,3.7,162,Chinese
9868,3.3,8,North Indian
4401,,0,Chinese
13231,,0,North Indian
4350,4.0,113,Bakery
40203,3.8,28,Salad
157,2.8,506,Fast Food
9213,,0,Fast Food
5958,,0,Fast Food
7025,2.9,54,Fast Food
240,,0,Fast Food
19141,,0,Fast Food
40442,2.9,35,Fast Food
22113,,0,Chinese
628,3.5,89,Chinese
21793,3.5,22,Chinese
24183,3.7,48,Chinese
6317,3.4,5,Chinese
17987,3.8,178,Fast Food
1735,3.7,131,North Indian
2445,3.4,6,Chinese
4608,3.1,8,South Indian
1445,3.7,59,Fast Food
17763,4.1,319,Chinese
42859,,0,Continental
121,3.6,24,Fast Food
16336,,0,Chinese
43381,3.7,17,Beverages
8154,,0,Chinese
40561,3.1,65,Chinese
12134,3.8,170,South Indian
3298,,0,Chinese
13113,,0,Biryani
5582,3.7,122,Chinese
29480,,0,Burger
16615,4.1,210,Beverages
9284,,0,Fast Food
14579,4.1,335,Seafood
15983,,0,North Indian
6586,,0,Fast Food
39403,,0,North Indian
41874,3.3,20,Chinese
41500,3.7,136,Chinese
9240,3.5,13,Street Food
4533,4.4,1146,Chinese
7846,4.4,366,American
22262,3.8,110,Chinese
568,3.7,91,French
2061,3.3,8,Fast Food
5525,3.3,7,Bakery
20816,3.2,234,Salad
14298,3.9,37,Mangalorean
41048,3.3,7,Juices
16404,3.0,15,Chinese
6828,3.3,16,Fast Food
17076,,0,Chinese
17423,,0,North Indian
7093,,0,North Indian
5023,3.1,105,Biryani
7703,,0,Chinese
3583,3.4,15,Chinese
8460,3.1,5,Street Food
8810,4.1,104,Italian
1338,4.1,137,Healthy Food
41607,2.7,93,North Indian
4804,,0,Desserts
40366,3.6,14,North Indian
4490,3.7,17,Healthy Food
4510,3.2,31,Healthy Food
19814,3.4,372,North Indian
4776,,0,South Indian
274,3.9,627,Chinese
39864,,0,Asian
20767,3.0,546,Chinese
4253,3.3,628,Chinese
3618,3.2,113,Chinese
2852,3.6,531,Chinese
42674,2.8,132,Chinese
17760,3.2,835,Chinese
39056,3.3,535,Chinese
1524,3.9,582,Chinese
9073,3.8,377,Chinese
14286,3.8,1082,Continental
41599,4.0,702,American
2681,3.9,551,American
10852,3.5,10,Chinese
39860,3.2,55,Bengali
4876,,0,Sandwich
352,2.8,36,Italian
42835,,0,Andhra
6845,3.8,109,Pizza
42878,,0,North Indian
259,3.6,39,Street Food
4455,4.1,397,Desserts
6841,3.4,4,Desserts
6047,3.9,33,Ice Cream
16863,4.0,213,Beverages
7915,3.5,15,Fast Food
42012,3.8,43,Ice Cream
6100,,0,Ice Cream
48251,3.3,8,Juices
8027,3.7,13,Desserts
4097,,0,Ice Cream
8676,4.1,244,Desserts
17126,3.8,58,Desserts
24493,3.9,55,Desserts
394,4.2,146,Desserts
15385,4.1,167,Desserts
6034,3.7,19,Desserts
8753,,0,Desserts
566,4.1,209,Desserts
4817,4.0,35,Desserts
6773,3.6,59,Desserts
48452,3.8,18,Desserts
6086,3.6,13,Desserts
2884,4.2,182,Desserts
41614,3.7,56,Desserts
3962,4.0,82,Desserts
1274,4.1,46,Desserts
41985,3.9,107,Ice Cream
8927,,0,Sandwich
4214,3.7,21,Street Food
28560,,0,Salad
43336,,0,Beverages
17710,,0,Bengali
5115,3.2,12,Momos
1216,3.8,36,Momos
17296,3.7,20,Desserts
14408,4.2,38,Mediterranean
3412,3.6,54,Thai
12335,,0,Thai
4558,3.6,34,Thai
4391,3.2,16,Thai
17871,3.8,32,Thai
41377,3.8,182,Chinese
21081,,0,Thai
41877,3.3,23,Chinese
3800,4.0,48,Fast Food
1360,,0,North Indian
3717,3.8,87,Chinese
365,,0,Desserts
2811,3.9,409,Chinese
3485,3.9,124,Chinese
20877,3.5,10,Kebab
4576,3.7,34,Chinese
2307,4.1,336,Biryani
24404,3.3,4,Fast Food
50846,3.7,74,Tea
41870,,0,Juices
6936,3.2,4,Chinese
21589,,0,Kebab
40558,3.7,95,Chinese
18351,4.6,586,Burger
2105,4.6,406,Burger
16204,3.4,8,Rolls
6350,3.6,31,Continental
19090,,6,Chinese
2789,4.2,325,Chinese
17254,3.7,241,Rolls
452,3.6,36,Chinese
22327,,0,Fast Food
2033,3.7,8,Fast Food
39059,3.7,286,Fast Food
4337,3.7,30,North Indian
24371,,0,Chinese
41566,3.6,101,North Indian
814,3.7,30,North Indian
4231,3.7,51,Street Food
20114,3.5,17,Chinese
1818,3.7,93,South Indian
5112,3.8,43,Momos
12647,,0,Momos
3004,3.9,51,Juices
29410,,0,Chinese
41742,3.4,7,Chinese
4871,3.2,144,Chinese
21044,3.8,31,Gujarati
622,,0,Biryani
3054,3.9,110,Bakery
20504,2.9,38,Bakery
4066,3.2,4,Desserts
21487,3.4,5,Bakery
41609,3.4,17,Bakery
49960,3.2,6,Bakery
11395,3.0,40,Bakery
3777,2.9,17,Bakery
42024,3.8,51,Bakery
8480,3.7,32,Bakery
41321,,0,Chinese
20892,,0,Beverages
5133,,0,Beverages
10873,3.3,7,Healthy Food
5063,3.1,117,Chinese
2874,3.1,48,Chinese
7199,,0,South Indian
2833,3.1,7,Biryani
1859,3.4,137,North Indian
4291,3.8,48,Chinese
16330,3.4,16,Chinese
894,4.4,1710,Finger Food
42315,4.5,2711,Finger Food
6799,4.5,3902,Continental
766,4.3,1265,North Indian
41576,3.6,159,Chinese
19677,3.6,92,North Indian
22423,3.9,300,Chinese
20346,3.0,5,South Indian
29504,,0,Chinese
17280,4.0,170,Thai
4162,4.1,836,Italian
14031,3.4,90,Continental
2598,3.7,83,Italian
42285,3.6,27,North Indian
1354,,0,Chinese
6426,4.2,707,Chinese
18805,4.2,794,Cafe
8681,4.4,1084,Cafe
3543,4.2,5308,Cafe
23283,3.5,131,Fast Food
15632,4.4,275,Ice Cream
4670,4.4,68,Ice Cream
5797,3.1,69,Biryani
9371,,0,Pizza
2798,4.0,777,Pizza
8086,,0,Cafe
2282,4.3,1302,Cafe
296,3.6,163,Seafood
7070,,0,Street Food
13906,4.3,371,Continental
2817,3.8,37,Cafe
20850,3.5,146,Biryani
871,3.9,407,North Indian
42862,3.3,4,Andhra
5104,4.4,384,Kerala
1617,4.0,201,Street Food
3546,3.9,258,Chinese
880,3.8,469,Chinese
22074,3.7,53,Fast Food
40456,2.9,18,Chinese
40429,,0,Chinese
9650,3.5,18,Chinese
2514,4.0,370,Continental
40505,3.5,14,Chinese
3622,3.4,409,Mughlai
6305,3.7,40,North Indian
19928,4.2,175,Mughlai
6985,,0,Burger
21147,3.7,1813,North Indian
41272,2.6,51,North Indian
27995,,0,Biryani
7733,3.6,14,Desserts
16487,,0,South Indian
15722,3.9,89,Bakery
5038,,0,Bakery
2416,4.0,84,North Indian
23662,4.2,271,Pizza
8,3.5,12,Chinese
48402,3.8,91,South Indian
5459,,0,Biryani
12047,3.4,7,Biryani
6987,,0,Chinese
3569,3.9,200,Biryani
23452,3.4,78,Biryani
48186,3.9,1176,South Indian
46217,3.6,26,North Indian
41942,,0,South Indian
48474,3.2,4,South Indian
5188,3.7,80,Andhra
2217,3.3,6,Seafood
9493,3.2,5,South Indian
18876,4.0,63,Street Food
30364,3.3,4,Street Food
6232,,0,Biryani
41050,3.1,7,Fast Food
3889,3.7,16,Fast Food
7877,3.4,7,Chinese
1897,3.4,8,Bakery
5377,,0,Chinese
3563,3.5,31,North Indian
43153,3.6,57,Biryani
2320,,0,North Indian
5561,3.6,34,Mughlai
41809,3.3,5,Fast Food
200,,0,North Indian
1947,3.5,12,Chinese
33,3.8,166,Rajasthani
18124,,0,Fast Food
51329,3.9,51,Kebab
9269,,0,North Indian
4189,3.4,8,North Indian
1212,3.7,31,Beverages
3165,4.1,732,Continental
835,3.9,291,Burger
398,,0,South Indian
41623,3.6,29,Chinese
1140,3.0,57,Chinese
16205,3.5,37,Juices
161,3.8,160,Chinese
5492,,0,Juices
8059,,0,Chinese
18490,3.8,424,Hyderabadi
1123,,0,South Indian
15067,3.3,7,South Indian
14411,3.8,259,South Indian
4068,4.3,2840,Salad
111,3.4,6,Hyderabadi
4221,3.9,715,Chinese
15066,3.5,12,Mediterranean
41548,3.1,8,North Indian
42949,3.6,83,Rolls
6515,3.1,17,Chinese
7657,,0,Chinese
40140,2.9,30,Mughlai
41946,,0,Hyderabadi
7995,4.1,564,Arabian
476,,0,BBQ
40110,,0,BBQ
4915,3.9,88,American
4807,2.5,321,Chinese
5046,3.6,107,Chinese
48700,3.6,15,Bakery
2041,4.0,457,North Indian
22186,3.8,68,North Indian
17196,3.8,111,North Indian
43270,,0,North Indian
10927,3.8,36,North Indian
784,3.6,16,North Indian
24367,3.3,4,Biryani
41848,3.3,4,North Indian
41503,4.1,637,American
13998,4.1,332,Cafe
24271,4.2,817,Continental
201,4.1,1875,Afghani
2155,,0,North Indian
35479,3.7,592,Street Food
3605,3.7,19,Juices
17620,,0,South Indian
17358,3.6,19,Biryani
1023,3.4,7,South Indian
7766,,0,Chinese
6838,2.9,106,Chinese
6703,3.8,89,Chinese
5497,3.1,106,North Indian
8418,2.9,200,South Indian
14285,3.9,639,Chinese
19799,3.1,330,Chinese
4759,3.0,289,Italian
341,4.1,868,Italian
13639,4.0,949,Chinese
3940,3.9,1189,Chinese
45981,,0,Healthy Food
28600,,0,Fast Food
48756,3.2,4,Chinese
46505,3.2,9,Chinese
19026,3.1,11,Chinese
13172,3.3,4,Chinese
23079,3.1,12,Chinese
4798,3.9,77,Desserts
40207,3.9,145,Ice Cream
18927,3.3,4,Chinese
4689,4.3,219,Middle Eastern
6633,3.7,61,Sandwich
13569,4.4,1187,Chinese
7373,4.0,152,Fast Food
3862,4.0,78,Pizza
2804,3.8,22,Cafe
1762,3.9,330,Thai
9121,4.5,2781,Asian
4830,3.1,13,Chinese
1847,,0,North Indian
40410,,0,Chinese
2556,4.2,380,Kebab
41554,4.0,1192,North Indian
39419,3.2,4,Biryani
41661,4.1,87,Seafood
12308,3.3,6,Biryani
6912,3.0,15,Andhra
61,3.3,5,Juices
2702,4.7,4678,Thai
41542,4.4,2881,Continental
11771,,0,South Indian
48954,3.2,4,Chinese
6693,3.9,161,Chinese
17434,3.9,84,Biryani
1139,3.8,100,North Indian
27780,3.6,14,Beverages
40469,3.6,28,Chinese
5795,3.4,10,Kebab
18489,4.0,1413,Chinese
11775,4.3,797,Continental
19311,,0,Chinese
7488,,0,European
42306,,0,Chinese
2668,4.1,252,Cafe
8789,4.2,115,Bakery
7374,4.0,2151,American
708,3.6,17,Fast Food
18095,,0,South Indian
746,,0,Cafe
8289,3.1,54,North Indian
791,3.3,86,Chinese
4822,,0,Chinese
21927,,0,Continental
6805,,0,Continental
5454,,0,Continental
6357,,0,Continental
5094,,0,Continental
21019,,0,Continental
4046,4.3,490,Desserts
21365,4.1,180,Desserts
39031,3.8,24,Desserts
51345,3.1,41,North Indian
806,3.8,78,Chinese
29102,3.6,54,Chinese
20539,3.8,507,North Indian
492,4.0,633,Chinese
39410,,0,Charcoal Chicken
13913,4.5,5262,BBQ
49168,2.9,16,South Indian
7558,4.0,161,Street Food
42153,3.9,59,Street Food
13258,4.4,1830,Street Food
1903,4.1,279,Street Food
2195,3.9,15,Fast Food
532,,0,Pizza
8160,,0,Bihari
5054,4.2,1365,American
40189,4.1,1218,American
306,3.8,148,Street Food
7185,3.7,19,Pizza
20831,3.5,15,Mughlai
51327,3.4,10,Chinese
51272,3.3,11,South Indian
8636,2.8,43,Continental
20375,3.4,51,Biryani
6776,2.9,21,Chinese
41750,4.1,469,Mangalorean
1206,4.0,89,Beverages
3055,3.9,237,Beverages
14746,3.9,54,Beverages
28566,3.6,33,Beverages
46166,,0,Street Food
48790,3.6,4,South Indian
41603,3.7,30,Street Food
19656,,0,Beverages
4445,3.8,31,Beverages
1192,3.0,291,Chinese
7580,3.3,24,Chinese
23603,,0,Chinese
1776,3.9,224,Chinese
5686,2.8,20,Chinese
640,,0,Chinese
46320,3.5,27,South Indian
18407,4.2,69,European
20010,3.6,22,Chinese
802,3.7,61,North Indian
46144,3.5,137,Continental
3993,3.8,37,Desserts
48304,3.8,43,Desserts
6288,3.5,21,Desserts
1227,3.8,21,Desserts
22213,3.1,27,Desserts
22141,3.4,7,Chinese
19035,3.8,198,Chinese
33795,4.0,137,North Indian
5742,3.8,117,American
9881,,0,Juices
4824,3.8,368,Salad
24251,3.3,80,Beverages
9583,3.9,189,Beverages
5810,,0,Beverages
4139,3.9,70,Beverages
18451,3.9,118,Beverages
2506,3.9,106,Beverages
2051,,0,Sandwich
5441,3.8,22,European
3983,,0,Bakery
8183,3.6,16,North Indian
1208,3.2,11,Healthy Food
22011,,0,Chinese
10785,3.2,2,South Indian
6530,3.4,6,Chinese
21502,,0,Beverages
345,2.8,58,Biryani
26151,,0,North Indian
22075,,0,Fast Food
47314,,0,North Indian
40611,4.0,1116,North Indian
7936,4.6,1580,American
823,3.6,11,Tea
3565,2.9,95,South Indian
71,3.6,32,North Indian
42078,4.1,4767,Thai
39016,3.9,72,Continental
16929,3.7,42,Momos
18949,3.7,204,Biryani
4357,3.8,181,Biryani
29243,,0,Tibetan
12506,3.7,15,Continental
4618,,0,Chinese
23672,,0,Biryani
1534,4.0,245,North Indian
142,,0,Chinese
395,,0,Cafe
6155,3.9,75,Desserts
29437,3.4,21,South Indian
42063,3.6,15,Desserts
17303,,0,Biryani
42787,3.1,6,Chinese
5620,,0,South Indian
39357,3.6,18,Chettinad
20276,3.2,4,Kerala
7112,,0,Desserts
15112,3.0,398,Chinese
5882,3.4,49,Andhra
31614,3.1,21,Andhra
5592,,0,Chinese
6154,3.6,21,Desserts
40549,,0,North Indian
7929,3.4,8,Chettinad
17788,4.5,224,Beverages
23699,,0,Seafood
42889,3.9,308,Thai
20075,3.7,38,Street Food
4717,4.2,7193,Italian
4069,4.3,1707,Mediterranean
22021,4.4,816,Fast Food
8053,3.0,46,Rolls
9928,,0,Beverages
1896,3.6,88,Chinese
348,,0,Chinese
43893,,0,Kebab
134,3.6,28,Chinese
504,3.7,23,Pizza
10810,3.5,14,Juices
4524,3.5,51,Juices
42406,3.3,4,Chinese
773,4.1,70,Chinese
6816,3.1,55,Kebab
14139,2.9,17,Fast Food
12839,,0,South Indian
48832,,0,Biryani
227,3.8,36,Continental
20,3.3,5,Chinese
48779,4.3,332,Biryani
24351,,0,Kebab
22006,,0,Chinese
8993,,0,North Indian
229,,0,Chinese
1432,,0,Chettinad
3107,3.2,12,Chinese
38450,4.2,212,Biryani
5272,3.2,9,Chinese
6524,3.5,22,North Indian
9142,,0,North Indian
1322,3.6,27,North Indian
42299,3.9,46,Chinese
1127,,0,Chinese
9311,,0,Chinese
5073,,0,North Indian
4299,3.8,207,North Indian
19693,,0,Chinese
3215,,0,Biryani
1114,3.3,5,Chinese
42705,3.6,87,Biryani
29000,3.6,15,Chinese
3129,3.6,79,South Indian
3401,3.5,83,South Indian
41737,3.6,6,North Indian
41522,3.7,62,Chinese
41869,3.1,94,Chinese
3352,3.4,16,North Indian
9768,4.0,787,Biryani
22572,,257,Kebab
5681,3.5,24,Chinese
41811,3.6,24,North Indian
4950,3.8,57,Mangalorean
1970,3.3,9,Chinese
2049,,0,South Indian
3988,3.9,222,Chinese
15761,,0,North Indian
41752,3.5,79,Biryani
22117,,0,Mangalorean
41559,3.1,112,Biryani
17003,3.3,7,South Indian
1982,,0,South Indian
11635,3.9,39,Tibetan
8493,,0,South Indian
40396,3.6,59,Chinese
21985,3.2,4,Chinese
16571,2.5,66,Chinese
744,3.2,4,North Indian
1399,3.1,10,North Indian
43878,3.2,4,North Indian
2300,3.1,266,South Indian
12903,,0,North Indian
41523,3.8,328,North Indian
24222,3.7,49,North Indian
3323,3.4,4,Kerala
6908,3.3,4,Chinese
49066,3.6,14,Chinese
15126,3.7,257,North Indian
41908,3.5,19,Mangalorean
48425,3.8,20,South Indian
48162,3.8,219,South Indian
4750,3.1,69,Fast Food
7026,3.3,7,Mughlai
22618,3.7,91,Chinese
1391,,0,Mughlai
41935,,0,Chinese
41544,3.6,10,Biryani
1537,3.9,340,Kerala
40159,3.8,201,North Indian
29562,2.8,26,Chinese
5384,3.1,9,Chinese
437,2.8,25,Biryani
10769,3.2,5,South Indian
6824,2.9,18,Chinese
10910,3.0,32,Chinese
42108,3.9,115,North Indian
7624,,0,Chinese
9651,,0,Biryani
39343,3.4,5,South Indian
49097,,0,South Indian
2120,3.8,133,South Indian
23506,3.4,8,Mangalorean
5605,,0,Biryani
48245,3.6,121,Chinese
5705,,0,Chinese
3304,3.2,5,South Indian
12715,3.6,32,North Indian
40454,3.2,6,North Indian
43910,,0,South Indian
656,,0,Chinese
6053,,0,South Indian
7967,3.7,24,Chinese
46464,3.5,15,North Indian
2946,2.9,13,Mughlai
38690,3.6,16,Biryani
5321,4.2,93,Chinese
17602,,0,Chinese
42430,,0,Chinese
5065,3.4,11,North Indian
3320,3.3,5,Biryani
552,,0,South Indian
41276,3.4,13,Chinese
5757,,0,Hyderabadi
23201,,0,Chinese
48900,,0,North Indian
40111,3.6,32,North Indian
1673,3.8,67,South Indian
17389,3.7,73,South Indian
17822,3.5,18,South Indian
2021,4.1,127,Chinese
3180,,0,Chinese
4797,3.6,13,North Indian
13728,3.7,125,Thai
5175,3.6,10,Chinese
49118,3.0,6,North Indian
1655,3.5,13,Biryani
7016,,0,North Indian
1361,,0,North Indian
5217,3.1,6,Chinese
7247,,0,South Indian
172,,0,South Indian
23679,,0,South Indian
38657,,0,Fast Food
12832,,0,Biryani
8207,3.4,7,Chinese
41579,3.2,17,Biryani
46272,,0,South Indian
2243,3.4,8,South Indian
5308,,0,Biryani
9874,3.3,6,Chinese
15,3.2,4,South Indian
24990,3.9,116,Biryani
11887,4.4,712,Seafood
3164,4.1,66,Seafood
2130,,0,Chinese
39423,,0,Chinese
48516,,0,North Indian
5791,,0,North Indian
6928,3.2,5,North Indian
1582,,0,South Indian
3029,3.1,30,Chinese
7800,,0,Continental
7201,,0,Salad
20788,,0,Continental
19990,3.8,81,Fast Food
21350,,0,Salad
40084,,0,Salad
6894,,0,Rolls
21316,,0,Fast Food
11776,4.7,3573,Asian
7372,4.8,4390,Asian
681,3.8,540,Kebab
8014,3.6,23,Fast Food
13735,,0,Healthy Food
43164,3.8,60,Cafe
8203,3.1,6,Desserts
3449,3.9,44,Desserts
2267,4.1,93,Mediterranean
4273,3.3,292,Seafood
917,4.1,466,Italian
2332,3.2,68,Street Food
8730,3.8,320,North Indian
2766,3.7,33,Fast Food
23101,4.0,175,Seafood
4230,3.4,17,North Indian
45941,4.0,820,Thai
1035,4.3,2241,Thai
46019,2.9,123,Thai
5006,3.8,54,North Indian
42660,,0,Chinese
9134,4.6,311,South Indian
40490,4.0,165,Chinese
4924,3.8,257,Chinese
12600,,0,Chinese
6532,,0,Desserts
30339,,0,Chinese
9127,3.9,152,North Indian
29104,3.8,31,North Indian
6720,3.6,112,Chinese
7674,,0,North Indian
19703,3.7,100,Chinese
8729,,0,Chinese
5343,3.8,60,Burger
3909,3.7,26,Fast Food
2640,3.1,7,South Indian
7281,2.5,109,Chinese
43251,4.0,632,North Indian
43324,3.4,8,Rolls
4098,3.6,15,Chinese
43400,,0,Chinese
42747,3.0,12,Biryani
22114,,0,Beverages
7156,3.6,51,Chinese
17730,,0,Thai
4271,,0,North Indian
1264,4.3,1463,Continental
106,3.3,8,Chinese
5838,4.1,358,Thai
923,3.0,16,Beverages
11433,,0,Chinese
6401,3.0,54,North Indian
29046,4.0,203,Bihari
6500,3.3,21,Chinese
7271,,0,Chinese
22530,3.9,36,Burger
16134,4.0,40,Thai
41312,3.3,5,North Indian
107,3.1,9,North Indian
39342,3.5,112,North Indian
7595,3.9,118,Biryani
4663,3.0,137,Hyderabadi
3934,4.1,1112,North Indian
9092,3.7,21,Hyderabadi
14437,3.9,1615,North Indian
18548,3.5,374,North Indian
12176,4.3,1348,North Indian
4705,3.6,794,North Indian
3714,3.7,833,North Indian
46348,3.0,66,Chinese
23012,3.7,301,Hyderabadi
5219,3.3,12,South Indian
40000,3.2,145,Chinese
23941,3.3,106,Biryani
42089,4.1,213,Hyderabadi
22610,4.0,268,Andhra
4054,4.0,717,Andhra
184,2.8,70,Biryani
177,3.7,198,Chinese
1017,3.7,101,South Indian
17411,3.2,30,Hyderabadi
2037,,0,Biryani
1631,3.8,237,Chinese
2082,3.2,136,Chinese
46267,3.0,100,North Indian
4081,3.4,33,Hyderabadi
20963,2.7,17,Fast Food
6091,3.4,7,North Indian
6045,,0,Andhra
21448,,0,Andhra
3745,3.5,45,North Indian
2104,3.6,218,North Indian
5765,3.5,19,North Indian
17222,2.9,102,North Indian
721,,0,Biryani
672,,0,Chinese
811,4.0,1369,North Indian
20919,4.0,593,Andhra
4072,3.1,41,North Indian
42106,,0,North Indian
1118,,0,Ice Cream
3580,4.0,76,Fast Food
2251,3.4,6,South Indian
14550,3.8,617,Chinese
7820,,0,Pizza
43344,,0,Ice Cream
5399,3.0,96,Pizza
7939,3.4,8,Beverages
5152,,0,Beverages
16553,,0,Continental
3277,3.7,26,Juices
27306,3.6,29,Juices
18160,3.6,14,Desserts
4320,3.9,84,Ice Cream
40784,3.5,13,Ice Cream
3458,4.1,192,Ice Cream
43219,3.2,25,Desserts
18036,,0,Desserts
21856,,0,Juices
16980,3.0,16,Desserts
48,3.6,34,Desserts
46274,3.4,6,Fast Food
4733,3.7,39,Fast Food
6235,,0,Beverages
21778,3.4,5,Ice Cream
67,3.7,42,Ice Cream
1926,3.8,124,Fast Food
4565,3.8,42,Ice Cream
1198,4.0,43,Ice Cream
30129,4.5,493,Ice Cream
8930,3.6,8,Ice Cream
12227,4.3,183,Ice Cream
22251,3.9,14,Ice Cream
4422,3.5,26,Chinese
2128,,0,Street Food
1889,3.3,4,Ice Cream
11697,3.1,7,Fast Food
6724,,0,Rolls
4649,4.0,117,Kebab
281,3.3,13,Beverages
3743,3.9,1838,Street Food
24136,3.2,4,North Indian
889,2.4,125,Chinese
3193,3.9,239,Chinese
724,3.7,264,Chinese
41739,3.8,253,Chinese
6735,2.9,238,Chinese
6433,3.6,241,Biryani
14566,3.9,366,Chinese
17740,3.7,487,Mughlai
38616,3.2,4,Chinese
3586,3.9,22,Fast Food
39837,4.3,2003,Arabian
16680,4.2,767,Arabian
22418,4.5,1228,Mughlai
40837,4.4,2382,Arabian
1159,3.5,10,Beverages
40855,4.3,246,Chinese
9296,3.7,535,Continental
23435,3.4,182,North Indian
1046,,0,Chinese
40650,,0,Chinese
1601,3.3,211,Chinese
886,2.8,83,Chinese
46322,,0,North Indian
9312,3.3,9,South Indian
7545,4.1,674,North Indian
7836,3.3,7,Chinese
799,,0,South Indian
2025,2.9,345,Biryani
1824,3.8,234,Chinese
665,3.2,10,Chinese
42099,4.2,485,Mughlai
2519,3.0,8,North Indian
3487,3.7,24,Chinese
47421,3.2,4,South Indian
19180,,0,North Indian
2326,,0,Rolls
41919,3.3,5,Chinese
22776,3.3,4,BBQ
11817,,0,Continental
11121,4.3,2349,Continental
15432,3.5,21,Chinese
6427,3.6,27,Chinese
45742,3.1,6,Chinese
18109,,0,Mithai
17623,,0,Chinese
2723,4.0,72,South Indian
3379,2.8,138,Street Food
695,,0,Desserts
22367,3.1,27,Bakery
3869,3.6,29,Bakery
10496,3.5,27,Bakery
6013,,0,Bakery
4738,3.6,22,Bakery
20072,3.6,32,Bakery
42727,3.8,17,Desserts
5070,3.8,117,Biryani
5017,3.6,14,Biryani
5574,4.1,399,Beverages
2731,4.3,860,Cafe
13887,4.3,766,Cafe
40979,3.8,67,Continental
43240,3.6,46,Chinese
16578,3.5,10,Fast Food
737,,0,Fast Food
40214,3.3,12,Salad
849,3.0,10,Fast Food
3122,3.9,152,Continental
10036,3.7,270,Continental
5726,,0,Continental
4192,3.9,231,Continental
24393,3.1,78,Continental
17471,3.7,175,Continental
21078,,0,Continental
20859,4.0,231,North Indian
1185,2.9,7,Continental
9186,,0,Sandwich
6136,3.6,323,Italian
7223,3.8,34,Desserts
22687,3.2,1,Chinese
7749,3.9,63,South Indian
4583,3.9,41,South Indian
41311,3.5,8,Fast Food
14023,3.7,28,North Indian
1191,3.1,19,Mughlai
7682,,0,Chinese
9958,,0,Beverages
9148,3.4,12,Chinese
8517,3.9,310,Italian
1529,3.8,210,Chinese
51306,3.5,38,Kerala
1422,3.6,27,Fast Food
11681,,0,Desserts
7653,,0,Fast Food
8796,3.5,11,Fast Food
2772,3.8,62,Chinese
19978,3.8,129,Continental
1612,3.6,35,Mangalorean
1151,3.8,59,Chinese
14033,3.9,155,Continental
20781,4.0,142,Italian
20431,3.7,690,Seafood
32089,3.3,6,American
29298,3.6,20,Chinese
20568,3.8,429,North Indian
5796,,0,North Indian
2042,3.6,35,Chinese
19578,,0,Chinese
42779,,0,Bengali
17969,,0,North Indian
24072,3.0,52,Chinese
48369,2.9,6,Biryani
38606,3.6,21,South Indian
28962,4.0,98,Beverages
4263,3.8,47,Street Food
13331,,0,Street Food
1223,3.6,8,Desserts
14907,3.7,57,Chinese
17393,3.7,34,South Indian
1232,3.8,32,Mithai
41863,3.9,675,Continental
431,4.0,866,Continental
21029,4.2,2173,Mughlai
1,4.1,775,Mughlai
41118,3.2,8,South Indian
3479,4.5,3421,Mughlai
20325,4.2,519,South Indian
24901,3.8,24,Healthy Food
28079,3.2,22,Kerala
8711,4.3,67,Japanese
5032,3.8,28,Beverages
38535,3.7,47,Mughlai
41766,2.9,139,North Indian
13734,3.7,39,Chinese
1344,2.6,157,American
49018,3.6,41,Street Food
41683,3.5,25,Street Food
42058,3.5,9,Gujarati
845,3.5,35,Kebab
2745,3.6,60,South Indian
13354,3.1,21,North Indian
46230,3.5,17,South Indian
29043,3.4,8,Chinese
21106,3.9,73,Continental
15456,,0,Fast Food
5386,,0,Street Food
24069,3.7,18,Burger
42314,4.3,1042,Continental
334,,0,Fast Food
4814,,0,North Indian
17328,3.1,105,Chinese
7302,3.2,8,Salad
12599,,0,Chinese
16698,4.0,2807,North Indian
9035,,0,Juices
8399,3.6,13,Desserts
42171,3.5,17,Rolls
18692,3.9,815,North Indian
23663,3.8,674,North Indian
3611,3.9,40,BBQ
17063,,0,Bakery
22139,,0,Desserts
43192,3.4,10,Kebab
479,3.6,14,North Indian
23203,,0,North Indian
19413,,0,North Indian
7925,3.3,4,Street Food
37085,3.7,15,Street Food
16810,2.9,10,Street Food
644,3.8,29,Street Food
8378,3.7,22,Street Food
6320,3.7,43,Fast Food
7551,3.9,66,Chinese
16934,4.1,59,South Indian
15305,4.1,1827,Seafood
6104,3.7,31,Chinese
10895,,0,Beverages
43908,,0,Fast Food
3702,4.3,315,South Indian
2176,3.3,6,Fast Food
1402,3.2,9,Biryani
40512,,0,Chinese
21978,,0,Biryani
3427,3.8,127,Juices
40350,3.6,17,Chinese
41980,,0,Sandwich
459,,0,Beverages
7769,,0,Beverages
7726,,0,Fast Food
19536,3.8,42,Fast Food
17790,3.7,45,Fast Food
43884,,0,Beverages
21809,,0,Juices
24918,,0,Juices
7195,3.4,12,Pizza
4716,2.8,20,Fast Food
2914,3.9,69,Fast Food
3082,4.0,138,Fast Food
12241,4.0,101,Fast Food
20442,3.7,17,Fast Food
2813,3.7,17,Fast Food
4105,3.7,70,Juices
4315,3.8,210,South Indian
1868,3.7,57,South Indian
5729,3.9,141,Beverages
7776,3.1,28,Healthy Food
11711,,0,Beverages
5135,,0,Sandwich
17568,,0,Beverages
32023,3.2,6,Beverages
4267,3.5,22,Beverages
4444,3.4,24,Beverages
8386,3.7,15,Beverages
5692,3.3,11,Beverages
17174,3.7,17,Beverages
21104,,0,Beverages
39916,3.6,9,Beverages
24886,,0,Fast Food
19634,,0,Fast Food
47241,3.4,32,Fast Food
5535,3.8,29,Fast Food
9370,3.7,68,Fast Food
28933,3.9,164,Fast Food
17127,3.7,38,Fast Food
21452,3.9,31,Fast Food
972,3.8,38,Fast Food
15803,3.8,80,Juices
1852,3.9,37,Juices
8752,3.9,43,Juices
6364,3.1,4,Fast Food
7848,,0,Beverages
8922,3.2,9,Fast Food
29502,,0,Ice Cream
3596,,0,Ice Cream
30232,3.6,69,Momos
1839,3.5,80,Momos
4667,3.1,21,Momos
27822,3.2,4,Momos
11858,3.9,281,Parsi
17669,4.0,220,North Indian
4031,,0,Beverages
3810,3.8,122,Desserts
7941,3.2,46,Desserts
583,,0,Desserts
13243,3.5,33,Desserts
418,3.3,41,Desserts
6983,,0,Desserts
11556,3.6,154,Desserts
7205,2.6,22,Desserts
18605,3.7,81,Desserts
5057,2.9,65,Desserts
535,3.4,8,Desserts
25273,3.4,25,Desserts
16489,3.0,51,Desserts
26014,3.4,22,Desserts
10087,3.6,18,Desserts
2090,3.2,14,Desserts
4416,3.4,6,Desserts
25145,2.9,19,Desserts
22306,3.0,38,Desserts
12862,3.4,7,Desserts
7512,3.4,24,Desserts
5945,3.7,36,Desserts
6096,3.8,12,Desserts
15014,3.8,32,Desserts
12424,,0,Desserts
5234,3.4,11,Desserts
6895,,0,Fast Food
16425,,0,Chinese
1709,4.0,162,American
15804,3.4,6,Fast Food
682,,0,Desserts
6663,3.4,18,Street Food
23545,3.4,5,Fast Food
39352,3.6,78,Chinese
46187,3.1,7,South Indian
39023,4.3,476,Beverages
8409,4.4,2111,Continental
2052,,0,North Indian
7974,3.4,8,Street Food
22725,4.0,83,Kebab
569,3.1,30,North Indian
1332,3.9,39,Mughlai
21043,4.1,515,Street Food
48141,,0,Fast Food
22045,,0,Fast Food
2774,4.0,47,Italian
3700,3.9,321,Biryani
1977,3.4,52,Biryani
9209,3.3,4,Rolls
3409,3.3,4,Biryani
42198,2.8,26,Biryani
3780,3.1,163,Biryani
41485,3.8,251,Biryani
31,3.3,184,Biryani
15723,3.0,253,Chinese
20430,3.2,267,Chinese
12372,,0,Fast Food
46248,,0,Chinese
41879,,0,Kebab
7022,,0,Chinese
3270,3.3,14,North Indian
5466,3.1,11,North Indian
307,3.2,4,North Indian
4080,3.9,205,Chinese
10095,3.9,879,Kebab
3699,4.0,957,Kebab
9547,3.9,74,Kebab
8388,3.7,311,Kebab
301,4.1,1720,Kebab
8101,2.9,317,Kebab
11524,3.9,984,Kebab
4171,3.1,281,Kebab
19640,3.0,451,Kebab
4690,2.9,243,Chinese
40216,2.7,165,Chinese
3893,3.7,66,North Indian
9297,3.8,228,Chinese
4211,,0,Chinese
43725,3.6,104,Mughlai
43733,3.2,4,Chinese
19012,3.4,46,Mughlai
4523,3.5,75,Arabian
24107,3.4,7,Chinese
41758,3.8,72,Chinese
9022,3.6,112,North Indian
42930,3.8,314,Chinese
1653,3.4,7,Chinese
6722,2.8,335,Chinese
39340,3.0,25,Chinese
4186,3.6,15,Chinese
1680,,0,Chinese
1778,,0,North Indian
5178,,0,Middle Eastern
1986,,0,Rolls
18609,,0,Middle Eastern
7802,,0,Middle Eastern
40013,,0,Rolls
9461,3.1,570,Mithai
41636,3.6,73,Chinese
5344,3.8,263,South Indian
24745,2.9,27,Mughlai
3735,3.9,116,Seafood
2007,3.7,50,Chinese
85,3.6,129,Seafood
4965,3.8,46,South Indian
393,3.8,153,North Indian
4615,3.7,30,North Indian
46316,3.6,74,Chinese
497,,0,North Indian
10972,3.5,16,South Indian
454,3.8,64,Bakery
9224,,0,Chinese
41546,4.2,418,Asian
861,3.8,71,Chinese
8671,3.1,28,Street Food
42163,3.1,116,Street Food
6982,2.7,67,Street Food
2492,3.9,170,South Indian
473,3.4,19,South Indian
8063,3.8,63,Italian
2875,3.7,37,Continental
8882,4.0,60,Fast Food
7531,3.9,30,North Indian
5232,3.7,217,South Indian
13453,3.8,89,North Indian
5764,3.1,6,Biryani
9050,,0,Biryani
16135,3.4,13,Kerala
22479,,0,Kerala
20900,3.1,11,Bengali
1756,3.9,179,Fast Food
46350,3.3,7,Rolls
509,3.6,19,Juices
6547,,0,North Indian
15635,,0,Chinese
29432,,0,North Indian
9831,3.4,8,Bengali
3831,3.9,126,North Indian
2879,3.9,99,North Indian
76,3.7,28,South Indian
7027,,0,Fast Food
491,3.9,543,Fast Food
42302,,0,North Indian
6734,3.6,60,South Indian
286,2.6,72,North Indian
1121,3.6,31,North Indian
1150,3.9,193,North Indian
46630,2.8,28,North Indian
40276,3.0,241,South Indian
12053,4.1,121,Chinese
6972,3.2,4,Chinese
6051,,0,Nepalese
7879,3.5,12,Bihari
6921,3.4,15,Andhra
544,,0,South Indian
2273,3.1,18,Chinese
9976,4.0,137,North Indian
1536,3.7,214,North Indian
22065,3.7,50,North Indian
4481,3.9,51,Beverages
19314,,0,Fast Food
22728,3.9,93,Kerala
3226,,0,Mithai
39874,3.9,51,Street Food
8296,4.2,115,Street Food
46466,3.5,14,Street Food
9895,3.9,100,Street Food
4905,4.0,182,Street Food
51538,3.7,70,Street Food
3716,4.0,152,Street Food
46373,4.0,132,Street Food
35365,3.8,49,Street Food
3200,3.9,58,Street Food
41995,3.9,63,Street Food
477,3.6,16,Street Food
47474,4.1,102,Street Food
780,4.0,115,Street Food
10392,3.9,148,Street Food
24085,4.0,154,Street Food
17284,4.2,218,Street Food
15303,3.9,123,Street Food
30236,3.9,68,Street Food
41527,3.8,113,Street Food
23474,3.8,92,Street Food
2103,3.8,151,Street Food
46121,4.0,159,Street Food
22258,3.4,4,Street Food
7921,3.5,13,Street Food
48887,3.7,18,Street Food
6061,3.6,20,Street Food
44056,3.4,28,Street Food
42714,3.8,46,Street Food
17544,3.1,63,Street Food
4477,4.4,889,Mangalorean
6589,3.3,334,North Indian
24113,,0,Fast Food
40700,4.1,42,Desserts
5834,,0,Desserts
4517,3.7,16,Desserts
3576,3.3,5,Desserts
4425,3.9,163,Biryani
11496,4.1,1555,North Indian
3124,4.4,2867,North Indian
41689,3.6,23,Chinese
1204,3.5,90,Biryani
2748,3.4,10,Chinese
1316,3.1,30,Mangalorean
4660,3.7,26,Seafood
7428,,0,Seafood
10053,3.7,28,Chinese
41595,4.0,172,Seafood
1205,3.7,51,Mangalorean
15087,,0,South Indian
2845,,0,North Indian
13914,4.5,674,Konkan
3391,3.6,32,Mughlai
41723,3.9,363,Italian
5518,4.1,988,Continental
40848,3.9,268,Asian
17914,3.2,8,Chinese
122,4.4,181,Tea
6475,3.4,10,Biryani
23670,,0,Chinese
41657,,0,Kebab
42423,3.3,4,Kebab
49128,3.2,5,Chinese
22130,3.4,6,North Indian
21738,3.5,22,Street Food
40712,3.8,72,Street Food
4351,4.1,110,Street Food
16421,,0,Continental
27095,,0,Chinese
1985,2.8,44,North Indian
2059,,0,Biryani
1164,3.3,4,South Indian
5414,4.0,32,South Indian
614,,0,Fast Food
48119,4.0,617,South Indian
3434,3.9,284,South Indian
48745,3.4,10,South Indian
16703,3.9,69,South Indian
3347,4.0,42,Street Food
15623,2.9,10,North Indian
5216,3.8,138,Ice Cream
13879,4.4,858,Japanese
37104,4.4,885,Japanese
39946,3.4,38,Chinese
5113,3.9,371,Street Food
48743,,0,Street Food
22291,3.2,29,Street Food
16813,3.0,18,Street Food
25214,2.9,56,Street Food
5874,3.5,20,Street Food
11559,2.9,46,Street Food
46414,3.0,32,Street Food
17972,2.9,52,Street Food
41619,3.0,36,Street Food
123,2.9,31,Street Food
1245,3.6,46,Street Food
8377,3.3,29,Street Food
6179,3.3,5,Street Food
29105,3.4,7,Rolls
14331,4.3,355,Mughlai
7210,4.0,138,Arabian
6969,,0,Street Food
867,4.3,630,Street Food
6600,3.9,202,North Indian
4997,3.3,11,Chinese
6459,3.6,31,North Indian
22135,3.3,6,Mangalorean
15180,4.0,102,South Indian
48538,3.2,46,Chinese
4654,3.5,10,Beverages
6533,,0,Kerala
44069,3.2,4,South Indian
42402,,0,South Indian
5623,,0,Chinese
2442,,0,South Indian
185,3.4,82,North Indian
5338,3.2,33,South Indian
308,3.2,8,Chinese
24071,2.9,40,Kerala
3673,3.7,123,Biryani
3654,3.5,137,Seafood
9044,3.9,302,South Indian
41573,3.5,11,Kerala
77,3.4,66,Biryani
2111,3.9,34,Rajasthani
36689,,0,Rajasthani
7799,3.6,48,Chinese
8340,4.0,213,South Indian
22726,3.9,47,South Indian
17665,4.1,1123,South Indian
22468,3.8,140,Continental
2383,3.5,15,Pizza
2151,3.2,6,Beverages
31259,3.4,10,Beverages
3762,3.3,4,Beverages
37190,,0,Beverages
28173,,0,Beverages
11244,,0,Beverages
21304,3.1,16,Beverages
4362,,0,Beverages
24897,2.9,9,Beverages
42985,,0,Beverages
41675,3.2,4,Beverages
48387,3.3,9,Beverages
46184,,0,Beverages
5156,3.3,9,Beverages
19949,3.2,4,Beverages
1703,3.7,110,Sandwich
46251,3.3,4,Street Food
17385,3.9,89,Beverages
1671,3.7,54,Beverages
40038,2.9,79,Desserts
42003,3.7,104,Beverages
25303,3.9,45,Beverages
12906,3.0,14,Beverages
22264,3.7,34,Beverages
24391,4.0,169,Beverages
48654,3.7,39,Desserts
51559,3.9,106,Desserts
3570,3.9,54,Beverages
8299,3.8,26,Desserts
39102,3.9,129,Beverages
9702,4.0,568,Beverages
4176,3.6,18,Beverages
49465,3.6,12,Desserts
18720,3.6,63,Beverages
1423,3.9,210,Beverages
31058,3.2,6,Beverages
45990,3.9,17,Beverages
8840,3.6,11,Beverages
5206,3.8,29,Beverages
5908,3.7,103,Chinese
16767,2.8,161,Continental
906,3.8,115,Continental
2163,3.4,17,Kebab
717,3.8,505,Fast Food
32185,3.8,477,Fast Food
17756,3.3,358,Fast Food
6477,3.3,263,Fast Food
8612,3.8,369,Fast Food
9985,3.9,348,Fast Food
19051,3.1,668,Fast Food
23139,3.1,616,Fast Food
1682,3.5,154,Fast Food
20923,3.9,682,Fast Food
48203,3.8,373,Fast Food
1876,3.8,319,Fast Food
4588,3.9,437,Fast Food
18129,2.8,246,Fast Food
27898,3.7,205,Fast Food
13788,3.8,191,Fast Food
1913,3.6,621,Fast Food
3056,3.6,206,Fast Food
31729,3.9,654,Fast Food
39883,3.5,325,Fast Food
3855,3.2,380,Fast Food
22348,3.1,420,Fast Food
42900,3.9,536,Fast Food
14450,3.9,327,Fast Food
46042,3.9,581,Fast Food
6851,3.6,20,Fast Food
41101,3.9,167,Fast Food
42152,4.0,192,Fast Food
5787,,0,Fast Food
4529,,0,Chinese
5572,,0,Kebab
5598,3.1,16,Biryani
15437,3.4,25,Rolls
18657,3.8,303,Rolls
13481,3.8,62,Rolls
24769,3.1,34,Rolls
4975,3.2,135,Fast Food
3091,3.9,134,Rolls
42225,2.6,24,Rolls
2941,4.0,1074,Rolls
15915,3.9,185,Rolls
23235,,0,Kebab
5786,3.0,11,North Indian
41055,,0,North Indian
16127,,0,Rajasthani
7249,,0,Rajasthani
25991,3.5,19,South Indian
21982,,0,Malwani
1596,4.2,189,North Indian
7033,4.3,988,Tibetan
12202,4.1,356,Biryani
21762,,0,Street Food
27194,,0,Fast Food
401,3.6,46,South Indian
46055,4.0,154,Rolls
23240,,0,Kebab
14493,3.3,69,North Indian
9384,3.5,12,Chinese
42786,2.9,48,Oriya
11937,4.0,528,American
19732,3.8,207,Chinese
4314,3.6,32,Chinese
24011,3.7,306,Gujarati
22333,3.4,10,Chinese
16544,3.8,264,Momos
1330,3.5,11,North Indian
2413,3.7,570,Chinese
19554,3.1,11,Juices
32017,,0,North Indian
4434,3.8,63,Momos
21191,3.7,25,North Indian
1944,3.7,45,Chinese
16956,,0,Biryani
9235,,0,Biryani
20856,3.5,11,North Indian
22016,3.1,12,Mughlai
3370,,0,North Indian
17571,,0,North Indian
17055,,0,North Indian
32095,,0,North Indian
5225,3.3,7,North Indian
8658,,0,North Indian
4551,3.9,64,Greek
104,3.8,144,Cafe
46617,3.5,14,Street Food
16057,3.5,11,North Indian
51091,,0,Fast Food
228,3.6,244,Chinese
6986,,0,North Indian
24016,3.8,306,Fast Food
9974,4.1,569,Bengali
43012,3.8,210,North Indian
4398,4.3,787,Chinese
4446,4.0,48,Sushi
17513,3.6,18,Chinese
19230,,0,Bengali
29376,3.4,9,North Indian
5747,,0,Continental
1754,3.9,224,Kerala
20799,,0,Chinese
8657,3.1,247,Kerala
4170,3.9,488,Kerala
39838,3.9,125,North Indian
17018,3.4,215,Kerala
42249,4.1,179,Continental
3235,3.1,59,Chinese
3229,3.7,37,Chinese
35289,4.2,209,Asian
24765,3.5,15,South Indian
17259,2.4,25,European
3384,3.4,239,Chinese
7380,3.8,52,Finger Food
11220,4.1,1786,Continental
4594,4.1,1120,Continental
15458,4.1,1473,Continental
28394,4.0,398,Continental
46254,3.3,4,Momos
6590,4.0,193,Chinese
5846,,0,North Indian
9251,,0,North Indian
42677,3.9,412,Bengali
21215,3.5,14,Rolls
20507,3.6,37,Rolls
4780,3.5,11,Chinese
19055,,0,Rolls
6681,3.4,7,Rolls
24643,,0,Rolls
40987,3.5,7,Rolls
41923,,0,Street Food
25367,,0,Street Food
46151,3.8,79,Rolls
21945,3.1,4,Rolls
7065,3.6,18,Rolls
42883,,0,Rolls
20584,3.4,8,Rolls
43929,3.8,60,Rolls
4318,,0,Street Food
6233,3.1,25,Rolls
28610,3.8,53,Rolls
19537,3.4,8,Rolls
6658,3.6,36,Rolls
17116,,0,Rolls
1207,3.6,18,Rolls
24951,2.9,17,Rolls
1771,3.4,6,Rolls
1789,3.2,231,Fast Food
41237,,0,Rolls
46599,,0,Rolls
46318,3.0,14,Fast Food
1115,3.0,7,North Indian
658,3.3,6,Rolls
9124,3.5,142,Fast Food
50891,3.6,52,Fast Food
15365,3.5,22,Rolls
4383,3.7,23,North Indian
20886,3.2,15,Rolls
291,3.9,206,Mangalorean
47411,,0,South Indian
17068,,0,South Indian
9215,,0,South Indian
30468,,0,South Indian
6163,,0,South Indian
362,3.2,90,South Indian
5537,4.1,407,Chinese
8483,4.1,1022,Chinese
12243,3.9,155,Chinese
138,3.2,379,Mughlai
4001,3.8,571,Biryani
22107,,0,Pizza
41558,3.4,8,Juices
48659,,0,Fast Food
43521,,0,Ice Cream
5883,4.1,1697,Chinese
2614,4.6,4650,North Indian
2947,4.0,571,Seafood
13150,3.6,52,Fast Food
14017,3.9,2322,North Indian
1758,4.3,3605,Desserts
1558,3.1,9,Chinese
483,3.5,10,Biryani
18488,3.0,9,Mughlai
48549,,0,Beverages
1336,4.0,431,Continental
163,4.2,1901,Continental
4850,4.1,61,Ice Cream
19567,3.4,20,Desserts
406,,0,Bengali
19792,,0,Chinese
4207,4.0,396,North Indian
4504,4.0,117,North Indian
23678,,0,North Indian
1914,3.9,52,North Indian
2988,3.5,40,South Indian
5772,3.5,13,North Indian
40434,,0,Juices
5064,3.7,14,Beverages
22270,3.9,87,Beverages
14669,4.1,259,Beverages
8678,4.2,449,Beverages
3489,4.0,47,Beverages
11273,3.9,150,Beverages
38205,3.4,10,Beverages
1418,4.0,253,Beverages
41526,4.1,196,Beverages
39997,4.0,130,Beverages
6992,3.8,1159,Biryani
834,3.8,473,Biryani
40407,3.7,856,Biryani
4683,3.8,1972,Biryani
17939,2.9,595,Biryani
7738,2.6,330,Biryani
17533,3.5,5,European
13261,3.2,4,South Indian
1555,,0,Desserts
8837,3.6,289,Biryani
40240,3.0,52,Chinese
444,3.4,20,North Indian
18467,3.7,54,South Indian
29048,,0,Chinese
48396,3.4,10,Chinese
41850,3.8,280,Mangalorean
457,4.1,353,Andhra
41725,3.5,141,South Indian
30276,3.5,7,Beverages
7299,3.7,46,Desserts
543,,0,Desserts
8195,3.3,4,Desserts
8062,3.4,5,Desserts
8458,,0,Ice Cream
1594,3.9,16,Desserts
1146,3.9,331,Cafe
6979,3.5,9,Beverages
4535,3.8,1166,Seafood
5089,3.8,66,Fast Food
16885,4.0,869,Mughlai
14390,3.8,189,Biryani
2081,3.7,111,Biryani
46637,3.4,8,Chinese
8526,4.6,342,Fast Food
13226,,0,South Indian
48940,,0,Beverages
41801,3.0,99,Chinese
2525,3.6,140,South Indian
24083,3.9,247,North Indian
2697,2.8,261,Chinese
46315,3.6,17,South Indian
3625,3.7,91,Desserts
43446,2.9,17,Desserts
593,2.9,25,Desserts
39033,4.1,184,Cafe
3938,3.7,63,Chinese
7823,3.4,8,South Indian
19305,4.2,261,Chinese
46397,,0,Desserts
35217,3.7,18,Chinese
35191,4.1,309,Continental
882,3.6,571,Italian
4121,4.4,1381,Continental
7951,3.8,47,Burger
41690,3.8,87,Desserts
1562,,0,North Indian
29083,,0,Healthy Food
40554,3.6,17,Chinese
17005,3.2,5,Kashmiri
29229,3.1,6,Kashmiri
12428,,0,Kashmiri
42735,3.2,4,Kashmiri
41951,,0,Kashmiri
6255,,0,Kashmiri
46284,,0,Kashmiri
5435,,0,Kashmiri
21814,,0,Kashmiri
51436,,0,Kashmiri
25656,,0,Kashmiri
24098,,0,Kashmiri
40481,3.1,5,Kashmiri
42846,,0,Chinese
1620,4.1,497,Pizza
5465,3.6,151,Pizza
7792,3.3,7,Chinese
549,2.8,124,Street Food
2918,3.4,277,Street Food
15405,2.9,229,Street Food
4348,2.9,163,Street Food
21050,4.0,407,Street Food
5083,,0,Desserts
14002,3.7,17,Beverages
6003,,0,Beverages
22248,,0,Cafe
14021,2.9,539,Cafe
8762,4.0,1443,Cafe
16388,3.8,286,Cafe
47927,3.4,6,North Indian
7561,,0,Biryani
1589,2.9,83,South Indian
1706,3.0,22,North Indian
15735,,0,North Indian
6981,3.6,162,Chinese
1038,,0,Chinese
17738,3.6,0,Chinese
18874,2.9,14,Juices
20065,3.3,16,Juices
20752,4.0,65,Sandwich
42528,3.6,11,Fast Food
5663,3.6,23,Street Food
3432,3.4,16,Ice Cream
10520,3.8,41,Street Food
18365,3.7,141,Desserts
776,3.7,107,Ice Cream
3677,3.8,68,Juices
12439,,0,Desserts
22043,3.4,19,Sandwich
4136,3.4,15,Desserts
24686,2.9,28,Desserts
48339,3.5,18,Desserts
853,3.3,68,Sandwich
21444,3.7,28,Sandwich
7496,,0,Desserts
5085,3.2,9,Desserts
20862,3.5,154,Desserts
21404,3.6,23,Desserts
40015,3.3,16,Desserts
4911,,0,Ice Cream
4492,3.6,11,Juices
6221,,0,Ice Cream
5567,,0,Desserts
29444,,0,Desserts
43451,3.1,6,Burger
22183,,0,Desserts
22110,,0,Drinks Only
16442,3.5,12,Sandwich
3624,,0,Ice Cream
20804,3.5,12,Sandwich
21018,3.6,39,Juices
41945,,0,Juices
3918,,0,Beverages
42023,,0,Desserts
20798,3.7,152,Fast Food
4933,3.7,35,Ice Cream
18534,3.7,11,Ice Cream
46449,3.6,16,Ice Cream
6105,,0,Beverages
49508,3.3,10,Ice Cream
41481,3.9,81,Ice Cream
4723,3.9,38,Ice Cream
2522,3.9,38,Ice Cream
3836,3.8,83,Juices
48622,,0,Ice Cream
14575,3.9,32,Ice Cream
21984,3.5,7,Ice Cream
14871,4.0,213,Juices
46029,3.8,76,Juices
17,3.5,45,Ice Cream
25227,3.7,17,Ice Cream
726,3.9,169,Juices
7926,3.7,54,Ice Cream
4769,3.5,9,Juices
12924,3.7,17,Ice Cream
8697,4.1,216,Ice Cream
10423,3.7,21,Juices
6153,,0,Ice Cream
43431,3.8,20,Ice Cream
3921,3.9,152,Ice Cream
39971,3.9,73,Ice Cream
1739,3.4,12,Fast Food
6452,3.2,7,Ice Cream
88,3.4,7,Sandwich
41860,,0,Juices
5917,3.7,288,Chinese
5885,3.6,117,Chinese
182,3.0,17,Chinese
17302,2.8,43,Chinese
6299,,0,Kebab
42261,3.7,42,Chinese
40853,3.9,327,Continental
3545,4.3,397,Continental
13780,4.4,1095,Desserts
3249,3.8,10,Desserts
4947,3.2,908,Mughlai
10743,2.4,318,Mughlai
5282,2.7,52,Mughlai
41541,4.0,49,Chinese
10708,3.1,7,Mughlai
46233,,0,Chinese
5590,,0,North Indian
16419,3.4,11,Mughlai
4217,3.9,119,Chinese
42789,3.9,56,Chinese
39346,3.7,27,Fast Food
4527,3.8,41,Burger
9170,,0,Burger
13766,4.3,1235,Continental
20259,,0,Kebab
8937,,0,Cafe
41511,4.4,1016,Mughlai
3787,,0,Mughlai
14859,4.4,580,Sandwich
46950,4.4,593,Sandwich
12522,3.8,33,Desserts
37044,3.8,33,Desserts
36731,3.8,33,Desserts
18350,3.9,328,Lebanese
4532,4.0,162,BBQ
7911,3.5,53,Lebanese
20473,4.3,126,Italian
4550,4.4,536,Bakery
8454,4.3,687,Mediterranean
43647,3.9,92,Thai
4793,4.0,1207,Chinese
21953,3.9,52,Beverages
7829,3.2,4,Mughlai
23377,3.4,122,Kerala
39386,3.2,4,Tibetan
22132,3.8,104,South Indian
219,,0,North Indian
23058,,0,Continental
43655,3.1,12,Biryani
40209,4.0,39,Fast Food
41012,,0,Chinese
40034,,0,Fast Food
21015,,0,Fast Food
21913,,0,Italian
39950,3.9,38,Burger
12100,4.3,165,Turkish
14372,4.2,1327,Turkish
11280,4.3,1099,Arabian
22754,4.2,386,Fast Food
19148,4.2,315,Turkish
1644,4.1,417,Turkish
18487,4.0,652,Arabian
2853,4.3,285,Turkish
39044,4.0,334,Healthy Food
23988,3.7,215,North Indian
16381,3.4,15,Momos
7928,3.5,6,North Indian
23651,3.5,12,Fast Food
9116,,0,North Indian
40480,3.4,7,South Indian
4959,3.2,4,Mexican
15025,3.4,10,Chinese
37789,3.4,10,Chinese
3582,3.7,94,Beverages
23354,3.3,4,Thai
7965,,0,Beverages
16357,,0,Desserts
5369,,0,Beverages
13696,4.0,420,North Indian
6634,3.3,26,North Indian
46208,4.3,252,Mughlai
2809,,0,Finger Food
2339,3.3,5,South Indian
42966,3.8,76,Momos
14874,4.0,98,Continental
4894,3.8,202,Continental
5347,,0,Chinese
18479,3.9,195,Bihari
30307,4.2,106,North Indian
3564,4.2,465,Bihari
8932,3.6,7,Fast Food
1573,3.7,54,Beverages
8713,4.3,786,Healthy Food
3500,4.3,715,Pizza
13591,4.3,3275,Pizza
38976,4.3,354,Pizza
22475,4.2,405,Healthy Food
3383,3.6,82,Biryani
14897,3.9,97,North Indian
4172,4.0,235,North Indian
19883,3.1,46,Ice Cream
40055,3.8,133,Andhra
16572,3.9,346,North Indian
5602,3.6,32,North Indian
6944,3.3,4,North Indian
5106,3.8,20,Continental
16598,3.7,35,Mexican
40557,3.6,13,Chinese
763,3.7,177,American
24556,3.7,46,Continental
2669,2.9,45,Continental
8964,3.4,4,Biryani
12657,,0,Street Food
13541,4.3,3586,American
42980,3.2,61,Fast Food
15404,4.2,172,Modern Indian
1048,3.9,56,Chinese
11075,3.1,4,Fast Food
1270,4.7,1022,Desserts
40370,4.0,21,Continental
39797,4.0,22,Continental
46264,,0,Chinese
15065,3.3,13,Chinese
8135,,0,South Indian
12001,3.8,157,Italian
5254,3.5,356,Chinese
14113,3.9,1717,Pizza
375,2.9,84,Continental
4152,3.7,21,Chinese
2759,3.5,323,Chinese
48596,3.4,7,Chinese
40307,4.0,38,North Indian
6898,3.4,9,South Indian
7901,,0,Rajasthani
20308,3.9,144,Chinese
40241,3.6,84,Chinese
372,3.3,5,Fast Food
5858,3.6,19,Mithai
6736,,0,Fast Food
21976,,0,Bengali
12065,3.6,777,Thai
4319,3.5,18,Chinese
15023,3.7,11,Continental
38980,4.5,409,Continental
3428,,0,Desserts
16704,4.1,821,American
2150,,0,North Indian
17180,3.3,9,Mithai
8124,3.9,184,North Indian
23578,3.6,92,Mughlai
3019,2.7,67,Mughlai
6483,3.5,7,Mughlai
17802,3.2,789,Mughlai
15768,,0,Chinese
7639,3.1,10,Continental
9755,3.1,8,South Indian
1728,3.7,61,South Indian
48583,3.3,12,South Indian
40556,3.7,19,Mughlai
3293,3.6,21,Fast Food
7781,,0,Fast Food
41915,,0,Desserts
20861,3.7,945,Andhra
1062,3.8,49,North Indian
2407,3.0,50,Andhra
2154,,0,Chinese
1843,3.8,50,North Indian
1624,3.8,21,Chinese
833,3.6,17,Chinese
46312,3.1,33,Chinese
17298,2.8,50,Chinese
5626,3.9,34,Seafood
793,3.9,146,Momos
41334,3.3,6,Chinese
16751,3.4,9,North Indian
42720,,0,Biryani
25906,3.1,9,Biryani
4893,3.3,9,Biryani
4360,2.9,17,Biryani
41627,3.9,130,Desserts
6231,3.1,17,Desserts
4241,3.9,148,Desserts
2165,4.2,702,Desserts
21761,3.9,124,Desserts
43149,3.9,46,Desserts
19735,3.7,28,Desserts
17227,,0,Desserts
40019,4.2,372,Desserts
46090,3.4,43,Beverages
5280,3.8,35,Continental
42237,,0,Beverages
41533,3.2,71,Beverages
22460,3.9,89,Mughlai
4408,3.9,50,Mughlai
1851,3.9,236,Mughlai
18913,3.0,17,Chinese
43071,,0,Continental
42378,3.7,27,Chinese
333,3.4,13,North Indian
34565,,0,Chinese
28833,2.9,38,South Indian
677,,0,Chettinad
47666,3.4,17,Chinese
5570,,0,Chinese
23860,,0,Fast Food
19687,,0,Mughlai
40341,,0,Chinese
12493,,0,Kebab
954,3.6,98,Chinese
5502,3.3,21,North Indian
24186,,0,Chinese
1415,3.7,47,Desserts
648,4.0,135,Desserts
463,3.1,22,South Indian
3828,3.7,184,North Indian
5460,4.1,668,Thai
3943,3.9,218,North Indian
1585,3.3,4,North Indian
12276,3.1,7,Chinese
1960,2.9,127,North Indian
11688,4.1,860,Mangalorean
4043,4.3,996,North Indian
6865,,0,Fast Food
16701,4.7,1512,Momos
13590,4.4,1507,Momos
277,4.3,881,Momos
3498,4.5,1401,Momos
22407,4.5,1013,Momos
41679,3.9,291,North Indian
1346,4.0,1778,South Indian
41033,3.6,79,North Indian
4761,3.9,337,Chinese
42389,3.5,14,Chinese
4752,3.8,33,Salad
2474,4.1,1541,Seafood
17025,,0,South Indian
6678,3.3,4,Kerala
23243,,0,Fast Food
22093,3.4,7,Kerala
12838,,0,Kerala
5622,3.2,5,North Indian
19932,,0,Chinese
3826,3.6,45,Chinese
7930,3.4,39,North Indian
15968,,0,Chinese
1334,3.6,19,Fast Food
42734,3.0,8,North Indian
46658,,0,Arabian
5117,3.4,6,Arabian
5138,,0,Kerala
20433,3.8,170,North Indian
19826,,0,South Indian
15960,3.2,5,South Indian
48485,3.2,4,Chinese
6397,,0,Chinese
13046,3.8,40,Chinese
43576,4.3,53,Fast Food
9993,4.3,422,Cafe
35737,3.9,111,Cafe
7730,,0,Desserts
9865,4.4,2560,Thai
2259,2.7,74,Hyderabadi
8595,2.7,74,Hyderabadi
2643,3.9,62,Continental
1021,3.6,70,South Indian
1061,3.2,7,Juices
22495,4.1,201,South Indian
7515,,0,North Indian
40379,4.0,485,Gujarati
4118,3.8,157,Asian
2596,3.8,22,Fast Food
51664,3.5,115,South Indian
3922,3.8,281,South Indian
846,4.3,141,South Indian
39407,,0,Chinese
4169,3.8,27,Chinese
2887,3.6,96,Chinese
3542,,0,Fast Food
48187,3.8,42,Arabian
23116,3.1,33,Seafood
41817,3.7,26,Mughlai
10528,3.6,42,South Indian
19639,3.4,8,South Indian
915,3.8,242,Seafood
4053,4.3,1380,Seafood
10622,4.3,94,Seafood
3834,3.9,49,Continental
4220,3.8,112,North Indian
6055,4.1,1320,Chinese
14960,,0,Finger Food
3846,4.0,894,Kebab
3910,3.9,374,Kebab
3403,4.0,176,Kebab
4657,4.2,373,Kebab
14742,4.0,682,Kebab
22613,3.5,119,Kebab
18456,3.9,279,Kebab
11656,3.9,778,Kebab
39954,4.0,438,Andhra
2843,3.5,10,North Indian
41959,,0,South Indian
8747,3.5,10,Chinese
13197,,0,Biryani
10673,3.2,6,Fast Food
4130,3.8,29,Italian
5994,3.0,7,Mediterranean
7349,4.0,107,North Indian
5204,3.3,6,Biryani
2977,4.4,691,Mangalorean
9960,3.5,12,Seafood
3520,3.9,261,Fast Food
8742,3.5,25,Mediterranean
42202,2.7,72,Lebanese
24476,3.6,42,Mediterranean
17820,3.9,666,North Indian
5018,3.9,391,Chinese
16724,4.0,288,Asian
8624,3.7,36,Fast Food
1272,4.5,546,Continental
952,3.9,94,European
1745,3.8,76,Momos
28911,3.7,107,Chinese
29143,3.6,30,Pizza
6804,3.3,6,Tea
6952,,0,Seafood
5931,,0,Kerala
11608,,0,Street Food
167,3.0,8,Chinese
4298,3.5,551,Chinese
3923,3.1,26,North Indian
24277,3.8,128,North Indian
20256,3.3,17,South Indian
2776,4.2,432,Mediterranean
23671,,0,Fast Food
18737,4.1,191,Fast Food
19897,3.7,56,North Indian
19674,4.4,309,South Indian
12136,3.6,79,Biryani
8487,3.6,14,Fast Food
43648,3.5,254,North Indian
5366,3.2,4,North Indian
42739,3.5,17,Biryani
1452,2.6,231,Chinese
20591,3.3,7,Bakery
52,3.9,55,Thai
42745,,0,Street Food
667,,0,Arabian
15283,3.2,57,Mangalorean
4604,4.2,340,Continental
4165,3.6,25,Biryani
5157,3.7,181,North Indian
43371,3.9,391,Chinese
22752,4.1,327,North Indian
1427,3.6,84,North Indian
1129,3.7,31,North Indian
42137,4.3,354,Beverages
29182,3.6,12,North Indian
16902,,0,Fast Food
1406,4.1,323,American
347,,0,Chinese
22085,3.8,44,Continental
9577,3.6,18,North Indian
3849,3.7,20,South Indian
48665,,0,Chinese
48427,3.7,103,Continental
22427,3.9,91,South Indian
31973,3.5,20,North Indian
32127,,0,South Indian
22373,3.6,194,North Indian
83,3.2,11,North Indian
46325,2.5,79,North Indian
636,4.0,104,Chinese
7645,,0,Biryani
40544,,0,North Indian
40620,,0,Chinese
42802,,0,Chinese
3861,,0,South Indian
249,,0,North Indian
22136,3.2,10,Chinese
1845,3.5,24,North Indian
41075,3.9,116,Fast Food
1967,3.8,509,Fast Food
12186,3.8,295,Fast Food
19052,3.9,115,Fast Food
6797,2.7,92,Fast Food
1892,3.6,276,Fast Food
213,3.9,286,Fast Food
21419,3.3,5,Fast Food
4218,3.7,184,Fast Food
23245,2.9,215,Fast Food
28339,4.0,91,Fast Food
4507,3.2,258,Fast Food
5317,4.0,256,Fast Food
17861,3.7,181,Burger
17413,3.0,394,Fast Food
26252,3.8,184,Fast Food
15028,3.9,388,Fast Food
31722,3.9,357,Burger
14477,3.8,106,Fast Food
41629,3.9,281,Burger
42165,4.0,151,Burger
48293,2.9,136,Fast Food
42758,3.3,8,Burger
10284,3.6,59,Fast Food
47093,3.0,167,Fast Food
1705,3.7,123,Fast Food
6555,3.4,30,Pizza
16854,3.3,4,Desserts
447,,0,Desserts
8071,,0,Desserts
21313,,0,Desserts
17614,,0,Desserts
30300,3.3,5,Desserts
42669,3.5,18,Desserts
3808,3.1,8,Desserts
13372,,0,Desserts
5262,,0,Desserts
8910,3.2,4,Desserts
711,,0,Desserts
3984,,0,Wraps
4805,3.6,19,South Indian
5056,3.4,10,Chinese
17432,3.8,9,Biryani
4834,4.0,205,Biryani
3932,3.9,432,Biryani
4103,4.2,701,Biryani
4847,2.8,39,Burger
21354,3.4,19,Burger
5867,3.7,79,Burger
1830,3.3,6,Burger
10432,3.5,59,Burger
3073,3.6,90,Burger
16298,3.1,73,Burger
3099,3.5,12,Burger
5533,3.3,33,Burger
1880,3.1,10,Burger
12969,3.0,52,Burger
47265,3.2,14,Burger
43082,,0,Burger
10572,3.1,15,Burger
41103,3.4,28,Burger
40089,3.4,28,Burger
3162,3.1,4,Burger
688,3.4,5,Burger
47665,3.6,97,Burger
21910,3.7,17,Fast Food
4669,3.6,91,Chinese
3891,3.9,214,Chinese
21234,3.5,10,North Indian
5027,3.2,23,Mangalorean
4662,4.2,293,Mangalorean
9992,3.8,258,Biryani
856,3.6,54,Chinese
24945,3.9,375,Biryani
3486,4.4,7210,Seafood
425,4.4,4401,North Indian
2955,4.2,1751,Chinese
14059,4.3,2177,Andhra
3681,4.2,3334,Seafood
20380,3.5,131,Andhra
9216,,0,Chinese
14962,,0,Chinese
980,3.2,426,Chinese
42490,4.5,785,Continental
6021,4.0,115,Steak
3839,4.0,347,Chinese
4153,,0,Desserts
4627,3.6,11,Bakery
42723,3.4,34,Desserts
623,,0,Fast Food
18566,,0,Desserts
41963,3.3,10,Bakery
14084,4.0,134,Desserts
14407,4.3,449,Momos
8917,3.3,6,Desserts
941,,0,South Indian
1012,3.2,9,Italian
1015,3.5,49,Pizza
2805,3.8,70,Beverages
41502,3.9,133,Desserts
12834,,0,Kebab
755,,0,Chinese
40311,3.5,38,Chinese
46218,4.0,160,Fast Food
41979,3.3,9,Burger
99,,0,North Indian
1698,3.8,21,Asian
5635,3.7,127,Italian
4734,3.6,455,Chinese
17990,3.2,19,Fast Food
4070,3.0,114,Chinese
7153,2.8,26,Chinese
42578,2.6,492,Chinese
22017,2.7,37,Chinese
17117,,0,South Indian
46276,3.2,6,South Indian
5068,2.1,254,Mughlai
7173,3.2,11,Mughlai
46323,3.0,10,Mughlai
8134,,0,Fast Food
8121,4.1,723,Italian
4167,4.1,601,Italian
16977,3.8,599,Italian
28599,3.7,99,Pizza
5222,3.4,55,Fast Food
7188,,0,Fast Food
14887,4.1,259,Chinese
7082,4.1,80,Chinese
17776,4.9,2090,Desserts
1331,4.5,197,Desserts
20970,,0,Ice Cream
5504,4.4,2266,Continental
388,3.9,18,Healthy Food
5150,2.8,27,North Indian
5213,3.1,11,Chinese
8194,3.3,6,Desserts
19631,,0,Fast Food
11620,3.9,66,Desserts
27500,4.2,468,Asian
410,4.0,232,Chinese
8539,2.8,253,Chinese
38973,3.8,571,North Indian
5554,3.0,12,Chinese
39586,3.0,12,Chinese
42847,,0,Chinese
5193,,0,Fast Food
2569,3.7,94,Biryani
18924,2.7,12,Biryani
4796,3.1,9,Biryani
10665,,0,North Indian
919,3.8,26,Chinese
5093,3.9,1240,Continental
13369,3.3,4,Bakery
881,3.9,56,Mithai
279,3.2,10,Momos
6118,3.2,12,Momos
6900,,0,Mithai
47803,4.4,266,Japanese
3876,4.6,1219,Japanese
19952,3.0,56,North Indian
824,3.8,115,Pizza
41588,,0,Pizza
48301,,0,Pizza
22046,,0,Pizza
403,,0,Fast Food
12535,3.8,27,Chinese
6759,3.4,6,North Indian
3223,,0,Fast Food
4294,3.9,914,Chinese
2830,3.1,18,Chinese
7519,4.0,335,BBQ
22015,3.0,49,North Indian
601,,0,North Indian
4941,3.6,42,North Indian
5210,3.4,11,Kerala
20384,,0,Chinese
41856,3.5,14,Biryani
90,3.4,7,South Indian
22368,3.4,10,Desserts
2890,,0,Momos
3436,4.2,271,North Indian
17286,3.8,22,Momos
6121,4.0,684,Tibetan
5453,4.3,539,Tibetan
5890,3.4,6,Tibetan
4808,3.8,87,Momos
6455,3.8,30,Momos
5913,,0,Fast Food
18875,3.9,26,Fast Food
14596,3.8,221,Momos
4095,3.4,68,Momos
20225,3.2,84,Momos
41760,4.0,124,Street Food
25149,,0,Chinese
3770,,0,Chinese
10264,,0,American
3447,,0,Chinese
47018,,0,Chinese
3914,,0,American
32662,,0,Chinese
599,,0,Chinese
48754,,0,Fast Food
8173,3.1,15,Rolls
3238,3.9,186,Momos
4215,4.0,939,Momos
1688,3.9,625,Momos
21943,,0,Fast Food
7747,,0,Chinese
8407,3.6,10,Chinese
13843,4.5,197,Beverages
6435,3.8,30,Mongolian
14937,4.3,3848,Asian
8525,4.2,271,North Indian
5202,3.4,7,Thai
3509,3.8,35,Bakery
15454,4.1,146,Biryani
4250,3.6,218,Chinese
21367,,0,North Indian
40638,,0,Biryani
17125,3.9,123,Chinese
11427,,0,Chinese
19388,,0,Chinese
40923,2.9,225,North Indian
6450,2.6,74,North Indian
19477,2.8,1870,North Indian
3751,2.9,666,North Indian
964,3.1,1365,Seafood
196,,0,Biryani
15082,3.8,55,Fast Food
8952,3.6,10,Ice Cream
20756,3.9,62,Chinese
4828,3.8,171,Chinese
5211,3.1,11,North Indian
41269,,0,North Indian
41130,3.7,64,Kerala
4373,4.0,547,Mughlai
14385,4.1,551,Kerala
2803,4.2,382,Italian
44241,4.2,383,Italian
35483,4.2,382,Italian
17911,3.7,27,Oriya
17575,,0,Biryani
11703,,0,Fast Food
4498,3.3,4,Street Food
5907,3.9,186,Nepalese
48281,3.7,60,Steak
13702,3.9,36,Italian
6990,,0,Kerala
21817,,0,Fast Food
21121,3.6,198,Momos
17570,,0,North Indian
26516,,0,Kebab
1297,4.2,2709,Continental
46310,3.2,119,Chinese
571,3.3,7,Street Food
3007,2.8,75,Street Food
5662,3.2,34,Street Food
2094,3.6,241,Chinese
40488,,0,Juices
1051,3.4,21,North Indian
6621,3.4,9,Biryani
1086,4.5,1874,Continental
2740,4.2,740,Continental
4004,3.9,727,Continental
1447,3.9,247,Continental
22243,4.6,274,Bakery
20487,3.3,218,Mughlai
4530,3.6,109,North Indian
9520,4.0,434,Chinese
9923,,0,North Indian
5576,3.2,17,North Indian
46004,4.0,117,Biryani
4520,3.5,269,North Indian
976,,0,North Indian
16804,4.0,130,Burger
17348,3.7,133,Continental
7150,3.0,9,Desserts
23487,3.8,72,Desserts
7705,3.7,44,Desserts
5792,,0,Chinese
22014,,0,South Indian
20237,3.5,118,South Indian
43209,3.5,118,South Indian
1292,3.6,23,Desserts
39006,4.2,504,North Indian
687,3.7,61,Desserts
5993,,0,Ice Cream
7273,,0,Ice Cream
41949,,0,Street Food
41706,3.7,100,Chinese
4568,2.9,89,Street Food
39100,3.7,418,Fast Food
17224,3.7,16,Biryani
46275,,0,Fast Food
5088,3.9,65,Bakery
6202,,0,South Indian
3682,3.9,1233,Chinese
9120,3.7,79,Chinese
19722,4.3,2031,North Indian
42873,,0,Burger
4869,3.0,47,Chinese
2167,4.1,888,Continental
4395,3.6,163,Chinese
8786,3.9,338,Chinese
337,3.8,57,Chinese
1685,4.2,465,South Indian
1905,3.6,16,Chinese
16332,,0,Chinese
21820,3.0,14,Asian
6419,3.4,5,Burger
23455,3.7,32,North Indian
45945,4.2,426,Asian
130,3.6,62,Fast Food
2487,,0,Asian
100,,0,Desserts
49846,,0,Desserts
1577,3.7,73,Fast Food
13964,4.1,339,North Indian
3102,3.6,59,Healthy Food
24269,3.7,18,South Indian
7831,3.8,14,Kerala
42320,3.9,70,Fast Food
948,4.1,337,Fast Food
1765,4.1,301,Coffee
11203,4.4,1213,North Indian
1846,3.3,8,South Indian
7493,3.1,4,Biryani
42867,,0,North Indian
2317,,0,South Indian
1042,3.9,484,South Indian
2837,3.1,10,Biryani
41561,2.7,25,South Indian
2913,3.7,35,Chinese
24339,2.9,7,Kebab
6946,3.3,4,Biryani
9015,2.7,16,Andhra
41146,3.7,36,Hyderabadi
6988,4.3,2296,North Indian
5904,4.2,1278,Biryani
14935,4.2,1926,Biryani
11987,4.3,1773,Biryani
43503,4.2,970,Biryani
860,4.0,920,Biryani
4426,2.9,7,Hyderabadi
2460,,0,Hyderabadi
18610,3.0,9,Hyderabadi
18513,3.5,94,South Indian
40017,2.9,9,Hyderabadi
41866,3.3,34,South Indian
12032,2.9,46,North Indian
4945,3.5,13,Biryani
2889,2.7,26,Chinese
23271,3.3,8,Chinese
42570,2.4,135,Chinese
18777,3.9,79,Andhra
43511,4.5,443,Chinese
41123,2.7,33,Chettinad
22033,3.1,5,Chinese
80,3.8,155,Chinese
41677,3.7,18,Continental
3593,,0,Beverages
6064,2.6,75,South Indian
48540,3.7,30,Chinese
7487,3.8,172,South Indian
16164,3.9,82,Fast Food
16780,3.3,6,North Indian
317,,0,South Indian
10263,4.0,94,Kebab
3276,3.7,14,Chinese
1603,3.6,24,Chinese
419,3.9,200,North Indian
42155,4.2,62,Mangalorean
5962,,0,Chinese
7417,3.1,7,South Indian
4475,3.4,51,Fast Food
2276,3.6,68,Biryani
1737,3.5,155,Fast Food
14607,,0,Biryani
41538,3.6,41,North Indian
7860,3.3,213,Chinese
4419,2.9,361,Chinese
19577,3.6,195,North Indian
5345,3.4,7,Chinese
2696,3.6,18,Chinese
1731,3.3,4,Chinese
21166,3.8,50,South Indian
18016,,0,Desserts
48628,,0,Desserts
46380,,0,Desserts
22313,,0,Desserts
7938,,0,Desserts
8949,,0,Desserts
43519,,0,Desserts
48417,4.0,930,Biryani
42648,4.2,1459,Biryani
15610,4.3,1079,Biryani
46169,4.2,1282,Biryani
15181,4.2,902,Biryani
7528,4.1,770,Biryani
6356,4.1,1000,Biryani
21955,4.1,737,Biryani
1721,3.7,7,Kerala
1607,3.0,175,North Indian
3287,3.4,9,Rolls
2960,3.4,13,Biryani
23408,3.8,109,Chinese
1664,3.6,160,Chinese
5689,2.9,108,North Indian
8989,3.6,95,North Indian
12027,3.6,277,Chinese
18367,3.6,535,Seafood
17501,3.5,28,Chinese
18330,2.8,55,Chinese
1968,,0,Rolls
42351,3.3,4,South Indian
9318,4.3,1217,African
41534,4.1,308,Wraps
9786,3.4,8,Chinese
10536,,0,Arabian
4257,4.1,1056,Mexican
1463,3.1,8,South Indian
6542,,0,North Indian
5079,3.9,204,North Indian
20618,3.4,83,Fast Food
40023,4.4,907,Thai
4700,4.4,2386,Thai
1351,,0,Chinese
7756,,0,North Indian
15679,3.2,4,South Indian
4196,3.5,11,North Indian
42311,,0,Mughlai
28876,4.5,941,Beverages
12350,4.2,221,Desserts
6409,4.3,423,Desserts
41755,4.3,188,Beverages
22247,4.3,259,Beverages
48640,4.2,148,Beverages
46210,4.3,273,Beverages
6036,4.3,384,Desserts
4843,4.1,119,Desserts
1347,4.4,366,Desserts
17783,4.6,922,Desserts
46014,3.1,22,Street Food
39024,3.9,32,Italian
12268,3.7,38,Healthy Food
17155,,0,Mangalorean
8009,,0,Chinese
7803,,0,Chinese
41962,,0,Chinese
20778,,0,Chinese
46062,4.0,21,Mughlai
48218,4.0,31,Mughlai
4703,3.5,79,North Indian
23400,,0,North Indian
29383,3.3,4,Chinese
3781,3.6,114,Chinese
10642,,0,North Indian
9925,,0,Chinese
41823,3.7,349,Mughlai
42843,,0,Desserts
7556,3.5,12,South Indian
3915,3.4,7,Fast Food
3920,2.9,45,Andhra
1975,2.5,47,Biryani
8561,2.9,46,Andhra
22660,2.5,47,Biryani
892,,0,Mughlai
3006,3.2,30,Biryani
5544,,0,Biryani
529,3.1,6,Biryani
5251,,0,Chinese
5652,3.4,5,Rolls
23575,,0,Rolls
21767,,0,Biryani
523,3.4,23,Hyderabadi
316,,0,Chinese
17594,,0,Chinese
18093,,0,Chinese
140,3.5,19,Mughlai
41371,3.2,5,Chinese
5608,4.0,119,Chinese
6886,3.1,14,Chinese
41852,3.3,6,Chinese
2159,,0,Fast Food
51336,3.3,4,Nepalese
6054,3.6,39,Mangalorean
20245,3.5,8,North Indian
49058,2.9,11,Chinese
5351,3.8,21,North Indian
8708,3.3,7,South Indian
6491,,0,South Indian
10350,3.3,5,South Indian
125,3.5,16,Andhra
4620,3.7,31,South Indian
41531,2.7,61,Chinese
361,,0,Chinese
46586,,0,North Indian
18223,,0,Asian
1862,3.6,34,Chinese
39057,4.1,253,Chinese
3143,3.5,24,North Indian
18090,,0,Kebab
9902,3.2,7,Kebab
46336,,0,Biryani
42230,,0,Kebab
40440,3.1,71,North Indian
958,3.8,523,Biryani
5160,3.6,11,Chinese
12352,3.1,23,Beverages
329,3.5,12,North Indian
3373,3.6,68,South Indian
1860,3.7,128,Chinese
1001,,0,Biryani
4160,3.5,23,Beverages
10325,3.7,86,Thai
5354,,0,Chinese
6089,3.6,34,Pizza
41886,3.9,39,Chinese
19478,3.7,114,Chinese
1101,3.2,154,Chinese
4929,3.8,273,Continental
9307,,0,South Indian
41521,3.7,229,Chinese
3733,3.9,368,Biryani
4902,3.7,43,Biryani
3326,,0,Biryani
6029,3.1,11,South Indian
66,3.6,42,North Indian
6710,4.0,108,Chinese
22106,,0,Chinese
1950,3.1,8,Andhra
10,,0,Hyderabadi
2713,3.7,39,Chinese
624,,0,Beverages
40759,,0,Desserts
43892,,0,Fast Food
3991,3.7,135,Chinese
6406,,0,North Indian
4437,3.7,83,Fast Food
11026,3.4,13,Fast Food
8579,3.5,54,Chinese
10279,3.5,39,Fast Food
26000,2.9,51,Chinese
4742,3.6,102,Chinese
49165,,0,Biryani
22633,3.4,23,Chinese
7452,3.3,18,Chinese
41844,3.8,46,Chinese
3145,3.7,93,South Indian
41710,3.3,5,Seafood
47427,3.0,106,Chinese
40414,,0,Rolls
42146,4.2,600,North Indian
14352,3.3,26,North Indian
23034,4.0,51,Chinese
2184,,0,South Indian
4572,3.2,4,Chinese
10063,3.4,5,Biryani
42752,3.4,7,Biryani
1802,3.3,48,Chinese
574,3.3,7,South Indian
4107,3.7,36,Chinese
38597,3.2,4,North Indian
3462,3.3,6,Chinese
7590,,0,Chinese
9438,,0,Chinese
3794,4.1,382,Malaysian
43072,,0,Chinese
11809,3.7,50,Biryani
1752,2.9,34,Biryani
41846,3.1,10,Biryani
173,3.6,143,Biryani
48446,3.2,123,Biryani
41,3.9,388,North Indian
46072,3.1,40,Biryani
41805,3.3,4,Biryani
5914,3.1,64,Biryani
9826,3.1,53,Biryani
5536,3.8,29,Biryani
46290,,0,Biryani
36679,,0,Biryani
2135,,0,Chinese
3657,3.9,782,Chinese
1135,3.7,70,Chinese
20821,4.0,960,Chinese
9,3.7,178,Chinese
16300,3.7,123,Chinese
14409,3.2,393,Chinese
41745,3.4,221,North Indian
46044,3.1,151,Chinese
18792,3.0,177,Biryani
24963,2.9,112,Chinese
17036,3.3,7,Rolls
17427,3.4,13,Kerala
40190,,0,Chinese
733,,0,Chinese
5269,2.8,102,Chinese
673,,0,North Indian
2965,3.6,71,South Indian
42366,3.6,68,North Indian
42390,3.6,21,North Indian
41692,3.4,13,North Indian
23451,3.5,50,Chettinad
42265,4.1,62,South Indian
48346,3.3,4,North Indian
41199,,0,Biryani
5081,,0,North Indian
38656,3.1,11,Chinese
23401,,0,South Indian
17500,2.8,118,South Indian
2077,2.7,51,North Indian
18838,2.8,211,North Indian
25163,3.0,38,North Indian
41936,2.7,39,North Indian
42138,2.8,81,North Indian
41814,3.5,100,North Indian
20880,3.8,15,North Indian
46083,3.2,158,North Indian
48457,3.5,10,Fast Food
10912,,0,Mangalorean
41893,3.3,6,Seafood
3832,3.7,20,North Indian
1007,,0,South Indian
15661,2.7,39,Chinese
40384,,0,North Indian
8462,3.2,5,Street Food
8357,3.5,7,Fast Food
46492,,0,North Indian
2902,3.3,111,Chinese
5209,3.5,17,South Indian
40530,3.1,6,Chinese
6518,,0,Fast Food
47008,3.5,293,Chinese
43256,3.1,4,Chinese
830,2.4,56,Chinese
6940,3.3,9,Chinese
3228,3.8,376,Chinese
40642,,0,North Indian
19458,3.9,84,North Indian
145,3.7,70,North Indian
6234,,0,Chinese
18183,3.4,9,Desserts
20529,3.6,14,North Indian
48808,3.3,8,North Indian
32401,,0,North Indian
5439,3.5,47,North Indian
2194,3.6,36,North Indian
23209,,0,South Indian
21840,,0,South Indian
49067,3.2,5,North Indian
1649,3.8,70,North Indian
23511,3.0,11,North Indian
23665,3.6,77,North Indian
20918,,0,North Indian
3410,3.5,23,North Indian
41280,3.6,18,North Indian
206,3.8,39,North Indian
12312,,0,North Indian
22807,3.6,84,North Indian
29079,3.5,8,Fast Food
3411,3.4,19,Chinese
59,3.3,6,Chinese
40377,3.7,39,Italian
6405,3.1,53,North Indian
3626,3.2,20,North Indian
19957,3.2,8,Fast Food
6292,3.0,44,Chinese
14763,2.9,21,Rolls
5233,2.9,142,Chinese
25201,2.9,619,Chinese
17043,2.8,295,Chinese
8157,3.2,22,North Indian
9097,,0,North Indian
6469,,0,Fast Food
5589,,0,Fast Food
11428,3.8,196,Chinese
7174,2.9,39,North Indian
17592,3.5,12,North Indian
42708,3.4,131,North Indian
40548,,0,North Indian
387,3.1,223,Chinese
6798,2.6,54,Chinese
29122,3.7,126,Biryani
23962,3.2,17,Chinese
7864,3.8,38,Beverages
21149,,0,North Indian
41715,3.1,43,North Indian
13341,3.6,16,South Indian
6978,2.6,33,Fast Food
4436,3.7,37,Chinese
3731,,0,South Indian
7495,3.5,10,Biryani
19331,,0,North Indian
18125,,0,Chinese
19586,,0,Chinese
48219,3.6,110,North Indian
15194,4.0,89,Chinese
1665,3.4,51,Chinese
40315,3.4,6,Chinese
38697,3.3,6,Chinese
40114,3.9,36,Momos
191,,0,South Indian
17089,3.5,6,Chinese
6432,3.9,162,Chinese
5484,4.0,353,Chinese
28221,4.0,1113,Chinese
21363,2.6,119,Chinese
8546,3.0,31,Chinese
218,,0,North Indian
15599,3.7,110,North Indian
17391,,0,Biryani
18334,3.9,756,Biryani
1319,3.6,9,Chinese
14901,,0,Seafood
3389,3.8,194,Kerala
41712,3.2,7,Fast Food
848,3.5,44,Bengali
4281,4.0,2112,Continental
41905,3.7,168,North Indian
21631,,0,North Indian
7961,,0,South Indian
40322,4.0,1070,Momos
4014,4.3,336,Indonesian
23472,3.8,98,Momos
3451,4.3,403,Continental
41387,4.2,411,Continental
3607,,0,North Indian
7646,3.7,34,Bengali
25098,4.0,202,Biryani
36461,,0,Chinese
19663,,0,Rajasthani
9926,,0,Rajasthani
3942,3.0,6,North Indian
5680,,0,South Indian
1045,3.1,5,Chinese
4631,3.6,17,North Indian
4831,,0,Chinese
18301,2.9,115,Chinese
42743,,0,North Indian
10011,4.1,671,Pizza
5753,3.2,51,Chinese
6743,,0,North Indian
5300,4.1,162,Street Food
7091,,0,Chinese
41928,3.9,83,Chinese
4768,4.1,297,Seafood
7457,3.6,14,South Indian
43177,3.8,170,Chinese
21175,4.1,120,Ice Cream
1647,4.0,220,North Indian
7422,,0,Chinese
1067,3.7,202,Continental
7151,3.4,11,Fast Food
9316,,0,Juices
1364,,0,North Indian
4617,2.9,4,Fast Food
41129,4.2,52,Healthy Food
3634,4.4,278,Healthy Food
318,,0,Healthy Food
18625,4.3,170,Healthy Food
5033,3.0,106,Chinese
43894,3.7,25,Fast Food
4701,3.7,34,Desserts
1267,4.4,197,Salad
16015,3.6,12,Desserts
4736,3.8,72,Desserts
5448,,0,Biryani
6899,,0,Biryani
29145,3.6,10,Bakery
550,3.1,273,Desserts
3773,,0,Fast Food
6417,3.2,4,Rolls
723,,0,Chinese
777,3.7,25,Chinese
42053,4.8,1156,Desserts
19589,3.5,11,Fast Food
236,3.5,9,North Indian
19728,3.9,40,Continental
1320,2.9,28,Chinese
6833,3.5,10,Desserts
2435,4.3,189,Desserts
4790,3.7,279,Chinese
7322,3.8,213,Continental
22150,3.4,13,Biryani
24634,,0,Gujarati
40535,,0,Oriya
3655,3.2,38,Chinese
21173,3.1,95,North Indian
4173,2.8,62,Bengali
42663,3.7,88,Biryani
18045,3.7,111,North Indian
16262,3.2,13,North Indian
4549,3.7,439,North Indian
42022,4.1,96,Desserts
3610,4.4,1112,Seafood
23683,3.7,68,Continental
22947,4.5,418,European
42272,4.0,207,Asian
40751,,0,Desserts
116,3.7,29,North Indian
5201,4.1,252,North Indian
883,3.3,511,Arabian
8408,4.5,2194,European
22547,3.7,214,North Indian
49014,3.8,59,South Indian
3319,3.1,8,Fast Food
18751,3.9,539,American
4584,,0,Chinese
7609,,0,Fast Food
1254,4.0,2729,Continental
7097,,0,Momos
9206,3.9,30,Momos
2223,3.9,26,Fast Food
377,,0,Fast Food
18057,3.4,19,Chinese
8166,3.9,34,Oriya
1490,3.6,16,Fast Food
3842,3.4,16,Andhra
3490,,0,Continental
11600,,0,Continental
2719,,0,Continental
10195,,0,Continental
15111,,0,Continental
2945,,0,Continental
27425,,0,Continental
41770,3.6,4,Continental
2444,,0,Continental
40344,,0,Continental
18453,3.3,4,Continental
4349,,0,Continental
17275,,0,Street Food
9706,3.8,34,Rolls
40438,,0,Mughlai
3508,,0,Cafe
24408,2.7,26,Italian
1178,3.8,613,Italian
1359,,0,Chinese
4397,4.5,2062,Continental
2305,4.3,1278,Italian
8611,3.7,100,Continental
15413,3.9,324,Momos
24322,4.5,755,North Indian
39979,4.1,137,North Indian
2169,4.1,414,Healthy Food
6891,,0,Kebab
19042,,0,Thai
16679,4.3,840,Cafe
39101,4.4,4869,Cafe
3805,4.4,3738,Cafe
36,4.6,2556,Cafe
22925,4.4,2589,Cafe
13826,4.3,4644,Cafe
3990,4.4,9041,Cafe
38987,4.3,355,Cafe
18075,4.6,2750,Cafe
1633,4.6,1755,Cafe
1370,4.4,4386,Cafe
530,4.5,863,Cafe
39794,4.4,2110,Cafe
39408,,0,Fast Food
40092,3.2,6,Desserts
41273,2.8,29,Street Food
20304,,0,Chinese
2685,3.9,347,Thai
10890,3.4,9,Thai
51102,3.3,10,Thai
4713,3.7,19,Thai
17021,3.6,15,Biryani
40037,3.7,130,Biryani
29477,,0,Desserts
41662,2.9,67,North Indian
41782,2.6,166,North Indian
6277,3.4,224,South Indian
7973,,0,Ice Cream
42369,3.2,7,Chinese
22161,3.4,7,Healthy Food
7414,4.4,1496,Italian
3483,4.7,163,Asian
17538,3.9,1117,North Indian
18014,3.4,4,Desserts
8003,,0,Desserts
42736,3.4,5,Desserts
18054,3.3,21,Desserts
40495,,0,Desserts
22095,3.0,9,Chinese
42725,,0,Desserts
3572,3.5,62,Pizza
22685,,0,Pizza
3963,3.7,53,Italian
41940,,0,Desserts
2438,2.9,45,Chinese
407,,0,Continental
46263,,0,North Indian
7013,,0,Italian
19947,3.8,818,Cafe
42382,3.3,5,Chinese
14936,4.3,164,Salad
43512,4.5,900,Continental
11758,,0,Fast Food
43523,,0,Fast Food
5974,3.2,8,Fast Food
38478,,0,Fast Food
18100,,0,Fast Food
17601,,0,Fast Food
8092,,0,Fast Food
2139,,0,Fast Food
21805,,0,Fast Food
264,2.9,21,Fast Food
11637,,0,Bakery
1043,3.9,1388,North Indian
6321,3.1,44,Chinese
343,2.7,100,Chinese
29565,,0,Chinese
9682,2.6,53,Chinese
7176,3.7,27,North Indian
21818,,0,Juices
4800,3.8,37,Continental
15094,3.6,31,American
2395,4.0,25,Fast Food
3251,,0,Beverages
9079,3.3,6,Paan
4051,3.6,20,Mangalorean
918,4.0,1075,American
16009,3.9,128,Desserts
3904,4.2,131,Desserts
4664,4.3,324,Desserts
5878,3.7,118,Desserts
7656,,0,Chinese
27481,3.9,144,Chinese
14909,3.5,14,Chinese
15932,3.2,41,Street Food
4499,2.8,56,Street Food
384,,0,Biryani
5601,3.9,38,Desserts
43268,3.8,70,Chinese
41900,4.1,289,Chinese
42839,3.4,5,Chinese
124,3.6,19,North Indian
6641,2.9,16,Chinese
17530,2.8,93,Chinese
3475,3.0,155,Biryani
5784,3.6,46,South Indian
3689,,0,South Indian
6559,3.7,244,North Indian
1394,3.8,490,Chinese
14647,4.0,224,South Indian
17854,3.3,44,North Indian
21127,2.9,244,Biryani
40664,,0,Biryani
3329,3.0,15,Chinese
8845,3.5,56,North Indian
46539,3.3,4,North Indian
22179,3.2,4,South Indian
12927,3.5,12,Beverages
4324,4.0,929,Gujarati
2683,4.2,169,Beverages
15721,3.4,13,Juices
413,3.6,13,Street Food
21699,,0,Fast Food
7600,3.2,21,Chinese
22222,,0,North Indian
7702,,0,Paan
7067,,0,Mughlai
6420,3.7,17,Ice Cream
5507,3.8,28,Ice Cream
48496,3.9,175,South Indian
22012,3.7,39,Biryani
21848,3.5,11,Coffee
5376,,0,Biryani
19650,3.6,141,Tea
12587,3.9,689,Tea
2573,3.1,89,Momos
31726,3.5,10,Tea
12650,3.3,33,Tea
4088,3.0,57,Fast Food
188,2.6,118,Chinese
838,4.0,2043,North Indian
2973,4.1,3248,North Indian
3866,,0,North Indian
1854,4.0,1986,North Indian
45998,4.0,1586,North Indian
17869,3.9,1644,North Indian
5956,,0,Chinese
826,3.1,119,Andhra
22665,3.7,124,Steak
3097,3.5,11,North Indian
1732,3.7,257,Chinese
22906,3.7,300,South Indian
209,3.6,42,Italian
42888,,0,Chinese
1768,3.6,33,Chinese
10226,3.2,395,Chinese
9063,2.4,158,Chinese
1814,2.9,177,Chinese
21314,,0,Chinese
3587,3.0,96,Chinese
110,,0,Chinese
4248,3.7,36,North Indian
4325,3.5,7,Chinese
4977,2.8,32,South Indian
5444,3.8,63,North Indian
29214,3.4,36,Beverages
2411,3.6,332,Chinese
383,,0,Chinese
2861,,0,North Indian
3130,3.9,601,Seafood
749,3.8,203,Chinese
421,3.5,14,Street Food
16815,,0,Street Food
48531,3.3,5,Kebab
32570,,0,Kerala
41746,3.7,39,Chinese
3623,3.6,64,North Indian
5318,3.6,8,North Indian
6395,3.3,7,North Indian
16521,2.9,20,North Indian
11424,,0,Biryani
1149,3.8,109,Chinese
17494,,0,Biryani
590,3.3,17,Fast Food
4413,3.7,16,North Indian
48536,3.8,128,Chinese
9292,4.0,129,North Indian
40635,,0,Chinese
22497,,0,Biryani
12224,4.1,765,Mughlai
24231,4.0,177,Italian
13614,4.5,1614,Pizza
3602,4.5,1623,Pizza
4881,4.5,245,Pizza
5250,,0,Fast Food
4078,2.6,20,Continental
42814,,0,South Indian
4634,3.8,48,Chinese
4836,3.9,183,Rolls
2521,3.2,33,Rolls
14489,3.2,49,Momos
2953,3.8,89,Rolls
23088,3.8,132,Chinese
23164,3.3,58,Chinese
14403,3.3,156,Rolls
9219,,0,Chinese
4396,,0,Rolls
42795,3.1,20,Mughlai
23298,3.7,73,Continental
775,4.1,364,Vietnamese
43414,,0,Street Food
409,,0,Fast Food
1630,,0,North Indian
24007,4.0,148,Hyderabadi
49104,3.1,12,South Indian
41837,3.7,34,Chinese
38583,3.2,12,Chinese
41822,4.2,100,Chinese
3120,3.4,133,North Indian
48653,3.8,46,Desserts
5664,,0,Ice Cream
4983,4.3,372,Modern Indian
9662,2.8,109,Tibetan
4953,3.8,658,Tibetan
3860,2.6,125,Tibetan
13533,3.9,847,BBQ
18856,3.8,0,Maharashtrian
51420,3.8,29,Beverages
244,2.8,41,Momos
43627,3.4,20,Chinese
4691,3.5,12,Fast Food
37,4.0,324,Italian
3349,3.7,168,Fast Food
2756,4.3,1133,Fast Food
6666,3.2,7,North Indian
35216,3.7,41,Chinese
41637,4.0,868,European
42059,3.4,9,Fast Food
17277,2.8,94,Chinese
3772,3.8,132,Rolls
9616,3.1,36,Rolls
294,4.2,244,North Indian
1714,,0,South Indian
10554,,0,Fast Food
20898,,0,Finger Food
19272,,0,Desserts
1166,3.9,20,Fast Food
4112,4.1,103,Fast Food
4739,3.7,32,Fast Food
7594,3.7,48,Fast Food
20045,4.0,141,Fast Food
2975,4.0,59,South Indian
43339,3.8,38,North Indian
141,3.8,35,Fast Food
7740,,0,Fast Food
11978,3.8,115,Fast Food
15906,4.1,220,Fast Food
1628,3.6,55,Fast Food
48332,3.9,32,Fast Food
3783,4.0,23,Fast Food
7192,3.8,178,Fast Food
5611,,0,Fast Food
40051,3.7,78,North Indian
1233,3.9,487,Lebanese
18284,4.4,2921,Salad
3675,4.0,532,Chinese
17345,3.6,23,Fast Food
40325,,0,Street Food
6254,3.4,24,Italian
2408,3.7,95,Fast Food
2527,4.5,799,Mexican
4007,4.0,1022,Mughlai
462,,0,Chinese
3912,3.7,91,Chinese
1557,3.3,5,Chinese
2623,3.8,198,European
4553,3.8,74,Italian
4989,4.0,334,Biryani
5035,3.3,7,Salad
20974,,0,Salad
21073,3.6,27,Continental
4352,3.5,9,Burger
17285,3.0,15,Burger
25052,3.3,17,Burger
8868,3.2,8,Pizza
5723,2.9,57,Pizza
39420,3.1,4,Pizza
42533,2.9,59,Pizza
14586,3.7,833,Fast Food
47618,3.7,399,Fast Food
2863,3.7,405,Fast Food
13661,3.9,387,Fast Food
1989,2.9,142,Fast Food
17844,3.7,39,Fast Food
31607,3.7,707,Fast Food
10119,3.1,452,Fast Food
43692,2.8,148,Fast Food
3900,2.8,105,Fast Food
913,3.8,693,Fast Food
46040,3.6,436,Fast Food
9308,3.8,236,Fast Food
22719,2.7,434,Fast Food
41479,2.8,340,Fast Food
43091,2.6,104,Fast Food
22573,3.9,490,Fast Food
31265,3.7,116,Fast Food
39435,3.1,150,Fast Food
48850,3.5,108,Fast Food
20966,3.2,120,Fast Food
3114,3.3,302,Fast Food
26170,3.9,185,Fast Food
48213,3.6,492,Fast Food
9840,3.3,19,Fast Food
6685,3.6,542,Fast Food
40961,4.0,208,Fast Food
45192,3.6,37,Fast Food
18994,3.1,10,Fast Food
17521,3.8,706,Fast Food
15216,3.1,8,Pizza
934,3.5,32,Sandwich
4900,,0,Fast Food
20987,3.8,270,Fast Food
1497,2.7,31,Fast Food
15989,3.9,146,Italian
3465,3.8,151,Italian
18114,3.4,145,Italian
46136,3.1,75,Italian
14982,3.2,166,Italian
3137,3.0,87,Italian
4590,3.2,44,Italian
41597,2.9,57,Italian
27869,3.9,241,Italian
1076,3.8,164,Italian
4715,3.9,386,Italian
10542,3.5,73,Italian
17565,,0,Fast Food
40345,3.6,26,Momos
468,,0,Fast Food
43536,3.9,49,BBQ
16208,4.2,2020,Finger Food
13612,4.2,4422,Continental
18383,4.2,1651,Continental
48893,3.6,23,Chinese
14465,3.9,521,Chinese
41652,4.1,552,Continental
10471,2.9,26,Juices
29300,3.3,5,Asian
29692,3.8,26,Chinese
579,4.2,185,Chinese
4585,3.9,20,Ice Cream
42014,4.0,165,Ice Cream
39076,3.9,115,Ice Cream
1654,4.0,145,Desserts
5905,4.2,213,Desserts
22791,4.1,71,Ice Cream
16624,4.0,150,Desserts
11487,4.0,221,Desserts
12713,3.8,46,Desserts
22249,3.8,221,Desserts
39348,4.0,88,Ice Cream
7859,3.9,188,Desserts
16966,4.5,41,Ice Cream
2244,3.9,116,Desserts
46066,4.1,322,Ice Cream
3752,3.9,105,Desserts
474,3.8,71,Desserts
30143,4.2,195,Ice Cream
2493,4.2,213,Desserts
20848,,0,Ice Cream
40729,4.0,17,Ice Cream
41341,3.3,4,Chinese
14790,4.1,117,North Indian
28567,3.7,17,Street Food
11641,,0,Juices
10016,3.7,76,North Indian
1572,4.1,204,Desserts
4687,4.0,57,Desserts
5944,3.5,6,Desserts
3568,,0,Juices
3764,3.9,823,Momos
9042,3.7,36,Bakery
20828,4.1,150,Burger
28905,3.4,6,Mangalorean
3598,4.3,2040,Italian
41738,3.8,154,Chinese
19737,3.1,111,Chinese
14508,3.9,456,Chinese
6050,3.1,166,Chinese
1906,2.8,297,Chinese
18655,4.5,60,Asian
28849,4.3,164,Asian
9423,4.1,1125,Kebab
1993,3.9,160,Kebab
3852,3.8,832,Kebab
39825,,0,Kebab
20878,3.6,11,Mughlai
5346,3.3,5,Chinese
26272,,0,North Indian
15484,,0,Burger
680,,0,Chinese
39068,3.9,51,South Indian
7865,3.2,4,North Indian
1730,3.9,111,Chinese
41756,4.0,238,Healthy Food
46202,4.0,95,Biryani
42297,2.9,14,North Indian
41894,3.5,10,Biryani
4681,3.7,170,North Indian
2153,,0,Street Food
40293,3.5,13,North Indian
42841,,0,Bengali
15853,,0,Fast Food
12034,,0,Fast Food
5147,3.2,7,Seafood
1710,3.3,7,Fast Food
14741,3.6,67,Mughlai
21975,,0,Desserts
23684,3.0,25,Continental
13543,,0,Beverages
1931,3.7,74,Juices
995,,0,North Indian
51004,3.8,20,North Indian
48892,4.0,407,North Indian
42324,3.9,156,South Indian
9013,,0,South Indian
19176,,0,South Indian
12806,,0,South Indian
23690,4.5,7862,Continental
2417,4.2,174,Continental
46038,2.9,49,North Indian
4041,3.5,116,Chinese
11222,4.3,956,South Indian
2575,3.5,17,North Indian
19699,4.1,673,North Indian
41722,3.7,126,Italian
178,3.6,25,Biryani
41864,4.1,532,Seafood
4036,4.3,688,Seafood
17813,3.6,27,Street Food
3404,3.6,16,Juices
7148,,0,North Indian
41537,4.9,1940,Mughlai
41798,3.8,323,Chinese
5261,,0,Chinese
40499,,0,Chinese
40599,3.6,31,Chinese
3917,3.9,202,Chinese
3658,2.9,248,Chinese
9174,3.5,350,Chinese
15726,2.8,53,Chinese
2189,,0,Chinese
4811,3.0,353,Chinese
42637,3.4,21,South Indian
3896,3.3,200,Mughlai
10402,2.9,19,Chinese
18435,3.6,202,North Indian
10222,4.0,768,Chinese
3903,3.5,378,Chinese
40367,2.9,25,Fast Food
2949,3.3,238,Chinese
40491,3.2,7,Chinese
3897,2.8,188,Chinese
6691,2.6,270,Chinese
42820,2.3,203,Chinese
25346,3.4,31,Chinese
43180,3.6,250,Chinese
17828,3.1,158,Chinese
41847,,0,Chinese
14495,3.6,88,Chinese
3381,3.7,23,Charcoal Chicken
4082,3.7,5,Charcoal Chicken
8392,3.8,7,Charcoal Chicken
16975,3.7,10,Charcoal Chicken
20774,,0,Charcoal Chicken
41259,3.5,75,Street Food
40194,2.6,60,Street Food
43287,,0,Fast Food
9203,3.2,4,Chinese
31180,4.1,238,Continental
8581,4.1,315,Continental
7587,4.1,239,Continental
22457,,0,Beverages
1815,3.9,211,Continental
41855,2.6,30,Beverages
1779,3.4,275,North Indian
22336,,0,Fast Food
3525,4.1,77,Desserts
14514,4.4,457,Desserts
23289,3.7,23,Chinese
46236,,0,North Indian
4448,4.4,319,Mughlai
46268,3.3,4,Andhra
3345,,0,Kebab
4155,4.2,166,Desserts
810,4.3,169,Continental
7604,3.1,11,South Indian
10487,3.6,21,Fast Food
19899,4.0,108,Mexican
4175,3.6,18,Juices
686,,0,Rolls
4312,3.8,30,Chinese
7261,3.2,4,South Indian
35690,3.9,86,Rolls
18867,,0,Biryani
5203,3.8,298,Chinese
23030,,0,Kerala
19769,3.6,49,Burger
17637,,0,Fast Food
17203,4.3,264,North Indian
46288,,0,Chinese
41711,3.2,9,North Indian
38632,,0,Fast Food
18303,3.3,244,North Indian
6857,,0,North Indian
21986,3.3,6,North Indian
14081,2.4,127,Fast Food
4653,3.7,28,North Indian
19574,3.9,385,Rolls
23570,3.2,4,North Indian
1827,3.5,13,Biryani
1813,3.9,233,Pizza
41671,3.1,94,Chinese
17589,,0,North Indian
15700,2.8,413,North Indian
10851,2.6,307,North Indian
45786,2.8,157,North Indian
23032,3.5,312,North Indian
3527,3.9,851,North Indian
4496,3.8,283,North Indian
5407,3.3,4,Arabian
21956,3.9,247,Chinese
4574,4.0,169,Chinese
41604,,0,Fast Food
7369,3.7,47,Chinese
18375,3.5,15,Biryani
3841,3.5,12,Chinese
21804,,0,Street Food
4794,3.4,20,North Indian
7785,,0,South Indian
17152,2.8,79,Chinese
2080,4.1,164,Fast Food
1627,4.0,170,Chinese
2088,4.0,465,North Indian
40255,3.9,902,Gujarati
11958,,0,Desserts
2916,3.5,59,Chinese
239,,0,South Indian
12294,,0,Chinese
4870,2.8,20,Fast Food
169,3.9,314,Maharashtrian
2256,3.7,27,Fast Food
42874,3.6,10,Street Food
4995,3.8,24,North Indian
5402,,0,North Indian
5026,4.0,378,Chinese
427,3.0,29,Gujarati
18976,3.9,39,Chinese
15799,3.9,122,Fast Food
10469,3.8,93,Fast Food
4772,3.7,43,Fast Food
3911,3.6,20,Fast Food
38311,2.9,25,Fast Food
4421,3.3,30,Fast Food
4593,3.1,25,South Indian
4157,3.7,434,South Indian
2309,4.2,760,Biryani
3631,2.9,313,Chinese
14491,3.9,138,Bengali
7442,3.9,61,Seafood
9128,3.7,19,Seafood
220,,0,Seafood
40394,,0,Seafood
19175,3.6,9,Seafood
21932,3.4,6,American
8890,,0,North Indian
28937,3.2,6,Chinese
4923,3.9,402,Biryani
2093,3.3,128,Chinese
998,,0,Chinese
5050,3.5,43,Chinese
3346,4.3,765,North Indian
8874,,0,Cafe
40533,,0,Chinese
22555,4.1,172,Thai
6020,3.3,6,BBQ
12929,3.6,155,Chinese
6230,,0,South Indian
3945,3.9,225,Biryani
40076,3.3,9,Hyderabadi
7419,,0,North Indian
41702,3.2,112,North Indian
1355,,0,North Indian
21381,3.2,9,South Indian
16908,3.6,116,South Indian
20268,3.5,35,South Indian
17087,3.7,36,North Indian
496,3.6,26,Biryani
23207,,0,Kebab
2360,3.7,31,Chinese
23680,,0,Fast Food
5301,2.7,48,Chinese
35380,4.1,146,North Indian
3554,,0,Beverages
5025,3.7,69,South Indian
5195,3.6,76,South Indian
19215,3.4,32,South Indian
40360,3.3,4,Fast Food
556,,0,Fast Food
231,4.0,804,Chinese
1711,,0,Beverages
28658,3.0,20,Chinese
7213,3.0,21,Chinese
18056,3.0,18,Thai
7307,,0,Biryani
4724,3.2,93,Chinese
522,2.9,18,Chinese
15403,3.6,216,South Indian
40940,3.7,27,Continental
14296,3.2,146,South Indian
4710,3.7,161,Thai
257,4.3,548,North Indian
768,,0,Bengali
39978,4.4,1980,Mediterranean
404,,0,South Indian
5596,,0,South Indian
4972,3.8,91,Chinese
156,4.0,219,Italian
22129,,0,Chinese
21383,2.7,76,North Indian
21821,3.4,15,BBQ
4242,3.4,9,Chinese
3727,3.7,141,Biryani
40044,3.1,35,Biryani
3713,3.6,34,Biryani
5040,3.4,6,Biryani
3958,3.8,91,South Indian
17215,3.6,297,Chinese
16805,3.2,501,Beverages
2418,4.1,57,Fast Food
16964,3.7,118,North Indian
10645,,0,Juices
171,3.6,68,Chinese
23020,3.6,147,Chinese
18775,3.8,263,South Indian
27925,3.0,160,Street Food
17940,3.6,97,Chinese
21987,,0,Burger
19227,,0,Desserts
42781,,0,South Indian
857,4.3,385,Chinese
7078,4.5,550,Singaporean
6923,3.7,40,North Indian
4145,3.5,86,North Indian
11936,3.8,108,Chinese
896,3.5,21,Chinese
5964,,0,Kebab
29435,2.7,61,Biryani
6920,3.1,7,Biryani
9234,3.1,6,Biryani
24559,3.1,20,Biryani
21679,,0,Biryani
16936,3.0,12,Biryani
5283,,0,Biryani
40411,,0,Biryani
19267,3.0,10,Biryani
5469,3.5,24,Chinese
17574,,0,Chinese
5005,3.1,14,Ice Cream
9360,4.0,624,Beverages
46189,3.6,133,North Indian
8084,3.9,44,Asian
20306,4.0,121,Italian
21014,,0,Chinese
1000,,0,Street Food
17041,3.8,57,Andhra
5475,3.8,106,South Indian
1181,3.5,43,Chinese
51353,,0,Desserts
40097,,0,Chinese
21021,,0,Chinese
39873,3.9,487,Mughlai
20873,3.1,6,Biryani
9185,,0,South Indian
5953,,0,Chinese
1215,3.5,17,Chinese
41950,,0,Biryani
18553,3.8,99,Fast Food
41929,3.7,17,Desserts
48308,3.5,13,Fast Food
9705,3.3,8,Chinese
9187,3.4,9,North Indian
15186,3.9,137,Rolls
4283,3.2,18,Rolls
6942,3.1,8,Rolls
22189,,0,Rolls
41327,3.1,8,Rolls
5325,2.9,56,Rolls
12309,,0,Fast Food
610,,0,Rolls
5736,3.7,33,North Indian
689,3.8,124,North Indian
24006,3.8,61,Rolls
4293,4.1,240,Ice Cream
722,4.1,438,Ice Cream
15511,4.2,216,Ice Cream
22260,4.1,174,Beverages
41628,3.9,89,Beverages
6408,3.3,7,Juices
4459,3.6,176,Fast Food
6604,4.1,209,Pizza
29381,,0,Rolls
30301,,0,Ice Cream
21174,4.4,143,Chinese
5651,3.9,213,Beverages
11631,,0,Fast Food
2229,3.6,22,Rolls
41927,3.8,78,Rolls
5586,3.2,7,Rolls
46227,3.5,18,Rolls
19994,3.8,117,Rolls
2761,3.7,32,Rolls
13327,3.0,18,Rolls
22102,2.8,69,Rolls
32385,2.6,153,Rolls
75,3.6,255,Rolls
5694,3.5,132,Rolls
11655,3.5,45,Rolls
8987,3.6,217,Rolls
6789,3.4,25,Rolls
16884,3.2,122,Rolls
5559,3.7,61,Rolls
4698,3.5,13,Rolls
16152,2.8,127,Rolls
23997,3.1,138,Rolls
40289,3.1,76,Rolls
1828,2.7,23,Rolls
2899,3.4,145,Rolls
376,3.6,299,Rolls
42824,3.5,56,Rolls
511,3.7,61,Chinese
354,,0,Chinese
7754,,0,Continental
2349,4.1,825,Fast Food
4754,4.5,1877,South Indian
6224,3.6,13,Juices
35,3.6,8,South Indian
1616,3.9,750,Chinese
17045,4.0,107,Chinese
4345,,0,Juices
4735,3.1,28,North Indian
1269,4.2,468,Continental
271,4.0,1047,Continental
41519,4.0,124,North Indian
42246,4.3,413,Mughlai
2192,3.8,307,Fast Food
42701,4.0,223,Biryani
41955,,0,South Indian
3279,,0,Fast Food
1724,3.9,187,North Indian
13141,4.0,269,Chinese
3894,3.3,57,North Indian
7064,4.0,193,Biryani
5960,,0,North Indian
32627,,0,Chinese
46088,3.6,12,Chinese
20303,,0,Fast Food
43258,3.4,57,Chinese
4364,3.9,68,Arabian
5656,3.2,7,Chinese
5174,3.1,14,Chinese
9299,,0,Chinese
1350,,0,Chinese
34357,,0,Kebab
7518,4.1,435,Chinese
6832,3.7,26,Chinese
4840,3.5,16,South Indian
4147,,0,Biryani
4198,3.4,7,Fast Food
20879,3.2,7,Chinese
770,,0,Chinese
12494,3.4,10,Chinese
41918,,0,Kebab
1352,,0,North Indian
3502,4.3,754,North Indian
45178,4.1,268,Mexican
42100,4.2,608,North Indian
275,3.7,217,Chinese
6692,4.1,530,North Indian
46501,,0,North Indian
50149,4.0,67,North Indian
23202,,0,North Indian
46347,,0,North Indian
22886,,0,South Indian
6414,,0,Biryani
42857,,0,South Indian
1632,4.0,262,North Indian
6407,,0,North Indian
1910,3.5,134,Fast Food
1911,,0,Chinese
1517,3.3,7,South Indian
1457,3.8,75,Chinese
3437,4.1,3020,Mughlai
1088,4.1,464,American
46273,,0,Chinese
1738,4.0,159,Chinese
39733,4.3,1499,Mediterranean
4369,4.0,65,Street Food
14189,4.2,1279,Italian
1395,3.8,577,South Indian
1111,3.3,4,Cafe
19312,,0,North Indian
22789,3.4,14,Rolls
20885,3.4,6,Chinese
4411,3.7,24,Ice Cream
27393,3.3,4,Chinese
25694,3.2,6,Chinese
1525,3.2,4,Chinese
48925,,0,Beverages
42228,,0,Kebab
265,3.4,10,Chinese
9606,,0,North Indian
41954,,0,South Indian
7847,3.7,21,Fast Food
17338,3.7,216,Fast Food
17064,3.5,9,Sandwich
9180,3.9,89,Rolls
1065,4.2,117,South Indian
1066,4.3,104,Arabian
3260,3.4,6,South Indian
2494,3.9,284,Chinese
7728,,0,Street Food
8403,2.8,130,South Indian
14919,4.1,128,Sandwich
5690,,0,Biryani
11803,4.1,1372,North Indian
43525,4.5,457,Mughlai
23282,4.0,667,Continental
49038,3.6,101,North Indian
6926,3.8,38,Beverages
3741,3.9,87,Chinese
778,3.2,167,North Indian
14302,3.4,148,North Indian
12748,,0,North Indian
7329,3.7,66,Chinese
1751,4.0,137,North Indian
3231,4.0,76,North Indian
2164,3.8,31,North Indian
42321,4.3,813,Chinese
41540,3.2,37,Chinese
48209,3.6,7,North Indian
41620,3.7,119,Chinese
46099,3.9,162,Chinese
8498,,0,North Indian
2760,3.8,337,North Indian
22233,3.2,11,Chinese
500,,0,North Indian
16299,3.4,9,Biryani
9018,,0,North Indian
1920,,0,North Indian
7500,3.8,23,Chinese
5181,3.6,45,Hyderabadi
5134,3.2,6,North Indian
38722,,0,North Indian
2050,,0,North Indian
6977,3.3,9,Street Food
3823,3.8,62,North Indian
8767,2.8,14,North Indian
929,,0,Beverages
193,,0,Street Food
9211,3.8,27,Sandwich
7258,3.0,38,Biryani
41624,3.8,162,Mughlai
41653,3.8,28,Fast Food
17791,3.4,230,Chinese
5819,,0,Biryani
10669,,0,North Indian
1033,4.4,677,Mughlai
1981,3.2,77,Kerala
967,3.6,74,Chinese
1590,3.7,50,North Indian
1734,4.1,442,Finger Food
14162,4.4,186,Continental
4852,3.9,533,Seafood
6959,4.1,2047,Mughlai
32003,3.4,7,South Indian
46379,3.5,11,Juices
42215,,0,Biryani
7253,,0,North Indian
4890,3.6,97,North Indian
17205,4.1,372,Fast Food
7546,4.1,42,Fast Food
5128,4.0,153,Fast Food
17803,4.0,239,Fast Food
9535,,0,Mithai
2338,4.0,326,Fast Food
1780,4.0,427,Beverages
14528,3.7,43,Beverages
21872,,0,Mithai
282,3.2,5,Mithai
8147,,0,Mithai
41857,,0,Beverages
39944,,0,Mithai
3413,3.9,190,South Indian
7481,3.6,70,North Indian
41754,3.2,7,Andhra
23685,3.8,29,Chinese
15242,4.1,484,North Indian
48543,,0,North Indian
5103,3.0,45,North Indian
1376,,0,North Indian
7423,3.6,11,Chinese
1284,2.9,18,Chinese
46065,3.7,67,Chinese
632,4.1,139,Chinese
42282,2.9,35,Mughlai
48354,3.2,5,Chinese
6,3.8,918,Mexican
39400,3.3,19,Chettinad
42263,4.1,432,Mangalorean
14018,4.3,1028,Tex-Mex
15382,,0,Tex-Mex
22101,3.1,16,Street Food
23577,,0,Chinese
58,2.9,126,Street Food
12375,,0,Chinese
2982,3.5,56,Chinese
1942,3.4,12,Sandwich
320,,0,Beverages
1774,3.8,53,Beverages
6572,2.9,47,Burger
7884,,0,Sandwich
43675,,0,Chinese
7577,3.1,4,North Indian
22060,4.2,216,Biryani
38989,3.7,81,South Indian
2106,3.9,148,Street Food
37075,4.0,122,Street Food
20976,,0,Street Food
8976,3.8,75,Street Food
10247,3.1,26,Street Food
46180,3.6,91,Chinese
42289,3.4,11,South Indian
46410,4.0,421,Chinese
19767,4.0,152,Pizza
21810,3.3,5,Burger
1826,3.9,33,Andhra
44043,3.1,15,North Indian
982,3.0,102,North Indian
3081,4.3,331,Fast Food
42266,4.0,149,South Indian
7397,3.5,13,North Indian
48876,3.2,4,North Indian
3778,3.8,49,North Indian
51557,,0,Street Food
47793,4.9,246,Salad
5975,3.9,35,Street Food
1141,3.4,5,South Indian
6200,,0,Chinese
41575,3.7,69,Fast Food
36752,,0,Beverages
8856,2.9,34,Fast Food
20894,,0,Street Food
9878,,0,Kerala
22127,,0,North Indian
24792,3.8,42,Desserts
43073,,0,Mughlai
3998,4.6,1193,North Indian
4292,3.6,122,Chettinad
2786,3.7,44,Chinese
46340,,0,North Indian
39393,3.6,97,Chinese
17523,3.1,216,South Indian
47679,,0,Chinese
11532,4.1,759,Chinese
57,3.6,22,North Indian
2409,3.6,75,Chinese
3187,,0,Beverages
41891,3.7,212,South Indian
15731,3.5,9,North Indian
3818,4.3,353,South Indian
38966,4.4,2127,South Indian
114,3.5,11,North Indian
48503,,0,Street Food
6297,,0,South Indian
4354,,0,Juices
35706,3.7,136,South Indian
38569,3.4,10,North Indian
5427,3.2,6,South Indian
48241,3.2,27,Chinese
39119,4.2,343,South Indian
48394,3.9,441,Chinese
5800,3.3,10,South Indian
4766,3.9,1227,North Indian
2023,3.9,467,North Indian
23005,3.7,370,North Indian
3086,4.1,1447,North Indian
3978,2.9,827,North Indian
979,3.9,420,North Indian
6340,,0,South Indian
41565,3.3,7,Sandwich
153,3.3,4,Fast Food
7566,3.4,9,Chinese
17239,4.6,545,Chinese
18947,3.5,9,North Indian
41896,4.6,514,Seafood
41888,4.1,426,North Indian
46319,3.7,18,Seafood
1429,4.0,349,Biryani
41890,3.9,36,North Indian
3286,4.1,298,North Indian
42502,3.5,8,South Indian
8505,4.3,334,Chinese
2437,3.8,500,South Indian
1058,2.9,380,South Indian
4973,3.8,60,North Indian
4638,4.3,1101,Continental
29703,4.3,1108,Continental
9744,3.6,25,Continental
41389,3.3,4,Kerala
12727,3.7,19,Fast Food
19049,3.9,49,Street Food
12528,,0,Beverages
19989,3.4,9,Fast Food
443,,0,Chinese
25110,,0,Chinese
20779,,0,Chinese
5759,,0,Chinese
5714,,0,Chinese
48599,,0,Chinese
41670,,0,Chinese
1154,,0,Chinese
30951,,0,Chinese
6602,,0,Chinese
3052,,0,Steak
1285,2.8,38,Chinese
1508,3.4,7,Chinese
1886,3.6,14,Andhra
48382,3.5,162,Fast Food
4863,3.9,55,Fast Food
13890,3.6,68,Fast Food
2303,3.9,120,South Indian
194,3.8,101,Fast Food
11018,3.6,41,Fast Food
41808,3.2,7,Fast Food
43218,3.1,68,Fast Food
22784,3.6,24,Fast Food
41681,3.7,61,Chinese
17221,,0,Chinese
8751,2.9,18,Charcoal Chicken
223,,0,Charcoal Chicken
1916,3.0,30,North Indian
21070,2.6,22,Charcoal Chicken
4762,3.6,207,Seafood
16614,4.0,237,Seafood
8192,3.5,16,Chinese
12842,,0,Sandwich
5003,,0,Chinese
2586,3.5,221,North Indian
19621,,0,Kebab
2226,3.3,5,North Indian
46521,3.9,50,Rolls
32481,2.9,11,Kebab
2920,3.3,73,Chinese
42716,3.4,4,Chinese
22630,3.1,150,Biryani
5125,,0,Biryani
10519,3.1,27,Mughlai
4451,3.2,6,North Indian
21981,3.2,6,Chinese
12861,,0,North Indian
18887,3.9,52,Fast Food
44124,3.6,15,Fast Food
11032,4.4,659,Fast Food
3426,4.0,66,Fast Food
15839,4.2,159,Fast Food
22225,3.9,17,Fast Food
4184,4.0,60,Fast Food
12474,3.6,18,Fast Food
12154,3.9,84,North Indian
837,4.5,155,Sandwich
13574,4.4,256,Continental
41749,3.1,12,South Indian
3175,4.0,154,Chinese
15528,,0,Chinese
22137,3.3,21,North Indian
5658,3.0,20,Chinese
25117,4.0,220,Momos
868,,0,South Indian
38343,4.2,344,Asian
6418,3.4,12,Chinese
4659,4.1,248,Thai
4537,4.2,421,Thai
25895,4.1,181,Thai
32675,2.8,13,Momos
8966,3.2,23,Asian
8820,3.8,33,Biryani
7507,3.1,39,Seafood
11265,4.4,1944,Andhra
18044,4.0,546,Andhra
2915,4.0,985,Andhra
10178,4.0,774,Andhra
9110,3.9,142,Andhra
42631,3.9,1994,Andhra
39826,3.9,770,Andhra
21183,,0,Seafood
48629,3.4,7,Desserts
1302,3.1,28,North Indian
46059,3.9,111,Chinese
48440,3.8,74,North Indian
1801,3.6,519,North Indian
3115,4.1,205,North Indian
5087,2.7,52,North Indian
18074,3.4,9,Street Food
24369,3.8,23,Street Food
24716,,0,Street Food
3453,3.9,392,North Indian
11134,4.3,1520,Biryani
6141,4.3,267,Biryani
885,,0,Street Food
2185,,0,South Indian
6402,3.5,8,Arabian
46279,3.3,4,Fast Food
6190,3.3,8,Fast Food
5434,3.2,6,Lebanese
1700,3.1,31,Lebanese
3240,,0,Lebanese
3628,3.1,28,Lebanese
3014,3.5,39,Chinese
28049,,0,Mughlai
960,3.7,159,Continental
3969,3.6,39,North Indian
40436,,0,North Indian
2721,3.2,19,Chinese
3594,3.4,414,Chinese
46349,,0,Desserts
2651,3.7,40,Fast Food
909,3.5,262,North Indian
18585,3.9,644,North Indian
11860,3.9,579,North Indian
858,3.6,180,North Indian
22466,3.8,360,North Indian
4860,4.0,580,North Indian
3613,4.1,391,Continental
5144,4.2,1867,Continental
5976,3.6,37,Street Food
5375,,0,North Indian
9210,,0,South Indian
3779,4.4,2230,Asian
12654,,0,North Indian
7746,3.6,10,Beverages
6943,2.9,85,Street Food
12658,,0,Street Food
17636,,0,North Indian
9028,3.6,10,Beverages
891,,0,Street Food
12810,3.9,152,North Indian
11737,3.0,10,North Indian
1626,4.0,175,North Indian
40522,,0,Chinese
7,3.5,10,Chinese
32092,3.2,4,Chinese
9785,,0,North Indian
22081,3.3,4,Chinese
17212,,0,Desserts
46460,,0,North Indian
19318,3.2,4,Biryani
17241,,2497,Biryani
46241,3.4,8,Chinese
2183,,0,Chinese
40100,4.4,1313,Japanese
412,3.6,14,South Indian
46173,3.5,45,BBQ
48488,3.2,4,North Indian
41332,,0,Chinese
559,,0,North Indian
553,,0,Street Food
255,4.1,28,Street Food
47234,3.2,7,Chinese
6044,3.3,5,Chinese
6284,3.6,26,Fast Food
41550,3.5,40,North Indian
8112,,0,South Indian
41635,3.6,28,South Indian
32536,,0,Chinese
7297,,0,South Indian
4371,4.2,166,Chinese
3664,3.9,356,Chinese
4377,3.4,76,Chinese
48302,3.8,26,Street Food
4326,,0,Street Food
1527,3.2,8,Street Food
46185,3.6,34,Street Food
41838,3.9,61,Street Food
1310,,0,Desserts
11045,3.3,10,Street Food
1257,3.7,38,North Indian
24806,3.4,9,South Indian
24924,3.2,4,Street Food
8915,3.3,10,Street Food
17917,3.5,11,Street Food
11636,3.7,31,Street Food
1799,4.1,840,North Indian
1489,3.2,7,South Indian
5657,3.2,4,Chinese
46625,2.9,16,North Indian
3158,2.8,33,South Indian
31401,3.4,9,Street Food
3813,3.6,18,Street Food
3829,3.8,14,North Indian
4744,3.5,17,Chinese
16458,3.7,130,Andhra
18255,3.8,36,Gujarati
22453,3.3,6,North Indian
42310,,0,Chinese
1554,3.0,7,Burger
41520,3.3,7,North Indian
3136,,0,North Indian
20222,3.7,96,Chinese
2373,,0,Chinese
1081,3.9,371,North Indian
8300,4.0,164,Mithai
48950,,0,Chinese
5097,,0,North Indian
46049,3.9,31,North Indian
781,3.7,17,Beverages
1229,3.2,11,Fast Food
4378,3.0,139,South Indian
1307,3.5,11,South Indian
2032,3.3,8,Mughlai
39012,3.7,21,South Indian
11502,3.9,331,Mithai
41496,4.0,340,North Indian
3272,3.5,18,Chinese
20275,,0,Chinese
9245,,0,Beverages
18369,3.2,9,South Indian
17666,,0,Chinese
11189,3.6,82,Chinese
10876,4.0,492,Asian
4454,4.1,268,Asian
40462,3.6,33,Chinese
15146,4.5,174,Rolls
751,3.1,68,North Indian
5236,3.9,431,Kebab
7060,,0,Chinese
18235,4.5,2949,Continental
12306,3.9,134,Fast Food
13655,4.2,217,Italian
4075,3.9,28,Continental
22401,4.4,1099,BBQ
24194,4.2,376,North Indian
1022,3.8,514,Seafood
21576,,0,Beverages
4996,3.7,31,North Indian
575,3.5,17,Mughlai
38550,3.3,4,Chinese
21906,3.2,55,Chinese
38655,3.4,9,Chinese
18659,4.0,510,Biryani
11197,4.5,1932,American
5456,3.9,681,Chinese
5238,3.4,6,Desserts
41753,4.2,166,Sindhi
46244,3.2,4,Chinese
19915,3.1,19,North Indian
5855,3.8,67,Chinese
41686,3.8,21,North Indian
4317,3.6,44,Continental
5820,3.3,11,North Indian
1835,3.6,218,Chinese
17008,,0,Beverages
24971,,0,North Indian
1599,3.8,88,Chinese
43775,,0,South Indian
1057,3.9,419,North Indian
1262,4.4,159,Italian
16730,,0,Chinese
42650,4.1,99,Chinese
23433,3.9,224,Thai
23508,3.1,5,North Indian
21925,3.5,15,Chinese
18047,3.2,22,North Indian
46335,3.5,14,Fast Food
2718,4.3,570,Continental
8117,,0,Cafe
17529,3.2,5,Ice Cream
807,4.0,537,Pizza
13974,4.2,1418,Chinese
12645,3.4,33,Chinese
18406,4.0,769,Bakery
2603,4.0,324,Mughlai
3454,3.6,255,Mughlai
4032,3.7,127,Italian
13232,3.3,5,South Indian
41475,3.6,99,Italian
1296,4.1,50,Sandwich
6958,3.1,4,Chinese
2497,4.1,707,Healthy Food
2859,,0,Chinese
7104,3.7,42,North Indian
48878,3.9,96,Chinese
666,,0,South Indian
15457,3.5,5,North Indian
1657,4.1,364,Chinese
38582,3.0,21,North Indian
7783,,0,Chinese
8871,3.2,4,Fast Food
3005,,0,Indian
12913,4.2,377,North Indian
725,,0,North Indian
1504,3.1,14,Chinese
26509,3.5,4,North Indian
18221,4.4,953,European
6398,,0,North Indian
14339,4.2,538,Pizza
40877,4.0,189,Pizza
38,4.2,504,Mexican
7975,4.0,128,Italian
39041,4.2,1440,Italian
13925,4.0,399,Italian
8683,4.3,3547,Italian
1341,4.2,1692,Italian
2755,4.1,1852,Italian
6631,,0,Fast Food
4640,4.0,1205,Continental
324,,0,Pizza
46219,,0,Mughlai
11845,4.0,1382,Chinese
41608,4.2,674,Italian
4935,3.3,4,Chinese
40242,3.6,171,North Indian
24904,2.8,100,North Indian
4187,3.8,94,Chinese
14599,4.6,5421,Italian
3429,4.6,2496,Italian
2518,3.3,10,Kebab
10190,3.6,91,North Indian
5047,3.8,264,Chinese
5734,3.4,20,Chinese
40091,,0,Healthy Food
19525,3.0,14,Juices
20755,3.7,16,Beverages
1368,4.2,99,Cafe
13813,4.6,1687,Cafe
3967,3.6,18,Cafe
3128,4.2,600,Beverages
39009,4.2,287,Cafe
4513,3.7,44,Beverages
39792,4.4,390,Cafe
7096,,0,Ice Cream
22300,,0,Ice Cream
3755,3.1,4,Sandwich
9663,,0,Fast Food
8985,,0,Fast Food
13051,,0,Continental
9456,3.8,22,Momos
3964,3.0,36,Chinese
41552,3.7,25,Beverages
13324,,0,Sandwich
21836,,0,Fast Food
7217,,0,Rolls
20351,,0,Fast Food
1881,3.0,9,Momos
40417,,0,North Indian
7931,,0,South Indian
5179,3.9,52,Beverages
6078,3.5,31,Fast Food
46193,3.9,263,Asian
22244,,0,Ice Cream
4926,4.3,342,Ice Cream
5755,3.4,39,Sandwich
3377,4.4,3657,North Indian
9212,,0,Desserts
5932,,0,Desserts
27960,,0,Desserts
20717,,0,Ice Cream
1658,2.7,377,Chinese
6470,,0,Fast Food
12226,4.3,524,Asian
595,,0,North Indian
4829,3.8,76,North Indian
6368,3.5,11,Rolls
18332,4.0,956,Seafood
43184,3.7,46,Oriya
17731,,0,Biryani
14062,4.4,282,Burger
23726,4.4,4090,Burger
5655,3.3,9,Chinese
2816,3.9,315,Continental
15093,3.8,217,Chinese
1063,3.6,18,Chinese
528,3.7,266,South Indian
4937,4.3,269,Desserts
41003,3.5,14,North Indian
17261,3.9,112,Sandwich
10709,3.9,38,Sandwich
4125,4.1,433,Continental
5998,,0,Desserts
1453,3.4,102,North Indian
19721,3.8,97,Biryani
16349,3.3,6,BBQ
7786,,0,Fast Food
8538,3.1,120,Continental
1533,3.4,11,Seafood
48176,3.9,358,South Indian
42328,4.3,1033,South Indian
10870,3.3,6,Beverages
5841,3.5,14,North Indian
41829,3.7,67,Chinese
46113,3.8,30,Chinese
20180,4.0,121,Chinese
40628,2.6,382,Chinese
13615,4.1,1224,Chettinad
2812,3.8,190,Fast Food
4512,3.2,97,Fast Food
48822,,0,Kebab
8719,3.4,5,South Indian
7331,2.9,4,Biryani
654,3.2,202,Biryani
12753,,0,Street Food
22699,3.1,9,South Indian
5799,,0,Thai
18578,3.3,4,Burger
1580,3.3,4,Chinese
487,3.4,8,North Indian
42817,3.6,28,Chinese
183,3.9,90,Continental
1080,3.9,165,North Indian
22374,3.5,16,Chinese
35219,3.8,88,South Indian
42508,3.9,63,North Indian
4,4.1,787,North Indian
5429,3.2,59,South Indian
8565,3.8,52,Continental
7900,3.0,74,Continental
22471,3.9,321,Biryani
9067,,0,North Indian
5396,2.8,116,Rolls
9907,3.3,5,North Indian
42855,,0,North Indian
6296,,0,Chinese
13968,4.3,755,Seafood
42845,,0,South Indian
16161,3.2,4,North Indian
41696,3.1,9,Mangalorean
40279,3.2,4,Chinese
5483,2.9,22,North Indian
15936,3.9,187,Fast Food
41804,3.4,36,South Indian
15560,,0,Chinese
7618,,0,Fast Food
21045,3.7,95,Chinese
4050,3.0,68,Chinese
3314,3.7,62,North Indian
9214,,0,Thai
20857,3.6,30,Chinese
4606,3.0,9,Chinese
6652,2.7,33,South Indian
43935,3.0,29,Chinese
4381,2.9,76,Chinese
5600,3.0,25,Chinese
232,3.5,47,Chinese
21377,2.7,39,Chinese
7672,,0,Chinese
51672,,0,Chinese
19328,3.4,8,North Indian
13916,4.0,861,Bakery
5930,,0,Ice Cream
1110,2.5,118,Chinese
22138,3.8,17,Desserts
41113,3.8,107,Fast Food
8061,3.1,9,Juices
5990,3.3,10,Fast Food
9081,2.6,20,Biryani
47706,3.4,6,Biryani
46582,,0,North Indian
11642,,0,Street Food
7641,,0,Kebab
5950,,0,Biryani
23232,3.3,6,Fast Food
15981,,0,Juices
1282,2.8,33,Street Food
5638,3.5,17,South Indian
14247,3.9,224,Biryani
16848,,0,South Indian
4303,3.9,49,Desserts
5977,3.9,73,Desserts
1442,4.1,210,Desserts
41601,3.8,33,Desserts
10197,3.9,61,Desserts
22323,4.0,120,Desserts
41998,3.7,71,Desserts
41254,,0,North Indian
22115,,0,South Indian
7071,,0,North Indian
8798,3.9,15,Street Food
40981,,0,South Indian
8495,,0,Chinese
48173,4.0,339,North Indian
5451,3.6,24,North Indian
48552,,0,Beverages
3244,,0,Chinese
7039,,0,Fast Food
2011,,0,South Indian
15161,,0,Fast Food
6876,3.4,186,North Indian
13389,,0,Chinese
4140,3.8,77,Bengali
22207,3.5,54,Biryani
8359,3.9,41,Street Food
6647,3.7,33,Chinese
23565,3.7,161,North Indian
9756,3.4,5,Beverages
48216,4.0,182,Street Food
41939,3.3,5,Chinese
23272,3.3,351,South Indian
22489,3.1,5,Biryani
41800,,0,Fast Food
18088,,0,Chinese
15640,,0,North Indian
3589,3.2,4,Beverages
2842,3.5,18,Street Food
13486,3.0,9,Fast Food
5012,,0,Juices
1687,3.7,129,Fast Food
1645,4.1,211,Juices
4471,3.5,5,Fast Food
16035,3.2,17,Beverages
40441,3.5,20,South Indian
42391,,0,Chinese
23496,,0,North Indian
13295,3.4,5,Beverages
1764,3.7,40,North Indian
22837,3.5,14,North Indian
46390,3.9,56,Street Food
27,3.1,4,North Indian
7444,,0,South Indian
3882,3.6,22,Chinese
605,3.2,119,Chinese
10623,3.6,11,North Indian
19887,3.1,54,North Indian
20145,3.6,64,North Indian
6312,3.4,19,North Indian
4094,3.5,234,North Indian
21048,3.5,9,North Indian
1132,3.7,22,Desserts
22328,,0,Street Food
22381,,0,Street Food
15529,,0,Street Food
6863,,0,Chinese
42849,3.3,7,Mithai
7468,2.9,60,Biryani
20284,3.4,5,North Indian
7959,3.0,17,Chinese
40361,3.4,7,South Indian
21188,4.0,156,North Indian
74,3.7,14,North Indian
693,,0,Street Food
21663,,0,Juices
1898,3.6,14,North Indian
2241,3.2,4,North Indian
1919,2.8,21,Chinese
5061,,0,Chinese
3604,3.4,6,South Indian
18580,3.6,22,Street Food
1306,,0,Mithai
40520,,0,Andhra
2679,3.6,10,North Indian
17673,3.8,30,Desserts
23275,3.7,71,South Indian
3289,3.7,27,North Indian
23588,3.5,11,Street Food
21980,3.6,73,North Indian
5130,3.6,336,Biryani
39871,3.8,88,North Indian
10888,,0,Seafood
5378,,0,Fast Food
616,,0,Chinese
42061,3.4,9,Street Food
7673,,0,Street Food
3448,,0,South Indian
16036,,0,South Indian
43285,3.5,11,Chinese
676,4.1,175,North Indian
17625,,0,North Indian
13849,,0,North Indian
15636,3.2,9,North Indian
41326,3.3,4,Chinese
14585,3.7,443,Chinese
14199,4.2,770,North Indian
4382,3.8,106,Chinese
39881,3.8,16,North Indian
22406,3.9,265,North Indian
17988,3.4,13,North Indian
3899,3.1,226,North Indian
1995,4.0,64,North Indian
47639,4.0,141,North Indian
40910,3.9,160,North Indian
5028,3.6,30,Biryani
19633,3.1,19,Sandwich
42209,3.5,7,Chinese
8461,,0,Desserts
46642,,0,Street Food
1171,4.0,98,Street Food
41999,3.8,28,Street Food
22352,3.4,5,Juices
48491,,0,North Indian
3264,,0,North Indian
660,,0,Chinese
4970,,0,South Indian
3865,3.8,135,North Indian
3848,3.8,7,North Indian
1832,3.8,99,North Indian
32368,3.6,28,South Indian
10618,3.0,67,North Indian
1510,3.6,24,Chinese
15704,,0,South Indian
645,3.4,5,Mithai
46,3.8,42,North Indian
13652,3.6,592,Chinese
4453,3.9,661,Chinese
48591,,0,Desserts
29,3.8,148,Cafe
23353,3.6,62,Cafe
2200,,0,Fast Food
47419,,0,Chinese
7574,3.6,27,Chinese
48264,3.4,83,North Indian
14740,3.9,160,North Indian
41266,3.7,53,Chinese
24620,3.6,108,North Indian
3768,3.7,131,North Indian
23437,3.6,70,Chinese
22768,3.9,96,North Indian
1222,3.6,16,Street Food
30425,3.7,34,Chinese
14188,4.3,687,Chinese
19028,,0,BBQ
48571,3.3,6,South Indian
1365,,0,North Indian
21954,4.0,161,North Indian
3468,3.9,135,North Indian
7868,,0,Biryani
5628,,0,Chinese
10666,,0,North Indian
7844,,0,South Indian
1251,,0,Chinese
14136,,0,Chinese
18035,,0,Fast Food
48492,3.4,10,Kebab
7190,,0,Chinese
315,,0,North Indian
2181,,0,Chinese
7603,3.3,9,North Indian
40382,,0,North Indian
13947,4.2,583,Desserts
42269,4.3,177,Desserts
1388,4.1,108,Desserts
1300,4.2,1355,Desserts
14000,4.1,526,Desserts
8785,3.8,34,Desserts
3530,3.9,38,Desserts
23780,3.8,15,Desserts
16888,3.9,34,Desserts
39008,4.0,399,Desserts
11883,4.2,386,Desserts
3966,3.9,52,Desserts
2687,3.5,6,Desserts
10928,3.6,30,North Indian
1959,3.7,0,Chinese
311,3.4,6,Chinese
12267,2.7,77,Chinese
518,,0,Continental
5437,,0,Chinese
16221,3.6,119,North Indian
7304,3.2,66,Chinese
38493,3.3,4,Finger Food
17061,,0,Beverages
2728,4.1,153,Italian
2234,,0,Ice Cream
4460,,0,Continental
12348,4.0,209,Momos
24256,4.3,295,Italian
6180,3.9,239,Ice Cream
1049,4.3,860,Ice Cream
4427,4.1,507,Ice Cream
48320,4.1,179,Ice Cream
4469,3.9,228,Ice Cream
41618,4.0,255,Ice Cream
17934,4.1,284,Ice Cream
18827,4.3,544,Cafe
3560,4.3,556,Cafe
13861,4.5,2687,Cafe
1266,4.5,2594,Cafe
27279,3.8,70,Juices
5149,,0,Beverages
4232,4.2,2192,Chinese
41539,4.6,2315,North Indian
13516,,0,Chinese
16239,,0,BBQ
3506,3.7,15,South Indian
1177,3.4,7,North Indian
29141,3.4,5,Desserts
10808,,0,Beverages
43243,3.8,52,Desserts
6041,3.6,19,North Indian
41584,3.7,42,Street Food
14762,3.8,73,North Indian
8204,,0,South Indian
36450,3.8,33,North Indian
16711,3.8,32,North Indian
28558,3.3,4,Sandwich
7355,3.3,10,Chinese
41107,3.5,41,Sandwich
46200,3.7,167,Sandwich
39964,3.4,141,Sandwich
1161,3.7,136,Fast Food
26391,4.0,273,Fast Food
1719,3.7,218,Fast Food
3497,3.9,107,Fast Food
19407,2.4,258,Fast Food
20429,2.8,52,Fast Food
13809,2.7,61,Fast Food
2028,3.8,177,Fast Food
22766,4.0,209,Fast Food
14748,3.3,69,Fast Food
14667,3.7,106,Fast Food
3854,3.7,38,Fast Food
17846,3.1,113,Fast Food
6690,3.6,74,Fast Food
1946,3.9,146,Fast Food
41598,2.4,71,Salad
10015,3.9,93,Fast Food
22523,3.8,159,Fast Food
12584,3.1,382,Fast Food
4407,3.2,166,Fast Food
6919,3.6,12,Fast Food
10591,,0,Fast Food
534,4.2,2022,South Indian
9017,3.2,4,North Indian
18932,4.0,388,Biryani
17382,3.7,287,Biryani
5717,,0,North Indian
23299,3.7,105,Mughlai
4891,3.7,111,Chinese
9864,,0,Bakery
22718,2.7,16,Beverages
342,3.8,39,Desserts
268,,0,Desserts
5371,3.9,53,Desserts
29233,,0,Desserts
7231,,0,North Indian
38488,3.8,254,North Indian
3253,3.8,473,North Indian
2064,3.8,155,North Indian
23081,2.7,182,South Indian
42179,3.7,89,Chinese
38738,3.8,54,South Indian
3715,3.6,21,Chinese
43883,2.7,28,Chinese
13480,3.8,21,Beverages
22020,,0,Hyderabadi
3275,4.1,361,Hyderabadi
23436,3.3,7,Chinese
46560,3.9,59,Rolls
9277,3.2,10,North Indian
19327,3.0,10,North Indian
6911,3.0,12,North Indian
5360,3.1,5,North Indian
17001,2.8,21,North Indian
25020,2.9,38,North Indian
5828,3.3,4,Beverages
48283,3.2,37,Biryani
1026,4.5,3458,Mughlai
23033,,0,Turkish
46002,3.5,108,Fast Food
11425,3.2,4,Chinese
46702,3.3,4,Chinese
41697,3.3,7,North Indian
5666,3.8,499,Continental
14080,3.7,69,Continental
2654,3.8,362,Continental
41836,3.3,44,Thai
11998,4.1,1327,Italian
46717,,0,Italian
2414,3.0,13,Fast Food
7237,3.7,62,American
438,,0,South Indian
43398,3.5,10,Chinese
821,,0,Chinese
1983,,0,Biryani
436,,0,South Indian
7816,,0,North Indian
2891,3.8,18,Seafood
18377,4.1,926,Seafood
4059,4.5,125,Seafood
9673,4.2,444,Maharashtrian
42258,3.8,273,Chinese
11843,3.9,31,Andhra
22848,,0,South Indian
23273,,0,Chinese
29501,,0,North Indian
23497,3.5,13,Chinese
26142,3.3,6,Fast Food
40313,3.1,8,North Indian
6237,3.3,5,Mithai
8381,3.7,26,Mithai
7832,3.5,15,South Indian
621,,0,Juices
4722,,0,Biryani
4393,3.6,34,Chinese
508,,0,North Indian
41911,2.5,60,North Indian
14518,3.6,51,South Indian
1321,3.7,38,Chinese
24944,2.6,210,Chinese
5650,3.6,49,Chinese
2201,,0,Chinese
1327,3.6,216,Chinese
7044,,0,Chinese
10846,,0,Biryani
7203,3.4,6,Chinese
40470,3.1,7,Fast Food
29065,3.3,104,Chinese
5752,3.7,115,North Indian
20159,3.5,13,Chinese
1726,3.4,4,Fast Food
1853,3.5,179,Chinese
41788,,0,Fast Food
41913,3.5,15,South Indian
40359,3.4,7,Chinese
51022,3.5,16,Chinese
43898,3.4,16,South Indian
21176,3.6,53,Chinese
1526,4.1,783,North Indian
43905,,0,North Indian
15781,,0,North Indian
38734,,0,North Indian
25197,3.4,24,South Indian
15926,,0,Desserts
41815,3.4,589,North Indian
41777,3.8,591,North Indian
613,,0,Juices
48573,3.2,11,Chinese
5558,3.9,218,Seafood
49155,3.7,174,North Indian
5180,3.7,291,North Indian
42275,3.9,35,North Indian
4336,3.9,14,North Indian
3443,,0,North Indian
1604,3.8,36,North Indian
10746,3.5,165,North Indian
417,,0,Kebab
8904,2.9,8,Fast Food
1479,,0,Desserts
47212,3.5,25,Fast Food
12907,3.5,9,Fast Food
11607,3.5,50,Fast Food
16367,3.4,11,Desserts
48619,3.3,4,Fast Food
7363,2.8,25,Desserts
24962,3.2,11,Fast Food
42046,3.4,9,Fast Food
2763,4.0,186,Fast Food
21912,2.8,60,Fast Food
41687,3.1,7,Fast Food
46255,2.7,19,Fast Food
5896,3.1,20,Fast Food
10010,3.6,27,Fast Food
567,3.0,60,Fast Food
4435,3.8,111,Fast Food
19061,2.8,34,Fast Food
15771,3.8,113,Fast Food
7588,,0,Ice Cream
4908,3.7,19,Street Food
1615,3.2,17,Ice Cream
40502,3.4,6,Bakery
691,3.3,9,Fast Food
20730,,0,Fast Food
40496,3.3,4,Desserts
15555,4.0,28,Desserts
6097,3.7,21,Desserts
761,3.9,81,Desserts
158,3.9,35,Desserts
5939,,0,Desserts
17663,3.8,23,Desserts
47470,4.3,26,Desserts
7971,4.1,41,Desserts
21858,3.9,12,Desserts
42067,3.9,35,Desserts
11628,4.0,48,Desserts
40711,3.9,40,Desserts
39976,3.8,25,Desserts
1276,,0,Desserts
3571,4.0,29,Desserts
22266,3.9,35,Desserts
17930,4.0,48,Desserts
2626,3.7,33,Desserts
10148,4.2,50,Desserts
13484,4.1,49,Desserts
16940,3.8,51,Desserts
8533,4.0,19,Desserts
43409,4.0,55,Desserts
41536,3.9,20,Desserts
16328,4.1,23,Desserts
4534,3.9,34,Desserts
41672,,0,Beverages
18422,3.8,201,Chinese
45978,3.3,6,Bakery
42031,,0,Desserts
41625,3.7,34,Beverages
4091,3.9,180,Thai
166,4.2,1647,Thai
5099,3.2,4,Street Food
23562,3.6,21,Beverages
4820,3.2,4,North Indian
105,3.9,93,Italian
22131,3.6,17,Fast Food
4021,4.1,402,Mughlai
17118,3.7,29,Desserts
40390,,0,Fast Food
2553,3.8,47,Street Food
4018,4.1,521,Continental
10120,3.8,30,American
1760,4.1,1959,American
22289,4.0,777,American
19861,3.9,147,American
12073,4.0,910,American
5162,3.7,168,American
3057,4.1,389,American
15086,,0,Japanese
4146,3.5,126,Momos
41865,3.7,101,Thai
42304,,0,Kebab
5220,3.8,149,Mughlai
7579,3.8,83,BBQ
5470,3.7,110,Chinese
2686,3.8,68,Biryani
18878,3.5,10,Continental
17355,3.1,39,Chinese
22383,,0,Desserts
8090,3.7,85,Italian
38590,3.3,4,North Indian
25015,2.7,227,North Indian
23274,3.9,611,Continental
4967,4.0,181,Chinese
21795,,0,Fast Food
40890,3.9,168,North Indian
17069,3.5,69,North Indian
5547,,0,Sandwich
6122,3.6,71,Chinese
5267,4.1,1003,Mughlai
6993,2.2,90,Chinese
3585,3.4,22,Chinese
7782,3.0,39,Chinese
5515,,0,Rolls
43244,3.5,98,Chinese
4802,,0,Chinese
17392,3.5,5,Chinese
46160,3.0,46,Chinese
5509,,0,Chinese
17489,3.9,81,Chinese
820,3.0,290,Chinese
1956,3.5,8,Chinese
7636,3.5,13,Chinese
16012,4.3,1788,North Indian
8130,,0,Chinese
17598,3.2,5,Mughlai
19753,2.7,24,Mughlai
5215,3.6,27,South Indian
22648,3.4,28,Mexican
985,4.0,0,Italian
15214,3.5,124,American
48258,3.5,9,Sandwich
5139,3.6,29,Thai
1256,3.1,7,Chinese
4329,,0,Mughlai
3665,,0,South Indian
1018,3.4,183,North Indian
4644,4.1,322,Asian
11193,,0,Rolls
4390,4.0,265,Rolls
925,,0,Rolls
4753,3.8,12,Rolls
756,3.6,43,North Indian
16215,3.6,25,Bengali
8889,,0,Fast Food
15660,,0,Biryani
40383,,0,Fast Food
46256,,0,Kerala
22812,,0,South Indian
2912,3.2,23,North Indian
5263,,0,South Indian
40418,,0,North Indian
7029,,0,North Indian
5405,3.1,5,Rolls
15029,2.2,48,Seafood
4878,3.1,59,Chinese
2677,3.6,23,Kerala
17566,3.6,22,Chinese
23352,3.5,324,Mughlai
4784,3.5,22,Momos
251,,0,Rajasthani
13803,4.0,336,Chinese
23610,,0,North Indian
5584,3.7,23,Fast Food
41666,3.2,10,Beverages
14651,4.0,58,South Indian
7751,3.7,21,North Indian
3317,3.7,21,Pizza
45993,3.0,29,Chinese
41480,2.9,6,South Indian
20790,,0,Mughlai
253,3.1,245,Chinese
46490,,0,North Indian
24805,,0,South Indian
46289,3.2,4,Chinese
774,,0,Chinese
174,3.3,4,Chinese
21312,,0,Chinese
4718,3.4,10,Ice Cream
5473,3.4,8,North Indian
5928,2.7,73,North Indian
41571,3.6,60,Street Food
5077,3.4,5,Seafood
35831,3.7,98,Mughlai
5775,3.3,9,Sandwich
7627,,0,South Indian
10887,3.1,131,Chinese
5380,,0,Chinese
5724,,0,Mughlai
21031,3.7,82,Sandwich
13970,3.9,660,Tea
1373,3.7,31,Tea
3642,3.9,67,Tea
39817,,0,Tea
39017,3.2,9,Tea
3532,3.6,34,Fast Food
22220,3.4,12,Biryani
607,3.8,122,Seafood
46120,3.9,116,Chinese
594,3.3,7,Rolls
3696,3.0,9,North Indian
15357,3.7,70,North Indian
15862,4.0,736,North Indian
957,3.9,44,Chinese
6719,3.0,175,North Indian
16799,3.8,168,Chinese
51422,3.2,41,Chinese
18019,3.8,26,North Indian
11772,4.7,6745,Asian
43507,4.4,619,Asian
7993,4.0,77,Beverages
8990,3.5,10,Tea
1613,,0,Tea
4944,3.3,5,Fast Food
13927,4.1,1141,Continental
19021,,0,Chinese
3534,2.9,19,Continental
3562,,0,Tea
1328,4.3,633,Continental
7907,4.2,859,Tea
7727,,0,Tea
23297,4.1,98,Continental
22447,4.4,203,Chinese
17048,3.6,193,North Indian
5306,,0,North Indian
21311,,0,South Indian
3113,,0,South Indian
1409,4.2,413,Desserts
2097,3.5,12,South Indian
4346,,0,Andhra
5277,3.0,6,Biryani
55,,0,South Indian
16933,4.1,131,Beverages
374,,0,Chinese
11478,3.9,122,Chinese
17000,3.5,15,Salad
6558,,0,Chinese
4495,4.2,522,Chinese
3517,4.0,61,Italian
8439,3.6,25,Chinese
40908,4.0,244,Lucknowi
4711,3.8,59,Mithai
17659,3.1,23,Chinese
6366,3.2,41,Beverages
7204,3.9,1337,Burger
7871,3.3,4,Desserts
40633,3.4,7,Thai
3255,4.3,378,Asian
40591,3.5,21,Biryani
8404,3.1,4,North Indian
7018,,0,Kerala
9027,,0,South Indian
23716,3.6,30,North Indian
1998,3.6,382,Biryani
41490,3.8,462,Biryani
215,3.1,509,Biryani
5154,,0,Biryani
2951,3.9,418,Biryani
3864,3.4,692,Biryani
904,3.8,571,Biryani
18260,3.0,530,Biryani
27892,3.9,420,Biryani
24014,3.6,24,North Indian
2567,3.6,23,North Indian
5239,,0,North Indian
4285,3.3,7,North Indian
21150,3.3,18,North Indian
9701,3.4,21,North Indian
961,3.9,135,Chinese
41585,3.8,67,Desserts
48448,3.1,8,Desserts
9521,3.9,100,Desserts
1293,3.6,69,Desserts
22369,3.8,109,Desserts
3659,3.6,28,Desserts
40102,3.7,69,Desserts
6130,,0,Desserts
564,3.7,54,Desserts
43200,3.6,21,Desserts
1605,3.6,163,Chinese
612,,0,Fast Food
3989,3.8,84,North Indian
5503,3.1,100,Italian
7509,3.6,30,Chinese
13867,4.4,4575,North Indian
21741,3.2,5,Desserts
1530,4.1,130,Italian
9933,3.8,273,North Indian
13886,3.9,1380,Italian
31805,4.1,100,Continental
5143,2.6,51,North Indian
41578,4.5,785,Thai
17379,3.5,151,Chinese
9144,2.4,32,Fast Food
5876,3.2,5,Desserts
1279,3.7,33,Desserts
41592,3.3,8,Beverages
12177,4.1,473,North Indian
13937,4.3,606,Chinese
13342,,0,Chinese
13583,4.2,240,North Indian
23378,2.6,254,Chinese
851,2.6,329,North Indian
42105,4.1,730,North Indian
4193,4.2,1168,Chinese
40173,4.1,673,North Indian
18841,3.4,77,Chinese
45970,3.9,523,Italian
41518,3.7,31,Beverages
4573,4.1,129,Beverages
8628,4.2,184,Beverages
46047,3.7,15,Beverages
22245,3.8,32,Beverages
1382,3.8,152,Beverages
4443,3.7,73,Beverages
13084,4.1,117,Asian
23629,4.3,576,North Indian
40798,4.3,2283,BBQ
5001,4.3,3485,BBQ
762,4.7,544,North Indian
41663,3.9,105,Beverages
20112,3.4,9,Chinese
424,4.0,66,Desserts
20272,3.8,45,Mughlai
9205,3.7,31,Chinese
6782,3.1,30,Biryani
371,4.1,520,Chinese
10505,3.0,12,Andhra
12263,3.8,32,South Indian
5910,4.4,76,North Indian
42836,,0,North Indian
14553,3.8,426,Biryani
17091,3.6,23,Goan
987,4.7,10413,European
3477,4.8,7023,European
18245,4.3,4187,Salad
8807,3.7,91,Bakery
24685,3.6,34,Oriya
25,4.6,228,Beverages
4909,3.1,38,North Indian
2524,3.8,60,North Indian
43499,4.8,4696,Continental
11195,4.6,4947,Continental
9166,,0,North Indian
133,3.9,90,South Indian
9208,3.4,10,North Indian
4888,3.7,58,Sandwich
9938,3.5,64,Sandwich
19520,3.1,16,South Indian
7717,,0,Continental
22059,3.7,44,Continental
7758,,0,Pan Asian
4543,4.4,223,Continental
4159,3.8,26,Continental
1702,3.0,29,Fast Food
10278,3.2,4,Continental
3935,3.7,29,Fast Food
3288,3.5,9,Fast Food
719,,0,Fast Food
15664,3.5,22,Desserts
47482,3.4,12,Desserts
17225,3.6,13,Desserts
5394,3.2,18,Desserts
1348,4.2,223,Salad
20908,,0,Tea
4133,,0,Tea
6272,4.1,291,Pizza
4578,2.9,50,North Indian
15030,3.3,4,North Indian
51299,3.4,17,Mughlai
6085,,0,Chinese
21851,3.8,311,North Indian
40228,,0,Chinese
19255,3.8,166,Chinese
6168,4.2,229,Continental
13749,3.3,4,Biryani
28144,3.0,13,Thai
14171,3.8,135,Cafe
22237,4.1,399,Cafe
16886,3.1,175,Cafe
2670,,0,Cafe
22280,3.9,64,Bakery
4872,,0,Bakery
24124,3.8,63,Desserts
1407,3.9,153,Desserts
760,2.8,44,Beverages
8016,3.9,205,Bakery
5403,,0,Chinese
29121,3.5,11,Bakery
4783,4.2,1031,Thai
39821,3.0,38,Coffee
69,4.2,164,Chinese
11821,4.1,512,Continental
827,3.3,7,North Indian
20014,,0,Juices
8936,,0,Desserts
8774,3.9,296,Italian
7472,,0,Beverages
40794,4.4,383,Continental
41698,3.5,11,Cafe
4729,3.6,16,Beverages
2705,4.0,25,Desserts
6672,3.4,116,South Indian
1650,4.0,130,North Indian
4633,3.7,58,North Indian
21250,3.7,23,Desserts
7934,3.7,91,Chinese
20151,2.7,18,Chinese
20590,3.6,197,Chinese
1219,3.7,74,Continental
16832,3.2,6,Desserts
51334,3.7,25,Salad
46053,4.3,3077,Continental
7254,2.8,5,Beverages
20776,,0,Beverages
521,,0,Beverages
7801,,0,Beverages
17816,3.9,191,Chinese
40850,4.0,328,North Indian
40452,3.6,19,Italian
1468,,0,Continental
18424,4.0,738,American
5432,4.0,1305,American
4087,4.2,1766,American
2491,4.0,136,American
41504,4.0,380,American
1184,3.6,399,Asian
6294,3.8,20,Beverages
89,3.7,34,Continental
41590,4.0,65,Fast Food
18416,4.1,1739,Italian
14705,4.6,3760,Thai
22143,3.5,9,North Indian
25472,4.1,620,Coffee
23276,4.0,55,Coffee
3435,4.4,4099,Goan
23692,4.3,223,South Indian
21838,3.2,7,Chinese
3995,4.2,233,Fast Food
8619,4.0,24,Bakery
1037,,0,Continental
3837,,0,Chinese
4916,3.7,48,North Indian
6801,4.0,176,Burger
10731,2.7,42,Chinese
9830,,0,South Indian
3230,3.7,42,Chinese
729,3.0,67,Chinese
22267,3.4,10,Desserts
5443,2.8,142,Desserts
13306,2.9,46,Desserts
21782,,0,Desserts
10479,3.1,15,Desserts
6103,3.1,31,Desserts
17932,3.5,138,Desserts
22034,3.5,17,Desserts
650,2.6,64,Desserts
43444,3.2,4,Desserts
17613,,0,Desserts
5307,,0,Desserts
16387,3.8,34,Desserts
7298,2.9,25,Desserts
21697,,0,Desserts
29144,3.1,14,Sandwich
42029,,0,Fast Food
14055,4.2,128,Bakery
5252,,0,Bakery
15666,4.1,41,Bakery
42478,4.8,3932,North Indian
968,4.4,201,North Indian
36369,3.6,70,Mughlai
12728,3.5,14,North Indian
368,3.6,6,North Indian
1675,3.7,9,North Indian
8536,3.6,8,North Indian
17615,3.1,6,North Indian
39870,3.6,18,North Indian
23986,3.5,15,North Indian
9550,3.6,10,North Indian
20785,3.9,23,North Indian
48255,,0,North Indian
28453,3.7,13,North Indian
4099,3.6,10,North Indian
3026,3.6,11,North Indian
39070,3.8,30,North Indian
11543,3.7,6,North Indian
9810,4.1,54,North Indian
20972,,0,North Indian
10899,,0,Chinese
34581,,0,Chinese
3974,3.2,35,Chinese
38519,3.2,13,Chinese
38956,4.3,1143,South Indian
21941,4.0,178,Mexican
4332,4.1,765,Mexican
1072,2.8,80,Arabian
4260,4.0,797,Italian
5255,3.1,16,Mithai
6157,,0,Ice Cream
41551,,0,Chinese
21779,,0,Desserts
6454,3.9,95,Fast Food
3481,4.3,994,Chinese
46296,3.3,6,Fast Food
38988,4.3,854,Biryani
41615,3.8,120,Bakery
24168,4.6,7129,American
8544,3.5,29,Fast Food
7902,3.7,51,Fast Food
13656,4.0,115,Continental
10729,3.9,34,Bakery
11923,4.0,2418,European
46081,3.8,46,Italian
5316,3.9,36,Sandwich
3925,3.8,57,Italian
1747,3.6,20,Chinese
651,3.9,117,Continental
41008,4.0,146,Nepalese
17188,2.8,64,Hyderabadi
20683,,0,Chinese
505,3.4,4,North Indian
42529,,0,South Indian
4758,4.2,793,American
40632,4.3,1776,American
19881,2.8,20,Burger
4946,4.0,134,Beverages
280,4.0,116,Thai
5124,,0,Beverages
2186,,0,North Indian
25053,3.9,39,Fast Food
41743,,0,Sandwich
7099,3.5,13,Juices
5212,3.5,13,Mexican
38975,4.2,358,Chinese
4177,4.3,49,Biryani
13523,4.0,773,North Indian
40250,4.0,210,Thai
41015,3.4,5,Chinese
458,3.7,28,Chinese
6176,,0,Andhra
6810,3.2,42,North Indian
15634,2.9,94,North Indian
6848,3.3,18,Chinese
4674,4.4,218,Konkan
6695,4.1,37,Fast Food
147,3.9,888,South Indian
46518,3.8,23,South Indian
1545,4.0,136,Fast Food
51308,3.7,19,Chinese
42043,3.2,33,Desserts
2296,3.8,28,Desserts
5854,3.7,42,Juices
7578,3.3,4,Desserts
752,4.1,185,Desserts
5859,3.8,37,Desserts
18158,3.9,72,Bakery
245,3.3,5,Thai
46405,4.2,53,Chinese
40398,3.6,21,Italian
9238,3.5,136,Chinese
7862,3.8,27,Momos
2836,3.3,4,North Indian
7788,3.4,8,North Indian
2818,3.8,25,North Indian
22448,4.2,1196,Continental
23682,3.8,152,Pizza
23658,4.0,1408,American
46321,,0,North Indian
42318,4.5,3953,North Indian
3660,,0,Fast Food
6259,,0,Fast Food
46178,3.8,44,Fast Food
3892,,0,Burger
24274,3.1,25,Fast Food
112,4.1,31,Beverages
631,3.7,151,Afghani
14988,3.7,34,North Indian
5619,3.5,11,Desserts
49,3.7,28,Chinese
2156,,0,Fast Food
3196,4.1,229,Mangalorean
15662,3.5,44,North Indian
5082,4.3,62,Desserts
18287,4.4,542,Continental
8503,4.3,622,European
3680,4.2,258,Street Food
28639,3.8,72,Chinese
21360,,0,Desserts
2604,4.0,47,Fast Food
3368,3.2,40,Fast Food
19264,,0,Fast Food
41525,3.0,8,Fast Food
4288,3.7,29,Fast Food
21187,3.6,10,Fast Food
40066,,0,Fast Food
24641,3.5,17,Fast Food
42514,2.6,62,Chinese
21239,3.3,22,North Indian
4622,3.6,18,Street Food
46043,3.7,25,Tibetan
3125,3.7,89,North Indian
12675,,0,Chinese
2549,4.1,119,Kerala
41367,3.4,13,North Indian
7863,3.3,4,Chinese
6802,3.0,53,Chinese
21276,3.2,15,Chinese
3955,4.3,220,Italian
6301,,0,Continental
7095,,0,Chinese
23630,4.5,578,North Indian
4052,4.2,2924,American
1082,3.3,177,Chinese
4321,4.2,2273,North Indian
8037,3.7,15,Chinese
48137,3.7,55,Continental
8523,3.9,158,Thai
22261,4.1,71,Beverages
40801,4.5,2745,Mediterranean
2335,4.6,117,Beverages
13675,2.9,319,Chinese
4651,3.5,239,Seafood
41914,3.8,53,Chinese
6738,3.0,18,Chinese
40523,,0,Sandwich
690,3.8,60,Desserts
40527,3.4,14,Bakery
1084,2.7,43,Continental
15026,3.6,11,Fast Food
42077,4.2,563,Mediterranean
16818,4.8,1724,Pizza
1455,2.8,45,Italian
548,,0,Beverages
18192,4.3,721,Finger Food
4602,2.9,32,Mughlai
41778,4.1,500,Chinese
46111,3.5,15,Chinese
38972,4.2,371,Continental
3996,3.7,404,North Indian
2304,3.9,163,North Indian
51647,3.8,26,North Indian
41933,3.7,33,Chinese
4637,4.1,1318,Continental
809,4.2,1137,Continental
25269,3.7,82,Momos
402,3.3,6,North Indian
3154,3.7,483,Steak
5710,2.9,48,Fast Food
11119,4.5,2540,North Indian
51,3.7,23,Chinese
7368,3.2,47,Burger
3875,4.3,500,Momos
5487,,0,Biryani
7276,,0,Biryani
46168,3.8,43,European
5564,4.3,1585,Finger Food
1619,4.3,1037,Asian
16219,4.0,74,Desserts
14886,3.3,4,Asian
494,4.2,815,Chinese
3507,4.0,107,Healthy Food
35324,4.1,94,Mediterranean
2068,,0,Mithai
2823,3.9,61,Fast Food
7040,,0,Desserts
21905,3.7,68,Andhra
7024,3.3,8,Fast Food
6456,3.3,94,Fast Food
3588,,0,Fast Food
43456,,0,Desserts
1158,,0,Beverages
23468,3.7,100,South Indian
4917,4.3,516,European
46226,,0,Fast Food
639,3.8,176,Afghani
2775,3.7,66,Mediterranean
8484,4.2,347,Mughlai
20763,3.6,30,South Indian
11253,3.1,29,Mughlai
1882,3.7,124,North Indian
16830,3.3,15,Rolls
7540,4.3,760,North Indian
16723,4.2,560,Maharashtrian
23291,3.7,18,Continental
41630,3.7,16,Fast Food
42091,4.0,775,American
1424,3.8,20,Beverages
5170,4.3,241,Desserts
12467,3.8,25,Bakery
9283,,0,Bakery
16130,3.9,39,Desserts
1003,,0,Desserts
938,3.5,12,Mughlai
3539,3.9,60,Fast Food
4216,4.0,1913,Japanese
5379,,0,Fast Food
40259,3.7,51,Chinese
5322,4.2,1876,Continental
986,4.0,119,Continental
11175,4.6,866,Finger Food
9179,3.3,7,Lucknowi
8928,3.6,8,Juices
16408,4.0,120,Juices
7554,4.3,235,Juices
4613,2.8,19,Juices
25552,4.1,107,Juices
18646,,0,North Indian
17587,2.9,68,Italian
7834,2.9,16,Italian
79,3.7,133,Thai
7335,3.4,7,South Indian
3874,,0,Italian
18389,4.0,726,Continental
1783,3.6,35,Chinese
10842,,0,Beverages
22632,3.9,77,Chinese
1339,4.1,306,Continental
5015,4.0,600,Beverages
2145,,0,North Indian
19801,3.6,12,Chinese
40443,3.0,9,Chinese
127,3.0,62,French
17617,4.0,167,Street Food
3719,4.3,116,Ice Cream
5041,3.9,46,Beverages
46366,4.2,149,Fast Food
8693,3.8,24,Beverages
15958,3.7,43,North Indian
23498,,0,Chinese
8673,4.0,1701,Continental
40138,4.2,1113,Continental
8041,3.9,56,Sandwich
98,2.8,89,Momos
3040,4.1,270,Chinese
40119,4.2,221,Chinese
4774,3.4,7,Chinese
328,3.8,584,Mughlai
27973,3.8,584,Mughlai
41342,,0,Chinese
26597,4.4,2075,North Indian
1343,3.6,16,Continental
4907,4.2,1208,Healthy Food
1241,4.1,60,Healthy Food
42665,3.8,28,Chinese
6889,3.5,13,Street Food
5092,3.4,26,Street Food
39333,3.8,46,Kerala
6359,3.5,27,South Indian
2323,,0,Street Food
4665,3.4,19,North Indian
48898,3.1,61,South Indian
41322,,0,Fast Food
3868,4.2,140,Continental
39022,4.3,90,Continental
13884,4.2,311,Continental
24173,4.4,1227,Continental
16870,,0,Continental
8941,,0,Continental
7685,3.5,51,Finger Food
3632,3.3,294,Seafood
873,3.2,79,Beverages
5802,4.1,211,Fast Food
4016,3.8,69,South Indian
30278,3.8,71,South Indian
22268,3.6,8,Desserts
5120,,0,Beverages
9133,4.3,1196,Continental
18251,4.1,3864,Continental
42856,,0,Asian
2935,3.4,9,Seafood
12153,3.9,234,North Indian
15211,3.6,179,Biryani
1333,,0,Chinese
6962,4.2,141,Mediterranean
12886,3.5,70,Rolls
41232,2.9,17,Rolls
11391,3.8,24,Rolls
15675,3.0,22,Rolls
2490,4.3,245,Chinese
4311,4.0,957,Chinese
8545,2.9,31,Italian
16725,3.8,137,South Indian
15911,,0,Chinese
2597,4.0,188,Lucknowi
15892,4.0,70,Mughlai
1740,3.7,69,North Indian
113,3.4,7,Chinese
11691,4.1,1235,American
139,3.6,39,Sandwich
5105,4.4,3667,Thai
17993,,0,Chinese
790,4.2,882,North Indian
5615,,0,Biryani
18275,4.2,2901,Continental
18271,4.4,2993,Continental
3438,4.4,2182,Chinese
13230,,0,Hyderabadi
3871,3.8,54,Fast Food
6225,,0,Fast Food
8768,3.9,75,Street Food
42,3.8,70,Street Food
40500,,0,Desserts
5107,,0,Street Food
6043,3.2,6,Street Food
39013,3.9,250,Italian
13936,4.6,1082,Asian
18225,4.7,14956,American
5520,3.5,12,Beverages
9861,,0,Chinese
4963,3.5,283,North Indian
42976,,0,Bengali
6166,3.5,13,Chinese
38963,4.3,1099,Salad
1031,4.5,710,Salad
18855,4.3,1017,Salad
4361,4.4,1842,Salad
1047,4.3,1129,Salad
40834,4.3,654,Italian
22668,,0,Italian
6194,,0,Burger
20238,3.8,60,Mughlai
15213,3.9,543,Mughlai
43016,3.8,79,Chinese
19813,2.8,31,North Indian
17235,3.3,405,Fast Food
115,3.8,74,Chinese
14092,4.4,189,Chinese
901,3.6,31,North Indian
8620,4.2,618,Burger
6263,4.4,100,Continental
2873,,0,Beverages
46324,3.6,18,South Indian
14245,2.9,156,Beverages
21497,3.2,4,Chinese
5778,3.6,33,North Indian
48377,2.8,9,Fast Food
11410,3.8,102,Ice Cream
7239,3.6,14,Rolls
2319,,0,Andhra
9981,4.2,70,Burger
1918,,0,Fast Food
13767,4.6,1308,American
8669,4.5,3568,American
1242,4.7,14654,American
22405,4.5,1181,American
45948,4.7,3912,American
1646,4.0,360,Biryani
1790,3.0,58,Fast Food
16203,3.6,25,Ice Cream
3804,3.1,19,South Indian
1438,4.2,450,Beverages
21027,,0,Chinese
16796,3.8,721,Rolls
4988,3.9,1138,Kebab
22788,3.5,22,Chinese
22035,3.8,139,Chinese
932,4.1,163,Fast Food
3141,4.1,454,Italian
6345,3.4,5,South Indian
8650,,0,Biryani
5416,,0,Biryani
9319,,0,Beverages
48587,,0,North Indian
364,2.8,511,Chinese
260,3.6,9,American
10268,3.3,5,American
8080,3.6,17,Burger
18448,3.5,10,BBQ
42945,3.2,13,BBQ
14598,3.3,12,BBQ
24913,3.1,14,BBQ
4906,3.4,9,BBQ
4092,3.5,5,BBQ
21061,3.6,13,BBQ
41747,3.3,13,BBQ
3296,3.2,9,BBQ
44353,3.2,10,BBQ
36200,3.2,10,BBQ
29726,3.5,34,Fast Food
4464,3.8,33,Fast Food
7576,3.2,11,North Indian
3771,4.0,77,North Indian
8886,3.8,170,North Indian
7092,,0,South Indian
9515,,0,North Indian
39913,3.6,12,North Indian
17936,2.6,140,North Indian
44034,3.8,35,North Indian
1733,3.5,9,North Indian
41906,3.0,44,Chinese
1551,3.8,74,North Indian
13009,2.8,64,North Indian
554,2.9,199,North Indian
3997,3.7,37,North Indian
8929,3.7,446,North Indian
7684,,0,North Indian
3630,3.8,240,North Indian
884,3.9,57,North Indian
39118,3.8,40,Chinese
1398,4.2,60,North Indian
4188,3.6,14,North Indian
46012,3.7,15,North Indian
23564,3.7,15,North Indian
1957,3.9,14,South Indian
46271,3.2,7,North Indian
5850,,0,Chinese
3380,2.9,42,South Indian
2003,3.3,6,North Indian
49036,3.3,6,North Indian
3051,3.3,13,North Indian
12574,3.6,16,North Indian
679,3.8,58,Chinese
13361,3.7,46,North Indian
43583,4.1,97,North Indian
525,,0,Chinese
1131,2.9,177,Chinese
41730,3.8,111,North Indian
4483,3.9,134,North Indian
46145,3.9,149,North Indian
6199,,0,Sandwich
2814,,0,North Indian
16038,3.7,23,Healthy Food
40524,,0,Thai
6949,2.8,12,Chinese
6322,3.3,5,Chinese
6671,4.0,76,Healthy Food
14827,3.0,64,Juices
5158,3.7,66,Biryani
7451,3.9,119,North Indian
7734,3.3,4,Chinese
46278,,0,North Indian
5982,3.4,6,Street Food
6464,3.4,18,North Indian
392,3.8,39,Chinese
4610,3.8,55,North Indian
754,3.9,40,Chinese
1861,3.8,339,North Indian
2255,4.0,166,North Indian
3643,3.9,24,North Indian
803,3.0,25,North Indian
2783,3.6,15,North Indian
3077,,0,Chinese
4258,3.9,112,Fast Food
22158,3.7,33,Bakery
40085,3.5,45,North Indian
21877,3.4,6,North Indian
2741,3.9,462,American
44226,3.9,464,American
36277,3.9,464,American
29212,3.6,23,Chinese
1083,3.5,32,Chinese
13544,4.1,840,Chinese
17311,3.3,10,North Indian
1175,3.5,9,North Indian
9123,,0,Chinese
43255,2.4,63,Italian
24614,2.8,43,Fast Food
18738,4.0,103,Modern Indian
429,2.8,59,Chinese
495,3.7,59,Street Food
1746,3.8,61,Chinese
8440,3.6,23,Chinese
49082,3.6,14,North Indian
3496,4.2,175,Tibetan
42281,2.9,21,North Indian
41335,,0,Mughlai
2355,,0,Chinese
29037,3.5,17,Chinese
2148,,0,Continental
4979,4.1,294,South Indian
7068,,0,Chinese
1405,3.9,124,Healthy Food
19991,3.3,9,North Indian
422,3.8,42,Chinese
2484,3.9,50,North Indian
4813,4.0,72,Seafood
4343,4.1,481,Hyderabadi
369,,0,North Indian
41780,2.3,178,Chinese
11779,4.6,766,Continental
7462,4.6,2726,Continental
18230,4.2,6907,Continental
1357,3.7,56,North Indian
62,3.6,95,Street Food
7473,,0,North Indian
24,3.1,6,Biryani
2292,,0,South Indian
45217,3.8,86,North Indian
7170,2.3,291,North Indian
44789,2.5,301,North Indian
16734,3.0,317,North Indian
2900,3.8,265,North Indian
12623,3.0,53,North Indian
31229,2.8,289,North Indian
6501,2.8,29,North Indian
8955,3.7,532,North Indian
15427,3.7,58,North Indian
48324,3.8,36,South Indian
39381,,0,South Indian
4110,3.9,92,Rajasthani
2359,4.1,313,Salad
9906,,0,North Indian
175,2.8,5,Chinese
817,3.4,19,North Indian
792,3.7,27,Pizza
8118,,0,Chinese
18950,3.7,88,Chinese
3740,3.5,15,Chinese
19743,4.2,325,Kerala
9780,,0,South Indian
48930,,0,Kebab
51081,3.9,97,South Indian
11837,3.0,13,South Indian
8189,3.6,40,Mithai
21766,3.7,35,Raw Meats
10234,3.0,144,Chinese
4204,3.7,27,South Indian
8275,3.8,149,South Indian
453,3.3,62,North Indian
5182,4.2,1617,Italian
51212,4.6,142,Italian
10648,,0,Beverages
4844,3.8,137,Chinese
305,,0,Maharashtrian
29430,3.4,6,Maharashtrian
22219,2.9,54,Maharashtrian
20352,,0,Desserts
4474,3.2,4,Fast Food
11397,4.1,523,Vietnamese
1375,,0,Biryani
40608,4.0,69,North Indian
38617,3.7,20,North Indian
3972,3.4,63,Chinese
939,3.6,15,North Indian
4485,,0,South Indian
39879,3.8,36,Chinese
8606,3.2,22,South Indian
1329,3.4,10,Biryani
41833,2.9,86,North Indian
3484,3.9,1225,Lucknowi
1029,4.1,2456,Gujarati
38965,4.0,568,South Indian
13347,,0,South Indian
2948,,0,Kerala
434,3.0,46,Chinese
17353,3.5,338,Chinese
6864,,0,Juices
5177,3.4,11,Street Food
6236,3.7,55,Street Food
4025,3.7,46,Cafe
1059,3.1,5,Chinese
21364,,0,Desserts
606,3.8,280,North Indian
40148,,0,Fast Food
19876,4.1,360,Desserts
41494,4.1,1107,Pizza
2039,4.2,2115,Italian
4542,3.9,205,Italian
13348,,0,Kebab
5417,3.9,160,Continental
5485,,0,Continental
5284,3.3,57,North Indian
43407,3.7,132,Chinese
42748,3.6,23,Street Food
6796,3.0,33,Chinese
714,3.2,7,Chinese
6867,,0,North Indian
1383,4.1,172,Beverages
23431,3.7,21,Fast Food
2191,3.1,5,South Indian
21170,3.2,9,North Indian
876,3.7,294,Chinese
9314,,0,North Indian
17151,3.3,4,Fast Food
43378,3.3,72,South Indian
22372,,0,Desserts
8564,3.3,13,Chinese
5634,3.9,201,Street Food
366,3.3,12,Chinese
3068,3.8,39,North Indian
560,,0,South Indian
15584,3.6,13,Chinese
3476,3.8,46,North Indian
7441,3.8,115,Chinese
303,,0,Mughlai
4782,4.0,36,Beverages
13905,4.2,583,Desserts
2701,4.1,83,Desserts
18055,3.9,24,Beverages
4268,3.8,31,Beverages
5916,4.0,69,Beverages
1480,4.2,249,Beverages
5580,,0,Beverages
5935,4.3,676,Belgian
1505,3.9,70,Desserts
1403,4.0,41,Fast Food
3528,4.0,85,Fast Food
35329,3.9,87,Beverages
35600,3.9,87,Beverages
4548,4.3,50,Beverages
732,3.7,97,Mughlai
13169,3.2,5,Beverages
6546,3.4,9,Beverages
1793,3.4,83,Biryani
18458,4.1,1858,Continental
17462,3.0,10,Biryani
287,4.2,354,Korean
22467,4.0,662,North Indian
5532,3.8,14,Chinese
4767,3.9,32,Desserts
9233,4.0,153,Desserts
17660,4.0,171,Desserts
2161,3.8,26,Desserts
21570,3.4,12,Desserts
3965,3.8,65,Desserts
41483,4.0,27,Desserts
6165,3.9,93,Desserts
9194,4.3,889,Desserts
22265,3.8,24,Desserts
2699,4.0,108,Sandwich
16743,4.0,56,Ice Cream
3784,4.0,1014,Chinese
38437,4.1,493,Salad
48025,,0,Salad
6997,4.2,1428,North Indian
9227,3.3,261,Chinese
19974,2.6,21,North Indian
7244,,0,Kebab
8504,3.9,53,Continental
1460,,0,Healthy Food
48134,3.7,113,Chinese
48759,3.4,8,South Indian
6337,3.6,38,Chinese
4984,4.1,1774,Asian
4365,3.9,231,Middle Eastern
10586,3.3,11,South Indian
21973,3.1,22,Chinese
3519,3.9,45,Fast Food
24308,,0,Italian
9353,3.8,177,Mangalorean
42115,3.7,96,Chinese
6522,3.3,6,Chinese
23087,2.6,26,Fast Food
47424,3.4,32,North Indian
14888,4.2,258,Continental
48769,4.0,84,BBQ
197,3.9,57,Cafe
22977,4.2,74,Burger
40106,4.1,2773,North Indian
5823,4.0,372,Pizza
3442,3.8,44,Chinese
26787,4.5,42,Continental
28,4.0,308,Continental
7909,3.3,4,North Indian
4775,,0,North Indian
40525,3.3,10,Chinese
914,4.6,5892,North Indian
7491,,0,Fast Food
19182,3.4,8,Continental
5741,,0,Thai
46015,3.9,163,Thai
21834,3.9,82,Momos
1683,4.3,1587,Malaysian
143,3.8,688,Thai
22546,4.1,223,Chinese
4355,4.1,461,American
21962,3.4,6,Chinese
39367,3.5,14,Chinese
49100,3.3,8,Chinese
1494,2.7,85,Pizza
128,3.7,180,Pizza
39875,3.4,47,South Indian
15801,3.1,30,Fast Food
11924,4.1,1053,Italian
6747,2.5,433,South Indian
3992,2.6,208,South Indian
8566,2.3,116,South Indian
24215,3.6,38,North Indian
2839,3.6,20,North Indian
10659,2.8,34,North Indian
5839,,0,North Indian
4316,3.5,17,North Indian
20113,3.5,15,North Indian
9191,3.4,5,Awadhi
8883,,0,Mithai
7880,3.8,46,Desserts
8225,,0,Desserts
2188,,0,Kerala
5691,3.4,10,Momos
19001,3.5,6,Momos
2994,3.3,12,Momos
46039,3.7,46,Momos
41965,3.5,11,North Indian
5406,,0,Fast Food
5587,3.7,40,Burger
24983,,0,Street Food
8921,3.3,11,Street Food
15701,3.6,27,American
6095,3.3,46,Street Food
3694,3.7,123,Momos
21172,,0,Momos
41080,3.9,346,Momos
18232,2.9,44,Momos
39055,3.9,285,Momos
1912,3.6,98,Momos
12461,2.8,91,Momos
24181,3.6,90,Momos
31754,3.8,102,Momos
15593,2.7,71,Momos
22515,3.8,22,Momos
3879,3.5,79,Momos
11194,,0,Momos
7478,2.8,40,Momos
27772,3.9,151,Momos
46224,3.2,18,North Indian
1386,4.1,90,Continental
7440,,0,Italian
7317,2.7,402,Chinese
8938,,0,Cafe
8638,,0,Fast Food
4962,3.8,81,Thai
29807,4.6,834,Beverages
292,3.7,17,Beverages
22236,,0,Beverages
3676,4.5,141,Beverages
5884,,0,Beverages
1684,4.5,554,Beverages
14327,4.3,78,Beverages
3744,4.4,216,Beverages
51521,3.9,58,Beverages
1193,3.9,56,Beverages
988,4.4,1533,European
3198,4.3,148,North Indian
6699,3.3,6,Fast Food
84,3.3,8,Chinese
3501,4.0,942,Chinese
18482,3.6,1111,Chinese
42654,3.8,53,North Indian
20471,4.0,427,Spanish
4114,,0,Chinese
9221,,0,Biryani
5852,,0,Chinese
10686,,0,Chinese
13673,4.0,162,Tibetan
13897,4.6,2339,Asian
21212,3.5,40,Chinese
5909,3.7,22,Desserts
3308,3.0,27,Rolls
17283,4.4,1777,Momos
2608,,0,South Indian
23018,3.6,104,Burger
8629,3.6,7,Burger
13986,4.0,339,Burger
1268,4.4,939,European
24246,4.4,950,European
18565,4.7,231,Japanese
542,,0,Juices
3953,3.8,201,Momos
4340,4.1,99,Continental
43,2.8,29,Chinese
4981,3.2,51,Chinese
31691,3.4,7,Greek
507,3.3,7,Chinese
46159,3.4,9,Beverages
41695,,0,Beverages
46297,,0,South Indian
19579,3.4,23,Fast Food
8012,,0,Burger
6283,3.6,14,Street Food
4497,3.3,16,Beverages
39392,3.0,24,North Indian
40511,,0,Hyderabadi
520,,0,Chinese
415,3.2,4,Tibetan
2788,3.6,44,Street Food
6639,,0,Tibetan
1935,3.2,4,Tibetan
4045,2.9,93,Chinese
4225,3.0,111,North Indian
10840,,0,Fast Food
905,3.6,19,Fast Food
7718,,0,North Indian
1174,4.1,410,North Indian
48548,3.3,59,North Indian
95,3.5,8,Chinese
12915,,0,Fast Food
25336,4.0,694,Mughlai
5527,,0,Chinese
6998,2.4,96,Chinese
12558,3.4,8,Chinese
14472,4.2,2015,Arabian
3820,4.1,1538,Arabian
1189,,0,Burger
3946,3.9,255,Arabian
18126,,0,Chinese
9536,2.9,84,Biryani
41474,3.4,89,Chinese
22146,3.1,7,North Indian
22419,4.4,347,Chinese
25120,4.3,53,Chinese
4875,4.0,188,Fast Food
5562,,0,Fast Food
859,4.0,31,North Indian
14195,,0,South Indian
39398,,0,Chinese
6462,3.8,38,Biryani
5963,,0,South Indian
2384,4.4,351,North Indian
7906,4.4,788,Burger
19575,3.7,34,North Indian
41616,3.6,9,Street Food
5516,3.1,320,Mughlai
10152,2.8,178,Mughlai
3050,3.8,214,Kebab
4484,2.6,155,Mughlai
19678,3.6,89,Kebab
40965,,0,Mughlai
20427,4.1,245,Japanese
6954,3.7,32,Continental
1663,3.9,133,Continental
7289,4.3,169,Beverages
3581,4.1,1336,Mughlai
4928,4.1,588,Momos
6599,2.6,170,Chinese
4868,,0,Sandwich
21705,,0,Burger
5430,4.0,510,Naga
16729,3.6,62,Mexican
2622,3.8,91,South Indian
11052,3.2,4,Chinese
3561,4.3,894,Italian
5031,3.6,22,Fast Food
41920,3.7,33,Fast Food
15085,,0,Chinese
23011,3.9,191,Mughlai
18721,2.7,135,Chinese
4577,,0,North Indian
40486,3.4,37,Chinese
1024,,0,Italian
2615,3.2,49,Rolls
18247,4.6,2785,Italian
41925,4.2,1731,North Indian
46399,4.3,969,North Indian
23728,4.2,1745,North Indian
2630,4.1,218,Fast Food
22088,3.5,24,Chinese
48123,3.9,621,Continental
6961,4.3,597,Thai
42732,3.1,11,Continental
22576,3.7,209,South Indian
13707,4.0,419,North Indian
4521,4.0,933,Steak
12435,,0,Biryani
43212,,0,Biryani
840,4.1,268,Continental
38977,4.0,344,Italian
5865,3.0,7,Fast Food
3819,4.1,1234,Chinese
23476,3.9,283,Street Food
6528,3.7,21,Chinese
43148,3.7,128,Chinese
3324,4.2,556,Momos
119,3.1,13,Continental
2928,3.6,16,Beverages
36468,3.5,58,North Indian
970,4.4,1149,European
42482,4.5,1909,European
41634,4.1,662,Chinese
7626,,0,Street Food
1481,3.0,17,North Indian
22574,3.7,399,Middle Eastern
788,,0,Pizza
6914,,0,Kerala
1909,3.6,82,Chinese
135,3.0,23,North Indian
11725,3.9,737,Finger Food
9156,3.9,1763,Chinese
966,3.8,478,Arabian
1900,,0,Chinese
41655,3.9,210,Rolls
22469,3.6,519,Rolls
2906,3.9,169,Rolls
4795,3.7,16,North Indian
8406,3.9,105,Pizza
11426,,0,North Indian
40629,,0,North Indian
3177,,0,North Indian
4077,,0,North Indian
7069,,0,Tea
19614,3.6,106,Chinese
16987,,0,Chinese
22914,3.8,16,Street Food
3760,4.0,101,Street Food
9949,,0,Fast Food
43840,3.4,32,Chinese
14141,3.6,12,French
14469,2.8,211,North Indian
1263,4.4,2859,Burger
4676,3.3,6,Biryani
801,3.2,16,South Indian
5495,3.6,25,Andhra
41828,3.5,46,Hyderabadi
1727,4.2,37,Street Food
4037,3.0,566,Chinese
4404,4.1,51,Chinese
22746,2.7,596,Street Food
24677,2.7,194,Chinese
1194,3.8,155,Chinese
8350,2.7,425,Chinese
9268,3.8,685,Chinese
41701,3.5,78,Chinese
31626,2.7,249,Chinese
7351,3.6,42,Chinese
26200,3.8,98,Chinese
22580,3.6,244,Chinese
42111,2.7,82,Chinese
46125,3.0,50,Chinese
21347,3.1,352,Chinese
17853,3.7,32,Chinese
11208,2.8,484,Chinese
28426,4.1,41,Chinese
16222,2.9,22,Chinese
11030,3.9,184,Street Food
40914,2.5,544,Chinese
956,3.6,213,Chinese
1277,2.7,97,Street Food
48397,2.9,96,Chinese
17497,2.8,210,Chinese
983,,0,South Indian
1661,3.3,5,Chinese
19406,,0,Beverages
3718,4.0,558,South Indian
953,,0,South Indian
5545,3.7,11,North Indian
15339,4.2,807,North Indian
13810,3.5,15,North Indian
42776,3.4,58,North Indian
42201,3.5,13,Chinese
12384,,0,Chinese
8031,3.4,212,Mughlai
10621,3.3,11,Chinese
21113,3.1,249,Chinese
1997,3.8,120,South Indian
12031,3.1,16,Chinese
14595,3.2,574,South Indian
951,4.9,6375,North Indian
3480,4.7,881,North Indian
16682,4.8,2882,North Indian
22400,4.6,1502,North Indian
42493,4.8,12121,North Indian
16742,3.5,54,North Indian
6557,2.9,36,Biryani
22064,3.8,164,North Indian
18195,3.4,31,South Indian
4582,3.2,12,Chinese
3002,3.5,735,Chinese
3803,3.3,455,North Indian
4076,3.4,5,Chinese
43401,3.5,7,Chinese
39888,3.7,173,North Indian
39117,3.8,209,Momos
17621,,0,Chinese
43402,3.6,33,Burger
3204,3.7,28,Chinese
1772,4.0,334,Chinese
9298,3.9,178,Chinese
46082,3.7,59,Mangalorean
26172,3.5,30,North Indian
242,3.3,4,Chinese
461,,0,Chinese
2482,3.8,267,Biryani
9821,3.5,16,Biryani
18485,4.0,592,Italian
22552,4.0,377,Italian
20310,,0,Fast Food
22177,,0,Fast Food
12442,,0,Fast Food
16252,3.4,9,Continental
22503,4.2,783,Italian
4541,4.0,868,Street Food
18433,3.6,41,South Indian
18568,4.0,136,Andhra
1218,3.8,42,Chinese
49081,3.7,20,North Indian
2921,,0,Chinese
46030,4.0,336,Seafood
4992,3.1,38,Kebab
46294,,0,North Indian
21889,,0,Chinese
2901,4.4,1413,Rolls
3776,4.2,567,BBQ
21897,3.7,90,Biryani
900,,0,Beverages
4163,3.9,370,Chinese
3322,,0,Arabian
33998,,0,Chinese
6733,3.8,22,Arabian
48184,3.9,185,Chinese
5176,3.5,31,Street Food
10714,3.1,12,Arabian
48249,3.2,4,South Indian
5200,3.5,14,Fast Food
5397,,0,Kebab
3095,3.6,113,Arabian
3151,3.9,169,Charcoal Chicken
4113,3.6,208,Charcoal Chicken
18193,3.6,118,Charcoal Chicken
8593,3.6,133,Charcoal Chicken
20787,,0,Charcoal Chicken
39829,3.9,52,Charcoal Chicken
11226,3.9,682,Chinese
5231,,0,Rolls
897,3.4,22,Chinese
4932,,0,North Indian
23347,,0,Mughlai
41926,3.4,9,Chinese
3263,3.7,42,North Indian
42886,,0,Chinese
3738,3.9,255,North Indian
899,3.0,27,Chinese
22188,,0,Mughlai
14990,1.8,224,Chinese
41621,,0,Mughlai
8662,4.4,568,Awadhi
2792,4.4,98,Awadhi
1006,,0,Rolls
5258,,0,Biryani
17394,3.3,387,Chinese
22614,3.8,140,Italian
12369,,0,Biryani
1202,4.0,73,Desserts
4372,4.2,231,Desserts
17801,3.8,107,BBQ
17619,3.2,4,Chinese
12577,3.7,43,Seafood
513,,0,North Indian
1287,,0,Chinese
42953,3.5,93,Chinese
19576,3.0,148,North Indian
6087,3.4,7,Mangalorean
4619,3.8,256,Chinese
22680,3.9,140,Continental
4887,,0,Chinese
12151,4.1,93,Fast Food
6167,3.2,6,Biryani
1217,3.3,136,North Indian
3890,3.7,17,Biryani
4344,3.0,4,Fast Food
3720,2.4,48,Pizza
23467,3.7,64,Mexican
15046,3.7,15,Continental
7945,4.0,82,Continental
39123,3.5,250,Fast Food
38495,3.8,20,Chinese
4415,3.2,204,Chinese
13185,,0,Chinese
16841,4.1,701,American
22554,4.0,241,American
19817,3.2,4,Rolls
9220,,0,Chinese
1785,3.3,6,Chinese
1228,3.4,89,Rolls
2529,3.2,64,Rolls
14438,3.6,133,North Indian
24335,3.1,22,North Indian
10813,2.8,60,Rolls
21829,3.3,117,Rolls
29819,3.7,73,Rolls
40504,3.1,8,Rolls
17520,3.3,225,Rolls
794,3.1,104,Rolls
2447,3.4,16,Rolls
37390,3.1,41,Rolls
798,3.8,120,Rolls
26489,3.1,22,Rolls
2449,3.2,56,Rolls
27983,3.2,9,Rolls
9190,3.3,5,Rolls
39388,,0,Biryani
1318,3.6,81,Biryani
3739,3.2,23,North Indian
6968,3.6,21,Andhra
1792,3.1,4,Chinese
18374,4.0,108,North Indian
24998,4.0,469,Chinese
524,3.2,4,Chinese
2117,3.6,24,Chettinad
43382,3.7,19,North Indian
2215,3.3,46,South Indian
797,,0,North Indian
7560,3.0,55,Biryani
19787,3.8,241,North Indian
14516,3.2,128,Chinese
18933,2.8,17,Chinese
39912,3.1,72,Biryani
19720,3.7,106,Chinese
2067,4.1,666,North Indian
5728,,0,Chinese
46139,3.4,9,North Indian
18080,3.2,4,South Indian
24451,,0,Mughlai
41759,3.9,317,North Indian
4119,3.7,52,Biryani
20719,3.3,11,Fast Food
45961,3.1,12,Fast Food
40192,3.7,92,Fast Food
21957,3.9,121,North Indian
2854,2.8,165,North Indian
16545,3.4,5,Continental
19011,4.1,150,Continental
1559,,0,Fast Food
3759,3.8,62,Chinese
625,4.0,771,Chinese
36613,3.9,82,North Indian
1921,3.3,5,North Indian
4380,3.5,11,Hyderabadi
49002,,0,Chinese
41560,3.9,461,Momos
42489,4.4,730,Chinese
23152,3.7,118,Momos
4976,4.1,841,North Indian
4540,4.2,854,North Indian
540,4.1,179,South Indian
1681,3.6,474,Fast Food
21033,3.9,236,Chinese
4219,3.6,16,Biryani
41728,3.6,89,Biryani
23000,3.9,358,Biryani
16271,4.0,196,Chinese
42756,,0,Chinese
7680,,0,Kebab
8914,3.5,10,Fast Food
42384,3.3,4,South Indian
5526,2.9,90,Seafood
41660,3.0,75,Fast Food
13570,4.5,8375,Salad
18229,4.1,177,Pizza
5395,,0,Fast Food
12666,3.4,9,Chinese
8243,4.0,127,Chinese
22595,3.7,83,North Indian
24249,4.2,533,North Indian
6338,3.6,22,Fast Food
7057,4.3,449,Beverages
12198,4.4,1896,Beverages
5119,,0,Rolls
40271,3.7,26,Chettinad
13463,3.2,6,North Indian
4632,3.2,9,North Indian
698,,0,North Indian
13460,,0,Fast Food
7592,,0,Rolls
9222,,0,Rolls
19421,,0,Rolls
224,,0,Rolls
40473,,0,Rolls
4936,3.8,174,BBQ
1128,3.5,41,BBQ
5754,,0,Juices
48731,4.0,137,Chinese
42154,4.1,534,Fast Food
1964,4.0,113,South Indian
7539,4.1,237,Malaysian
4008,3.0,16,Indonesian
1027,4.9,2178,Thai
14898,3.6,25,Ice Cream
6869,2.8,80,Chinese
23703,3.0,74,Chinese
7839,3.9,224,Street Food
4224,3.9,48,Chinese
4846,3.6,31,Andhra
5506,,0,Chinese
3919,3.9,69,Chinese
46317,3.7,91,Fast Food
14805,3.5,53,Continental
21190,,0,Desserts
2415,,0,Fast Food
1098,3.6,116,South Indian
4969,3.7,104,North Indian
25532,,0,Mughlai
48367,3.4,10,Fast Food
48236,3.8,65,South Indian
2112,4.3,734,Chinese
5952,,0,Chinese
4509,2.8,95,Chinese
36317,4.2,176,Street Food
35198,4.3,429,Chinese
5218,3.7,500,Chinese
580,3.5,8,Chinese
46177,3.9,123,Italian
41719,3.5,107,Chinese
11780,4.6,634,Asian
9225,,0,Rolls
19266,,0,Rolls
2018,3.3,6,South Indian
12476,,0,Fast Food
5595,,0,Biryani
41791,3.8,86,Biryani
3853,4.0,903,Chinese
4557,4.2,1383,Mughlai
48633,3.0,8,Beverages
1513,3.8,77,Fast Food
1180,3.6,41,Fast Food
42788,3.4,27,Chinese
22112,,0,Chinese
43352,,0,Beverages
42268,4.0,134,Mughlai
9787,3.7,112,Continental
1323,2.8,48,North Indian
4755,4.2,532,Thai
17329,2.9,15,South Indian
598,,0,South Indian
2821,4.0,44,Pizza
5793,,0,Fast Food
6976,2.9,58,Chinese
5989,3.2,4,Fast Food
1371,3.9,134,South Indian
39383,3.5,22,Mithai
709,3.6,20,Mithai
4732,4.1,624,Finger Food
4323,3.5,121,Biryani
16059,3.6,18,Chinese
17639,,0,Seafood
18127,,0,Chinese
47412,3.2,6,Mexican
2794,4.2,255,Fast Food
5452,,0,Biryani
14175,4.1,209,Pizza
10075,3.4,7,North Indian
21282,,0,Beverages
5880,4.2,767,Seafood
2605,4.2,475,Seafood
48577,3.5,49,Street Food
16427,3.7,73,Street Food
6967,3.6,19,Fast Food
40846,4.1,1003,Italian
3482,4.3,1303,Chettinad
1020,3.4,173,Biryani
4440,3.7,65,North Indian
3683,3.8,188,North Indian
13422,3.7,83,North Indian
8444,4.4,1065,Mediterranean
48116,4.5,1282,Mediterranean
40793,4.4,2131,Mediterranean
22404,4.2,1132,Mediterranean
16722,3.8,32,Mediterranean
13538,4.7,7152,Mediterranean
1025,4.7,3852,Mediterranean
7896,4.7,3614,Mediterranean
787,4.3,1147,Mediterranean
42494,4.3,1074,Mediterranean
2762,2.8,151,BBQ
7418,,0,Kebab
18320,4.2,2445,Finger Food
18650,4.3,176,Desserts
39796,4.2,842,Continental
23631,3.8,4655,Chinese
22310,4.3,496,Italian
441,,0,Beverages
42914,3.8,345,North Indian
4461,4.0,869,Mughlai
19513,3.1,20,Chinese
3684,3.8,419,North Indian
5359,3.1,140,Andhra
17354,,0,Chinese
21129,2.7,53,Biryani
907,4.0,415,North Indian
2641,3.8,52,North Indian
19332,3.4,6,Burger
2601,3.7,41,Continental
10660,4.3,392,Fast Food
51189,3.8,179,Chinese
2602,4.2,541,Pizza
12291,3.2,4,Chinese
22394,3.8,17,Momos
4389,3.7,9,Momos
28524,3.3,16,Momos
18300,3.4,23,Momos
20815,,0,Momos
15695,4.0,277,Seafood
578,3.9,142,South Indian
6974,2.9,31,North Indian
17115,,0,Chinese
46301,3.6,31,Chinese
1787,3.8,55,Biryani
42112,4.2,244,Mediterranean
6382,3.0,38,Chinese
8709,4.3,521,Cafe
572,4.1,201,Chinese
397,3.5,25,Andhra
9784,3.2,6,Hyderabadi
25014,4.0,253,Chinese
6544,3.8,89,Bakery
48568,,0,Bakery
4918,4.1,125,Desserts
40474,3.4,6,Street Food
22232,3.5,12,Chinese
7630,,0,Desserts
9317,,0,Desserts
9445,,0,Desserts
48904,,0,Desserts
5333,,0,Desserts
8111,,0,Ice Cream
8115,,0,Desserts
678,,0,Desserts
6132,3.4,10,Burger
39787,4.1,868,Pizza
21118,4.1,859,Pizza
43233,3.2,426,Chinese
18708,3.9,854,Continental
6425,4.1,106,Mexican
23319,2.3,119,Chinese
41434,2.5,81,Chinese
5153,2.3,131,Chinese
42684,2.0,259,Chinese
12057,3.1,6,Continental
18983,3.8,35,Chinese
6108,3.4,6,BBQ
9721,,0,BBQ
6309,3.4,8,BBQ
5735,3.6,21,Continental
18094,,0,Italian
5494,3.7,20,Continental
14918,4.1,1075,Chinese
5616,,0,Chinese
29346,,0,Coffee
7573,,0,Fast Food
24052,3.6,73,Chinese
1885,3.9,100,Chinese
4266,3.0,110,Seafood
87,,0,South Indian
20619,3.4,7,Continental
22832,,0,Biryani
40812,4.2,320,European
43504,4.2,746,Asian
912,4.7,6876,BBQ
11111,,0,Chinese
14,3.2,4,Pizza
48220,4.0,555,Beverages
29213,3.6,11,Fast Food
29268,3.2,4,South Indian
8079,3.3,6,Italian
3168,3.3,7,Fast Food
13537,4.7,9021,North Indian
6984,4.5,678,Asian
4019,4.1,203,Beverages
1077,3.6,58,Beverages
1213,3.8,208,Beverages
1629,3.9,177,Beverages
16838,4.0,293,Beverages
3590,,0,Beverages
3797,4.3,184,Beverages
39812,3.7,106,Fast Food
24361,3.8,108,Fast Food
18017,3.8,63,Beverages
22104,,0,Salad
29407,,0,South Indian
4385,3.6,16,Fast Food
51193,4.1,317,Biryani
3268,4.2,78,Fast Food
4677,4.1,292,Mughlai
43755,,0,Chinese
4246,,0,Biryani
3956,3.7,21,North Indian
4756,3.9,222,Chinese
41789,2.9,33,Chinese
25081,3.7,600,Biryani
23294,3.8,200,Biryani
46058,3.8,258,North Indian
46046,3.0,30,Seafood
26,3.7,158,North Indian
2954,2.9,119,Continental
41764,3.2,711,Continental
137,3.5,18,Biryani
41617,3.3,210,North Indian
4122,3.9,667,Chinese
903,3.9,678,Chinese
18767,3.9,1618,Chinese
40267,3.9,393,Chinese
43533,3.8,1819,Chinese
47076,3.7,22,Chinese
5198,3.4,301,Chinese
9449,,0,Chinese
4603,,0,Chinese
42678,3.7,32,Biryani
1317,3.6,539,North Indian
2098,,0,Chinese
17100,3.7,751,Biryani
18551,2.9,132,Chinese
41956,,0,Mughlai
39901,,0,Chinese
4596,3.5,11,Chinese
24337,3.2,87,Biryani
1996,2.3,298,Chinese
25571,2.3,298,Chinese
8450,2.3,298,Chinese
46238,,0,Chinese
4151,3.8,70,North Indian
2362,3.6,19,Chinese
24084,3.6,37,Chinese
4015,3.9,459,Chinese
20587,3.5,86,Chinese
2118,,0,Mughlai
21277,2.9,86,South Indian
267,4.0,618,Chinese
1761,,0,Chinese
20661,3.6,42,Biryani
12973,,0,North Indian
7486,,0,Kebab
10866,,0,South Indian
2638,3.9,158,Italian
3473,3.0,120,Chinese
4201,4.1,1845,Italian
1340,4.1,400,Salad
247,3.4,6,North Indian
17066,4.4,150,Fast Food
40254,3.9,119,Rajasthani
2318,,0,Chinese
1560,,0,South Indian
2160,,0,Fast Food
1486,,0,Continental
1136,3.6,19,Beverages
8691,4.4,149,Desserts
41298,2.9,11,Chinese
22175,,0,Biryani
18842,3.9,1214,American
7948,4.3,112,North Indian
16859,4.5,733,Continental
4987,4.3,950,American
29419,3.3,7,Andhra
18563,,0,European
6026,2.9,17,Chinese
3614,3.9,146,Chinese
7538,4.2,505,Mediterranean
3753,3.7,36,South Indian
18660,4.1,74,Tea
990,4.2,1721,American
42496,3.9,866,North Indian
5553,3.7,20,Street Food
5370,3.6,104,Italian
1028,4.2,2616,Kerala
18447,4.0,1623,American
16034,4.3,700,Italian
16320,4.0,973,Italian
22209,3.9,248,Continental
21226,,0,Asian
17020,3.4,22,Chinese
17641,,0,North Indian
2968,3.7,22,Seafood
29176,3.5,9,Kebab
712,4.1,340,Fast Food
17517,4.2,78,Fast Food
8563,4.2,460,Fast Food
3616,4.1,166,Fast Food
24089,4.1,343,Fast Food
46358,4.4,44,Fast Food
41493,4.1,559,Fast Food
42655,4.2,571,Fast Food
27947,4.4,405,Fast Food
22272,4.3,248,Fast Food
46765,4.3,464,Fast Food
9160,4.3,290,Fast Food
20826,4.2,564,Fast Food
1878,4.3,385,Fast Food
14246,4.3,314,Fast Food
30378,3.8,4,Fast Food
4150,4.1,427,Fast Food
3601,4.0,90,American
9109,,0,Finger Food
46198,3.7,95,Chinese
15342,3.4,34,Street Food
3017,3.7,50,Pizza
16779,4.2,65,Fast Food
18167,4.7,5746,BBQ
3010,3.4,13,Italian
2092,4.1,970,Finger Food
3843,3.6,10,Burger
45979,3.3,7,Italian
22403,4.4,2329,Thai
609,2.9,62,Cafe
3970,2.7,48,Cafe
18280,4.2,1633,Pizza
11710,,0,Rolls
8641,4.6,2257,Beverages
13844,,0,Beverages
40217,3.9,141,Chinese
4812,4.0,387,Salad
23115,3.7,20,Chinese
4212,4.2,1142,Italian
21232,4.1,237,Asian
5078,4.4,3870,North Indian
14170,2.9,18,Desserts
411,3.5,23,Mangalorean
2115,4.0,191,Chinese
5811,3.7,98,Chinese
18273,4.3,879,Asian
6667,3.5,132,Chinese
5367,,0,Chinese
2271,3.9,45,Desserts
22076,3.5,14,Chinese
989,4.5,3125,Continental
16702,4.0,345,European
11740,3.9,144,Continental
24294,4.1,2450,Fast Food
39353,3.7,29,Fast Food
1869,3.0,213,Chinese
25503,,0,Rolls
42675,2.6,39,Desserts
1410,3.4,7,Desserts
1622,4.0,350,Beverages
6788,3.9,645,Beverages
11523,3.9,1045,Beverages
17827,3.9,1075,Beverages
1893,3.8,560,Beverages
344,3.2,71,Beverages
48208,3.9,440,Beverages
23112,3.9,718,Beverages
48795,3.9,266,Beverages
13857,3.5,89,Beverages
17762,3.9,114,Beverages
39832,4.0,1972,Beverages
2876,4.0,1393,Beverages
26832,3.2,188,Beverages
4476,3.8,472,Beverages
39058,4.0,555,Beverages
7048,3.5,21,Beverages
24012,3.5,408,Beverages
42178,4.0,633,Beverages
6694,3.0,72,Beverages
9709,,0,Fast Food
41582,4.0,605,Italian
3878,3.9,102,Beverages
13783,,0,Chinese
5457,4.2,1347,Middle Eastern
4056,4.9,16345,Italian
22422,4.2,1989,Mexican
4839,3.4,50,European
8670,4.4,690,Continental
8738,4.1,114,Burger
27605,3.2,4,European
35246,4.4,721,Continental
29133,4.1,115,Burger
24406,3.2,4,European
44462,3.9,87,Chinese
36548,4.4,721,Continental
36029,4.1,117,Burger
8543,3.7,145,Cafe
22805,3.7,52,Chinese
118,4.1,216,Beverages
2114,4.2,261,Beverages
5314,4.2,500,Italian
22399,4.2,559,Italian
2704,4.3,2671,Italian
11061,4.0,144,Continental
2777,4.2,115,Cafe
2822,3.8,96,Salad
1492,3.7,9,Desserts
866,4.1,102,Continental
570,3.3,4,Fast Food
1301,4.2,869,Continental
5066,3.7,128,Italian
39422,,0,Fast Food
1273,3.8,22,Beverages
15110,4.1,496,Rolls
836,4.1,354,Pizza
519,3.3,4,Chinese
2757,3.6,95,Italian
2717,4.2,164,Desserts
48136,3.7,239,Cafe
8508,4.3,1048,Pizza
13624,4.3,1651,Italian
1337,4.2,1059,Burger
1160,3.8,186,Continental
2625,3.8,23,Chinese
1695,3.7,514,Beverages
4998,3.6,484,Pizza
8682,4.1,563,South Indian
14163,4.2,2074,Salad
42113,4.1,1187,Salad
40902,4.1,1140,Salad
40714,4.0,422,Salad
4191,,0,Salad
20834,3.4,4,Salad
46005,4.2,583,Steak
3557,3.8,114,Beverages
22806,3.8,26,Fast Food
16861,4.2,500,Continental
5683,,0,Italian
41680,3.7,55,Healthy Food
1462,3.7,132,North Indian
22884,3.3,5,Drinks Only
18852,3.7,39,Italian
41673,3.9,431,Chinese
64,4.2,150,Continental
19166,3.4,90,Fast Food
22124,,0,Biryani
6205,,0,Biryani
1464,3.3,14,North Indian
4501,4.2,392,Fast Food
3952,4.0,719,Italian
3558,4.0,341,Italian
4914,4.1,3001,Italian
16868,3.4,54,Italian
8537,4.1,119,Italian
48306,4.0,140,Street Food
14138,3.5,11,Italian
1456,3.9,149,Rolls
4003,,0,Fast Food
6580,4.0,201,Italian
18512,4.3,559,Fast Food
24873,3.7,27,Beverages
3567,4.1,719,Pizza
6497,4.0,790,Beverages
42978,3.3,7,Desserts
847,3.5,45,Sandwich
41510,3.9,171,North Indian
3761,3.6,76,North Indian
8191,2.9,231,Pizza
6638,,0,Pizza
40421,,0,Street Food
4835,,0,Biryani
8542,3.0,107,Chinese
767,3.6,195,Biryani
14046,4.6,1423,Mediterranean
14134,4.3,284,Asian
45,,0,Ice Cream
2599,4.3,153,North Indian
41691,3.5,12,Fast Food
6960,4.2,170,Andhra
5132,3.7,23,Fast Food
4197,4.2,982,Pizza
5646,4.1,600,Healthy Food
6289,4.1,845,Italian
41594,3.6,23,South Indian
2057,,0,Kerala
2058,,0,Arabian
46337,,0,Chinese
43670,,0,South Indian
103,3.9,133,Continental
48350,3.1,405,Seafood
2562,3.8,49,Chinese
9731,,0,North Indian
43838,,0,Beverages
17301,3.3,5,North Indian
433,3.8,412,North Indian
13028,3.5,8,Street Food
14135,,0,Fast Food
41981,,0,Fast Food
53,3.4,4,Fast Food
3584,4.1,33,Fast Food
22700,3.9,97,Beverages
24407,3.6,54,Fast Food
8078,3.9,92,Fast Food
10100,,0,Fast Food
16839,3.4,6,Fast Food
22889,3.6,12,Fast Food
10193,3.9,46,South Indian
22847,3.4,9,North Indian
16986,3.7,38,Seafood
43351,3.1,7,Fast Food
43014,3.8,26,Kerala
13845,4.4,105,Beverages
1372,4.3,480,Street Food
5961,,0,South Indian
16887,2.8,67,Beverages
1856,3.8,7,Street Food
28032,3.8,38,Fast Food
9811,4.0,113,Fast Food
3788,4.0,316,Fast Food
22040,3.9,130,Fast Food
21004,3.9,25,Fast Food
4519,3.8,149,Fast Food
1870,3.2,208,Fast Food
24474,,0,Fast Food
9275,4.2,176,Fast Food
14902,4.0,132,Fast Food
18554,3.8,90,Fast Food
4531,,0,Fast Food
6509,3.9,61,Fast Food
35601,3.9,272,Beverages
31902,4.0,293,Fast Food
2989,,0,Fast Food
5479,3.6,132,Fast Food
4142,3.5,18,Sandwich
3927,3.9,92,Fast Food
8652,3.6,11,Chinese
5593,3.2,4,Chinese
14872,3.7,52,Chinese
19453,3.7,38,Chinese
22078,,0,Chinese
14414,3.4,257,Bengali
22425,3.3,229,Rolls
17789,3.1,92,Rolls
29097,,0,Chinese
41825,4.2,253,Chinese
19008,,0,Andhra
12779,3.8,40,Fast Food
41820,3.9,81,Seafood
45956,4.2,997,North Indian
4400,4.0,55,Fast Food
5126,3.2,34,Fast Food
4065,4.0,105,Mughlai
41729,,0,Arabian
17741,3.5,108,Street Food
42780,3.5,19,Chinese
17860,4.2,334,North Indian
4751,4.4,2239,Pizza
940,3.6,19,Chinese
7400,4.1,952,Rolls
23744,,0,Pizza
41586,,0,Italian
4980,3.8,18,Beverages
14552,3.9,82,Beverages
6577,3.2,57,Fast Food
42544,,0,Cafe
24473,2.9,36,Pizza
39808,3.8,124,Cafe
573,3.8,101,Pizza
3408,3.9,204,Desserts
3510,3.6,136,Pizza
16955,3.5,32,Cafe
40426,,0,Chinese
8790,,0,Charcoal Chicken
312,,0,Charcoal Chicken
4922,3.1,7,Charcoal Chicken
20759,2.7,6,Charcoal Chicken
16823,3.1,26,South Indian
22201,3.6,199,Chinese
19802,3.3,4,Andhra
46165,3.7,19,Charcoal Chicken
825,3.8,75,Chinese
3474,3.5,95,North Indian
6028,3.8,37,Italian
25059,3.3,14,Italian
21279,,0,Italian
14637,3.5,15,Italian
16295,3.9,145,Salad
43150,3.2,115,North Indian
46339,,0,Fast Food
46209,3.9,78,Seafood
1563,3.4,147,Chinese
5996,3.1,7,North Indian
2040,3.4,30,Pizza
35541,4.2,740,Sandwich
42169,4.0,52,Sandwich
21617,4.1,395,Bakery
7886,3.9,125,North Indian
3609,3.9,443,Mughlai
41530,4.1,243,Mughlai
22583,3.8,289,Mughlai
36736,3.2,6,Mughlai
4456,3.7,25,Fast Food
6137,3.5,10,Fast Food
7659,3.0,25,Biryani
1842,3.5,88,Chinese
5467,3.1,14,Beverages
24240,2.7,37,Kebab
18326,3.7,80,Fast Food
20161,,0,Mughlai
43201,,0,Mughlai
4060,4.5,1365,Burger
39989,4.6,4955,Burger
41524,4.8,6433,Burger
234,3.8,42,Continental
6548,4.1,151,Continental
43595,2.9,27,Italian
841,3.6,46,Beverages
1741,,0,Fast Food
49048,3.7,24,Chinese
1187,,0,Pizza
7467,3.5,9,Street Food
14361,3.9,378,Fast Food
46406,4.0,307,Fast Food
13628,4.4,79,Thai
17377,3.1,125,Biryani
17357,3.4,25,Momos
3351,2.8,19,Momos
627,3.4,12,Fast Food
19381,,0,Ice Cream
1414,3.5,56,Beverages
28961,4.1,445,Sandwich
4515,3.6,23,Beverages
43455,,0,Beverages
11479,3.8,29,Momos
48737,3.2,97,Chinese
10674,,0,South Indian
5171,3.6,16,Rolls
2617,3.0,122,Momos
16567,4.0,279,Thai
41567,3.8,284,Momos
14374,3.9,924,Street Food
2607,3.6,95,Street Food
3769,4.0,209,Seafood
14604,3.9,747,Asian
11568,4.0,313,Momos
2671,3.9,519,Thai
3811,3.9,194,Momos
4428,4.0,536,Momos
25200,3.3,145,Momos
41812,4.0,537,Thai
22520,4.0,702,Momos
11713,4.0,360,Momos
42271,3.9,134,Momos
1278,3.7,323,Momos
4569,2.9,29,Vietnamese
11219,2.8,94,Momos
41834,4.1,444,American
4006,4.3,7546,Chinese
455,4.1,2339,BBQ
3406,4.2,4734,BBQ
6195,,0,Chinese
10347,4.3,1283,American
8082,4.0,280,Continental
40697,4.0,80,Bakery
36821,3.7,28,Continental
5844,3.9,450,Biryani
17729,3.7,25,Fast Food
11794,4.3,331,Fast Food
9834,3.9,54,Arabian
13677,4.2,589,Asian
16765,3.8,118,South Indian
869,3.9,285,South Indian
2621,3.9,183,South Indian
3300,,0,Fast Food
5224,3.7,72,Biryani
39004,4.1,272,Italian
12295,,0,Charcoal Chicken
14822,3.3,59,North Indian
41762,3.9,140,Biryani
2642,3.3,13,South Indian
48262,3.5,15,Chinese
3488,4.1,198,North Indian
18368,4.0,364,Chinese
6955,3.4,66,Seafood
7058,4.1,466,North Indian
19838,,0,Seafood
38990,3.7,56,Chinese
4412,4.3,63,Bar Food
9355,3.4,97,Kerala
14334,3.9,680,Kerala
22988,4.3,191,French
42530,3.7,23,North Indian
5934,,0,Burger
20914,,0,Desserts
6324,3.0,15,Chinese
15790,3.0,20,Chinese
7750,3.1,16,Chinese
5818,,0,Seafood
13874,4.7,3894,Salad
14721,4.2,176,Pizza
3266,4.3,1434,Burger
13030,3.1,7,Burger
12140,,0,Continental
1466,,0,Continental
4825,3.8,30,Biryani
2365,3.6,42,Desserts
3898,3.3,10,North Indian
22549,3.9,293,South Indian
198,4.2,237,Burger
7075,3.6,19,Fast Food
5129,3.7,139,Rolls
2791,4.2,289,Fast Food
5387,4.3,2563,North Indian
21171,3.4,9,Fast Food
41509,4.1,249,Beverages
8688,4.2,346,Beverages
7892,,0,Beverages
50841,3.9,66,Ice Cream
796,,0,Desserts
11954,3.6,41,Chinese
14035,4.0,97,Continental
1506,3.9,91,Chinese
14087,3.0,59,Tex-Mex
42719,,0,Beverages
27693,3.9,49,Seafood
9478,,0,Fast Food
5062,4.1,587,North Indian
1748,3.7,23,Ice Cream
21047,4.0,44,Desserts
5326,3.6,27,Continental
844,,0,Continental
8452,4.3,678,Chinese
3333,,0,Fast Food
13765,3.9,48,Tea
14064,2.8,185,Fast Food
1060,3.0,119,Continental
39819,3.3,5,Beverages
25487,3.3,19,Chinese
18084,,0,Chinese
20937,3.4,35,Chinese
2060,,0,Chinese
40219,,0,Biryani
43100,2.9,16,Biryani
330,3.6,17,Biryani
20854,,0,Biryani
40329,3.1,4,Biryani
5472,3.8,77,Biryani
41217,2.8,28,Biryani
43945,3.3,10,Biryani
40180,,0,Biryani
25267,,0,Chinese
22168,,0,Chinese
43629,3.0,20,Chinese
4111,3.7,59,North Indian
6751,,0,North Indian
1638,4.1,176,Chinese
4580,3.8,232,Chinese
38552,3.4,11,Continental
8540,3.9,89,Hyderabadi
24253,3.4,58,Kerala
41842,3.1,49,Kerala
68,4.0,507,Chinese
24037,3.8,25,Pizza
46253,4.1,147,Continental
14115,3.8,16,Continental
6133,3.5,9,Seafood
8933,,0,Cafe
4486,4.0,44,Chinese
1973,4.1,2724,Mughlai
4502,4.0,739,Mughlai
16967,2.7,29,Italian
47499,3.2,29,Italian
7506,3.2,63,Italian
21777,3.6,18,Italian
13070,2.8,53,Italian
20874,3.0,5,Italian
557,,0,Italian
17075,,0,Fast Food
37770,3.3,6,Chinese
3815,3.4,334,North Indian
40531,,0,Chettinad
7325,3.7,42,Chinese
1475,3.0,82,Chinese
3629,3.6,16,North Indian
10128,3.1,325,Chinese
19476,3.8,384,Chinese
887,3.1,152,North Indian
9295,3.8,59,Chinese
2412,,0,North Indian
40288,3.4,6,North Indian
10882,3.0,255,Chinese
3833,3.8,208,North Indian
4178,3.6,6,Mughlai
20019,3.5,178,Mughlai
4368,3.1,42,Mughlai
4567,3.5,98,Biryani
7328,3.1,81,North Indian
6067,3.1,53,Kerala
4367,3.5,13,Chinese
22036,3.0,31,Chinese
6066,3.2,35,North Indian
1413,3.7,34,Fast Food
47,3.9,144,Rolls
5773,3.6,16,Chinese
13833,,0,Tea
7537,3.5,65,Biryani
12790,3.7,23,Fast Food
6319,,0,Chinese
1651,3.9,505,Chinese
19279,4.0,88,Fast Food
40306,3.1,114,Chinese
20458,3.6,194,Chinese
4623,3.8,54,Chinese
22018,3.5,13,Chinese
22556,4.1,448,Momos
43128,3.8,219,Momos
4205,3.9,519,Momos
3521,3.9,306,Momos
14786,3.9,647,Momos
7232,,0,Fast Food
6727,3.3,6,North Indian
1804,2.7,172,Biryani
5136,,0,Biryani
22144,3.2,4,Biryani
21640,,0,South Indian
5644,,0,South Indian
32482,4.0,126,Salad
3549,4.0,74,Ice Cream
2981,3.3,73,Rolls
6444,,0,Seafood
25185,3.7,145,Chinese
47399,,0,Biryani
355,,0,Beverages
782,3.7,36,Pizza
4131,3.9,96,Desserts
13072,3.7,34,Rolls
40636,,0,Fast Food
4392,3.9,121,Biryani
203,3.8,361,Chinese
6228,3.6,108,Biryani
7968,3.8,50,Rolls
4432,3.9,201,Rolls
9975,3.9,113,Rolls
43163,2.8,68,Bengali
703,,0,North Indian
5743,3.1,9,Salad
4539,3.5,177,Chinese
5199,,0,North Indian
5789,3.7,173,North Indian
5740,3.8,44,Gujarati
41638,4.0,58,Pizza
40304,,0,Burger
42358,,0,Chinese
22231,3.7,26,Biryani
13885,4.3,153,Momos
39421,,0,Fast Food
1265,4.3,1800,Italian
21928,3.1,8,Fast Food
41757,3.0,106,Chinese
17397,3.4,372,Biryani
22874,3.5,180,Biryani
4209,,0,North Indian
14393,4.3,289,North Indian
2427,3.2,115,Chinese
1652,3.5,61,North Indian
11712,3.6,8,North Indian
6156,3.4,7,Chinese
5783,3.6,15,North Indian
9708,3.4,5,Beverages
40580,3.6,22,Biryani
4547,3.9,226,Chinese
21811,3.9,367,Chinese
3863,3.8,798,Chinese
1899,3.5,10,South Indian
42081,4.3,2316,Pizza
7789,3.3,6,Bengali
13969,4.0,209,Pizza
1965,3.5,15,Chinese
17855,3.1,19,South Indian
7021,,0,Juices
18752,4.1,1341,Pizza
5029,3.8,61,North Indian
852,3.9,441,Chinese
12683,3.5,406,Kebab
49125,2.8,28,North Indian
2122,3.8,139,Chinese
40964,3.9,276,Continental
6754,3.6,11,Ice Cream
5194,,0,Street Food
16019,4.1,1453,Continental
22591,4.1,274,North Indian
26626,4.0,277,North Indian
11174,4.4,110,North Indian
6989,3.1,7,Chinese
3887,3.8,231,Burger
8431,,0,Desserts
5072,3.4,122,Fast Food
5546,4.4,345,North Indian
9429,3.2,67,Chinese
7117,3.7,29,Continental
28005,4.0,156,Fast Food
3022,4.0,1080,Fast Food
18165,4.0,180,Fast Food
6042,3.6,10,South Indian
16234,3.2,4,Mughlai
1252,3.9,128,Street Food
2386,3.7,327,Chinese
1243,4.5,3826,Fast Food
359,3.5,6,Chinese
6371,3.5,13,Biryani
6741,3.2,8,Chinese
1016,4.0,54,Thai
41488,3.5,14,Beverages
18978,,0,North Indian
3024,3.0,58,Rolls
16251,,0,Biryani
1974,2.7,159,North Indian
5305,,0,Continental
3648,3.2,20,Chinese
336,3.1,4,Continental
27914,3.5,10,Continental
8239,3.5,16,Continental
21887,,0,Continental
28846,4.2,1534,Italian
29388,,0,Biryani
2851,4.5,857,Biryani
9020,4.1,94,Biryani
19109,,0,Biryani
18555,4.4,1034,Biryani
3592,4.4,632,Biryani
39043,4.5,230,Biryani
586,,0,Biryani
10112,4.6,143,Biryani
1518,4.5,1181,Biryani
41161,3.6,10,Biryani
22355,4.4,287,Biryani
5768,4.0,128,Greek
41771,3.5,16,North Indian
6416,3.6,24,Street Food
39424,,0,North Indian
1235,3.4,35,Fast Food
3578,4.3,149,Pizza
270,,0,Chinese
5362,3.5,435,Chinese
360,3.0,64,Biryani
4849,3.0,8,North Indian
17090,3.8,58,Fast Food
1392,3.4,23,Kerala
11167,4.7,3197,Continental
14005,4.1,137,Salad
3627,4.1,617,Chinese
192,,0,Chinese
29329,,0,Mexican
13266,2.9,14,Fast Food
41532,4.0,233,Chinese
17627,4.0,391,Biryani
2594,3.9,74,Continental
40389,,0,Oriya
5098,3.6,225,Chinese
302,2.9,51,Fast Food
50844,4.0,19,Sandwich
5328,3.4,34,Chinese
18530,3.9,48,Continental
41682,4.1,669,Continental
1079,3.8,38,Thai
2609,3.7,38,South Indian
3069,3.9,95,South Indian
1036,4.1,6875,South Indian
4064,3.6,113,South Indian
8336,4.0,88,South Indian
2878,4.0,2692,South Indian
7835,3.9,3831,South Indian
2406,,0,South Indian
26094,4.1,2402,South Indian
2595,4.1,1864,South Indian
13579,4.4,2090,South Indian
8453,4.0,3209,South Indian
42103,3.8,409,Kerala
3802,4.3,3178,South Indian
170,4.4,4884,South Indian
39066,4.0,601,South Indian
16976,3.5,156,South Indian
3712,3.8,2084,South Indian
23008,4.0,3128,South Indian
31600,3.9,144,Mughlai
13627,4.2,8176,South Indian
16860,4.3,330,Italian
815,4.2,64,Sandwich
1271,4.4,464,Healthy Food
862,4.2,731,Beverages
15059,3.3,16,North Indian
587,3.7,56,Desserts
6111,4.1,505,Pizza
3505,3.9,52,Vietnamese
20236,3.9,51,Seafood
984,3.5,148,Mughlai
22250,3.9,19,Bakery
1809,4.1,1063,Salad
6411,3.3,31,North Indian
502,,0,Chinese
20194,4.1,110,Fast Food
1978,3.8,101,Fast Food
1678,4.0,506,Fast Food
6808,,0,Fast Food
47647,3.9,104,Fast Food
17818,4.0,176,Fast Food
15426,3.9,252,Fast Food
30,3.8,632,Fast Food
12438,3.9,355,Fast Food
46010,3.8,204,Fast Food
48211,3.9,184,Fast Food
20905,4.0,138,Fast Food
42882,3.9,96,Fast Food
10017,3.9,441,Fast Food
23155,3.8,140,Fast Food
14930,3.9,140,Fast Food
8766,3.9,114,Fast Food
24905,4.0,461,Fast Food
160,4.2,415,Fast Food
19004,3.9,313,Fast Food
8516,4.0,67,Fast Food
41086,4.0,184,Fast Food
39904,4.0,206,Fast Food
3994,4.1,193,Fast Food
2083,3.4,6,Fast Food
41478,3.9,250,Fast Food
4810,3.9,251,Fast Food
51005,3.9,171,Fast Food
6686,4.1,38,Fast Food
12984,4.5,232,Beverages
42039,4.2,59,Beverages
5413,,0,Biryani
31341,3.4,6,Chinese
10792,,0,Chinese
13047,2.6,43,North Indian
10886,3.9,261,Biryani
3522,3.9,132,North Indian
2828,3.7,53,North Indian
258,3.7,18,Sandwich
165,2.8,91,Fast Food
10844,,0,Seafood
5060,3.8,72,Italian
3793,4.2,1964,Chinese
2832,4.1,1272,Biryani
12139,4.4,2039,Desserts
5221,4.4,383,Italian
40795,4.5,523,South Indian
3973,4.2,133,North Indian
10407,3.8,88,Chinese
28510,,0,Fast Food
11132,4.5,6348,Continental
24401,2.9,12,Chinese
22548,3.9,74,Indonesian
14397,4.0,62,Pizza
39325,3.6,33,Fast Food
5140,3.9,597,Chinese
4571,3.7,182,Italian
5667,3.1,5,North Indian
10640,3.7,56,Chinese
216,,0,South Indian
44098,,0,Chinese
28372,3.4,26,Fast Food
764,4.4,809,Burger
21790,3.9,751,Chinese
10232,3.9,454,Rolls
8732,4.0,649,Bengali
20344,4.1,52,Biryani
4680,3.9,37,Biryani
1618,4.1,56,Biryani
2942,3.4,12,Burger
17035,3.8,78,Biryani
20844,,0,Biryani
41651,3.7,118,Seafood
41897,3.0,28,Seafood
39125,4.0,89,Chinese
955,3.9,418,Chinese
38432,4.2,302,Chinese
922,3.5,9,Chinese
4833,,0,Fast Food
5339,,0,Fast Food
15824,,0,Fast Food
20445,3.6,55,South Indian
1807,3.9,62,Roast Chicken
6196,,0,Kebab
42794,,0,Continental
12429,,0,Continental
13704,2.9,24,Continental
5357,3.5,10,BBQ
1581,3.4,5,Chinese
16768,3.6,34,Andhra
3456,3.7,37,Salad
13654,,0,Andhra
41476,3.3,239,Biryani
2838,3.5,8,Chinese
46128,3.7,59,Chinese
16726,3.5,185,Chinese
16683,4.9,2745,North Indian
42480,4.7,7154,North Indian
48243,3.4,10,Beverages
7475,3.8,82,North Indian
40623,2.8,21,Mughlai
2450,3.9,33,Gujarati
649,,0,Bengali
2801,3.6,36,Chinese
15388,,0,Biryani
5573,3.3,7,Fast Food
38537,3.3,4,Chinese
6975,3.3,16,Hyderabadi
46328,3.7,29,Kerala
707,3.8,25,Rolls
6027,3.5,42,Street Food
4791,3.2,45,South Indian
499,,0,Fast Food
22602,3.8,88,Chinese
41973,3.2,8,Street Food
40563,3.3,12,Bengali
2016,3.1,5,Kerala
2266,,0,Chinese
63,,0,Chinese
1137,3.3,6,Mughlai
808,4.3,1387,Japanese
41700,3.2,4,Rolls
5019,3.0,88,Italian
7650,2.6,56,Italian
42703,2.8,48,Italian
24815,3.1,10,Biryani
7932,,0,Kerala
40471,3.4,10,Biryani
4401,,0,Biryani
13231,,0,Chinese
4350,4.0,113,Fast Food
40203,3.8,28,Desserts
157,2.8,506,Chinese
9213,,0,Chinese
5958,,0,Burger
7025,2.9,54,Chinese
240,,0,Chinese
22113,,0,North Indian
628,3.5,89,Arabian
24183,3.7,48,Fast Food
6317,3.4,5,North Indian
17987,3.8,178,Beverages
1735,3.7,131,Arabian
4608,3.1,8,Seafood
1445,3.7,59,North Indian
42859,,0,Mughlai
121,3.6,24,Continental
43381,3.7,17,Burger
8154,,0,Fast Food
40561,3.1,65,Mughlai
5582,3.7,122,Street Food
16615,4.1,210,European
41874,3.3,20,Biryani
41500,3.7,136,Biryani
4533,4.4,1146,Continental
7846,4.4,366,Asian
22262,3.8,110,Cafe
568,3.7,91,Fast Food
2061,3.3,8,Burger
5525,3.3,7,Beverages
20816,3.2,234,North Indian
14298,3.9,37,Kerala
17076,,0,Fast Food
17423,,0,Fast Food
8810,4.1,104,Healthy Food
1338,4.1,137,Salad
40366,3.6,14,Thai
19814,3.4,372,Biryani
4776,,0,Chinese
274,3.9,627,Biryani
39864,,0,Healthy Food
20767,3.0,546,Biryani
4253,3.3,628,Biryani
3618,3.2,113,Biryani
2852,3.6,531,Biryani
42674,2.8,132,Biryani
17760,3.2,835,Biryani
39056,3.3,535,Biryani
1524,3.9,582,Biryani
9073,3.8,377,Biryani
14286,3.8,1082,Mediterranean
41599,4.0,702,Asian
2681,3.9,551,Chinese
39860,3.2,55,Chinese
4876,,0,Beverages
352,2.8,36,Pizza
42835,,0,Biryani
8676,4.1,244,Ice Cream
24493,3.9,55,Ice Cream
394,4.2,146,Ice Cream
15385,4.1,167,Ice Cream
6034,3.7,19,Ice Cream
4817,4.0,35,Ice Cream
6773,3.6,59,Ice Cream
6086,3.6,13,Ice Cream
2884,4.2,182,Ice Cream
41614,3.7,56,Ice Cream
4214,3.7,21,Beverages
17710,,0,Chinese
14408,4.2,38,North Indian
3412,3.6,54,Seafood
12335,,0,American
4391,3.2,16,American
41377,3.8,182,Momos
41877,3.3,23,Momos
3800,4.0,48,Momos
3717,3.8,87,Fast Food
365,,0,Beverages
2307,4.1,336,Desserts
24404,3.3,4,Beverages
6936,3.2,4,Kerala
21589,,0,Seafood
40558,3.7,95,Street Food
6350,3.6,31,North Indian
19090,,6,Assamese
2789,4.2,325,Assamese
4337,3.7,30,Chinese
41566,3.6,101,Chinese
814,3.7,30,Desserts
1818,3.7,93,Chinese
29410,,0,South Indian
4871,3.2,144,Biryani
21044,3.8,31,Rajasthani
3054,3.9,110,Desserts
20504,2.9,38,Desserts
4066,3.2,4,Bakery
21487,3.4,5,Desserts
41609,3.4,17,Desserts
49960,3.2,6,Desserts
11395,3.0,40,Desserts
3777,2.9,17,Desserts
42024,3.8,51,Desserts
8480,3.7,32,Desserts
41321,,0,Continental
2874,3.1,48,Italian
2833,3.1,7,Chinese
16330,3.4,16,Biryani
894,4.4,1710,North Indian
42315,4.5,2711,North Indian
6799,4.5,3902,North Indian
766,4.3,1265,Chinese
19677,3.6,92,Chinese
22423,3.9,300,North Indian
20346,3.0,5,Chinese
29504,,0,North Indian
17280,4.0,170,Asian
4162,4.1,836,Pizza
2598,3.7,83,BBQ
42285,3.6,27,Chinese
18805,4.2,794,Italian
8681,4.4,1084,Italian
3543,4.2,5308,Italian
23283,3.5,131,Beverages
9371,,0,Fast Food
2798,4.0,777,Fast Food
8086,,0,Beverages
2282,4.3,1302,Beverages
296,3.6,163,North Indian
13906,4.3,371,Mexican
2817,3.8,37,Desserts
871,3.9,407,Biryani
5104,4.4,384,Seafood
1617,4.0,201,Fast Food
3546,3.9,258,South Indian
880,3.8,469,Beverages
22074,3.7,53,Desserts
40429,,0,North Indian
9650,3.5,18,North Indian
2514,4.0,370,Chinese
6305,3.7,40,Chinese
19928,4.2,175,Seafood
21147,3.7,1813,Mughlai
41272,2.6,51,South Indian
23662,4.2,271,Burger
8,3.5,12,Continental
48402,3.8,91,Biryani
12047,3.4,7,Mangalorean
6987,,0,Biryani
46217,3.6,26,Chinese
2217,3.3,6,South Indian
7877,3.4,7,Biryani
1897,3.4,8,Chinese
3563,3.5,31,Chinese
2320,,0,Chinese
5561,3.6,34,Chinese
200,,0,Chinese
18124,,0,Juices
51329,3.9,51,Kerala
9269,,0,Bengali
3165,4.1,732,Italian
835,3.9,291,Continental
398,,0,Chinese
1140,3.0,57,Andhra
16205,3.5,37,Ice Cream
18490,3.8,424,Andhra
15067,3.3,7,Continental
14411,3.8,259,Chinese
4068,4.3,2840,Healthy Food
111,3.4,6,Mughlai
4221,3.9,715,Continental
15066,3.5,12,Grill
7657,,0,BBQ
40140,2.9,30,Chinese
41946,,0,Chinese
7995,4.1,564,Continental
476,,0,Beverages
40110,,0,Beverages
4915,3.9,88,Fast Food
4807,2.5,321,Fast Food
2041,4.0,457,Thai
22186,3.8,68,Thai
17196,3.8,111,Thai
43270,,0,Thai
10927,3.8,36,Thai
784,3.6,16,Thai
24367,3.3,4,Fast Food
41503,4.1,637,Asian
13998,4.1,332,Steak
24271,4.2,817,Chinese
201,4.1,1875,Mughlai
2155,,0,Fast Food
35479,3.7,592,Juices
3605,3.7,19,Healthy Food
1023,3.4,7,Chinese
7766,,0,North Indian
8418,2.9,200,North Indian
341,4.1,868,Mexican
45981,,0,Beverages
28600,,0,Desserts
6633,3.7,61,Italian
13569,4.4,1187,Japanese
7373,4.0,152,Desserts
3862,4.0,78,Rolls
2804,3.8,22,Juices
9121,4.5,2781,Seafood
4830,3.1,13,Biryani
1847,,0,Chinese
41554,4.0,1192,Chinese
2702,4.7,4678,Japanese
41542,4.4,2881,Cafe
11771,,0,Continental
1139,3.8,100,Chinese
40469,3.6,28,South Indian
18489,4.0,1413,North Indian
11775,4.3,797,Finger Food
19311,,0,Continental
7488,,0,Healthy Food
42306,,0,Biryani
7374,4.0,2151,Chinese
746,,0,Sandwich
8289,3.1,54,South Indian
791,3.3,86,North Indian
4822,,0,North Indian
4046,4.3,490,Italian
51345,3.1,41,Italian
29102,3.6,54,South Indian
39410,,0,North Indian
49168,2.9,16,Chinese
532,,0,Beverages
5054,4.2,1365,Mexican
40189,4.1,1218,Mexican
20831,3.5,15,North Indian
51272,3.3,11,Arabian
8636,2.8,43,European
20375,3.4,51,Chinese
6776,2.9,21,North Indian
41750,4.1,469,Seafood
18407,4.2,69,Asian
802,3.7,61,Mughlai
46144,3.5,137,Chinese
22141,3.4,7,North Indian
19035,3.8,198,North Indian
33795,4.0,137,Chinese
5742,3.8,117,Mediterranean
4824,3.8,368,Healthy Food
2051,,0,Fast Food
5441,3.8,22,Healthy Food
3983,,0,Beverages
8183,3.6,16,Chinese
22011,,0,Biryani
345,2.8,58,Mughlai
22075,,0,Kerala
7936,4.6,1580,Burger
3565,2.9,95,Chinese
71,3.6,32,Chinese
42078,4.1,4767,Chinese
39016,3.9,72,Steak
142,,0,Biryani
29437,3.4,21,Chinese
17303,,0,Lucknowi
15112,3.0,398,Biryani
7929,3.4,8,Kerala
17788,4.5,224,Momos
42889,3.9,308,Seafood
4717,4.2,7193,North Indian
4069,4.3,1707,European
22021,4.4,816,European
8053,3.0,46,Juices
1896,3.6,88,Biryani
348,,0,Biryani
42406,3.3,4,Beverages
6816,3.1,55,Biryani
227,3.8,36,Italian
22006,,0,North Indian
8993,,0,Chinese
229,,0,Juices
1432,,0,Chinese
5272,3.2,9,North Indian
9142,,0,Chinese
1322,3.6,27,Chinese
1127,,0,Biryani
9311,,0,Kebab
5073,,0,Chinese
4299,3.8,207,Chinese
1114,3.3,5,Kebab
3401,3.5,83,Chinese
41737,3.6,6,Chinese
41522,3.7,62,South Indian
41869,3.1,94,Arabian
3352,3.4,16,Arabian
9768,4.0,787,Rolls
2049,,0,Chinese
3988,3.9,222,North Indian
15761,,0,South Indian
41752,3.5,79,North Indian
22117,,0,Chinese
1982,,0,Kerala
11635,3.9,39,Momos
8493,,0,Chinese
40396,3.6,59,North Indian
16571,2.5,66,Arabian
744,3.2,4,Chinese
1399,3.1,10,Chinese
12903,,0,Chinese
41523,3.8,328,Chinese
24222,3.7,49,Chinese
15126,3.7,257,Mangalorean
41908,3.5,19,Chinese
48425,3.8,20,Chinese
48162,3.8,219,North Indian
22618,3.7,91,South Indian
1391,,0,Hyderabadi
41935,,0,Kebab
1537,3.9,340,Chinese
40159,3.8,201,Chinese
29562,2.8,26,South Indian
437,2.8,25,Chinese
6824,2.9,18,South Indian
9651,,0,Andhra
49097,,0,Chinese
2120,3.8,133,North Indian
23506,3.4,8,Seafood
48245,3.6,121,Biryani
5705,,0,Biryani
12715,3.6,32,Chinese
43910,,0,North Indian
6053,,0,Chinese
46464,3.5,15,South Indian
2946,2.9,13,Biryani
17602,,0,South Indian
5065,3.4,11,Chinese
5757,,0,Chinese
23201,,0,Street Food
48900,,0,Chinese
40111,3.6,32,Chinese
17389,3.7,73,Chinese
17822,3.5,18,Chinese
2021,4.1,127,Biryani
3180,,0,South Indian
4797,3.6,13,Chinese
13728,3.7,125,Momos
7016,,0,Oriya
1361,,0,Chinese
7247,,0,Fast Food
172,,0,Chinese
8207,3.4,7,Biryani
41579,3.2,17,Arabian
9874,3.3,6,Biryani
11887,4.4,712,Chinese
3164,4.1,66,Chinese
2130,,0,North Indian
48516,,0,Chinese
6928,3.2,5,Chinese
1582,,0,Chinese
7800,,0,Salad
7201,,0,Italian
20788,,0,Salad
21350,,0,Italian
40084,,0,Italian
21316,,0,Burger
11776,4.7,3573,North Indian
7372,4.8,4390,North Indian
681,3.8,540,Biryani
13735,,0,Salad
43164,3.8,60,Burger
3449,3.9,44,Fast Food
2267,4.1,93,European
917,4.1,466,Finger Food
2332,3.2,68,Fast Food
8730,3.8,320,South Indian
45941,4.0,820,Momos
1035,4.3,2241,Momos
46019,2.9,123,Momos
5006,3.8,54,South Indian
9134,4.6,311,Chinese
40490,4.0,165,Biryani
6532,,0,Beverages
30339,,0,North Indian
9127,3.9,152,Biryani
29104,3.8,31,Biryani
19703,3.7,100,Fast Food
3909,3.7,26,North Indian
2640,3.1,7,Maharashtrian
7281,2.5,109,Arabian
43251,4.0,632,Chinese
4098,3.6,15,Biryani
43400,,0,Biryani
42747,3.0,12,Chinese
7156,3.6,51,Italian
1264,4.3,1463,Italian
5838,4.1,358,Asian
11433,,0,North Indian
6500,3.3,21,Fast Food
7271,,0,Italian
22530,3.9,36,Salad
16134,4.0,40,Vietnamese
107,3.1,9,Chinese
7595,3.9,118,Chinese
4663,3.0,137,Chinese
3934,4.1,1112,Chinese
9092,3.7,21,Charcoal Chicken
14437,3.9,1615,Chinese
18548,3.5,374,Chinese
12176,4.3,1348,Chinese
4705,3.6,794,Chinese
3714,3.7,833,Chinese
46348,3.0,66,Biryani
23012,3.7,301,Chinese
5219,3.3,12,North Indian
40000,3.2,145,Biryani
23941,3.3,106,North Indian
42089,4.1,213,Chinese
22610,4.0,268,North Indian
4054,4.0,717,North Indian
184,2.8,70,Hyderabadi
177,3.7,198,Biryani
2037,,0,South Indian
1631,3.8,237,Biryani
2082,3.2,136,Biryani
46267,3.0,100,Chinese
4081,3.4,33,Chinese
6091,3.4,7,Chinese
2104,3.6,218,Chinese
5765,3.5,19,Chinese
17222,2.9,102,Chinese
20919,4.0,593,Chinese
4072,3.1,41,Biryani
2251,3.4,6,Chinese
14550,3.8,617,Mediterranean
7820,,0,Desserts
5399,3.0,96,Fast Food
5152,,0,Fast Food
16553,,0,Desserts
18036,,0,Beverages
21856,,0,Beverages
16980,3.0,16,Beverages
46274,3.4,6,Beverages
4733,3.7,39,Burger
6235,,0,Fast Food
1926,3.8,124,North Indian
4422,3.5,26,South Indian
11697,3.1,7,Desserts
281,3.3,13,Fast Food
889,2.4,125,Arabian
3193,3.9,239,Biryani
724,3.7,264,Biryani
41739,3.8,253,Biryani
6735,2.9,238,Biryani
6433,3.6,241,South Indian
14566,3.9,366,Biryani
17740,3.7,487,Chinese
3586,3.9,22,Pizza
39837,4.3,2003,Mughlai
16680,4.2,767,Mughlai
22418,4.5,1228,Biryani
40837,4.4,2382,Mughlai
9296,3.7,535,Chinese
23435,3.4,182,Hyderabadi
1601,3.3,211,Fast Food
7545,4.1,674,Chinese
2025,2.9,345,Chinese
1824,3.8,234,Fast Food
665,3.2,10,Fast Food
2519,3.0,8,Finger Food
19180,,0,Chinese
22776,3.3,4,Rolls
11817,,0,Pizza
11121,4.3,2349,Asian
17623,,0,Biryani
5017,3.6,14,Italian
5574,4.1,399,Fast Food
2731,4.3,860,Desserts
13887,4.3,766,Desserts
40979,3.8,67,Chinese
16578,3.5,10,Healthy Food
40214,3.3,12,Continental
21078,,0,North Indian
1185,2.9,7,Pizza
9186,,0,Juices
7223,3.8,34,Italian
7749,3.9,63,Healthy Food
4583,3.9,41,Healthy Food
14023,3.7,28,Chinese
9148,3.4,12,North Indian
8517,3.9,310,European
1529,3.8,210,Fast Food
51306,3.5,38,North Indian
1422,3.6,27,Desserts
19978,3.8,129,Mediterranean
20781,4.0,142,Pizza
20431,3.7,690,Momos
20568,3.8,429,Chinese
17969,,0,South Indian
24072,3.0,52,Seafood
38606,3.6,21,Chinese
17393,3.7,34,Chinese
1,4.1,775,Chinese
41118,3.2,8,Arabian
3479,4.5,3421,Italian
41766,2.9,139,Chinese
1344,2.6,157,Pizza
49018,3.6,41,Pizza
13354,3.1,21,Chinese
29043,3.4,8,Fast Food
42314,4.3,1042,North Indian
17328,3.1,105,South Indian
7302,3.2,8,North Indian
16698,4.0,2807,Biryani
8399,3.6,13,Rolls
18692,3.9,815,Chinese
23663,3.8,674,Chinese
43192,3.4,10,North Indian
19413,,0,Juices
16810,2.9,10,Rajasthani
8378,3.7,22,Mithai
15305,4.1,1827,American
6104,3.7,31,North Indian
3702,4.3,315,Biryani
41980,,0,Beverages
21809,,0,Finger Food
3082,4.0,138,South Indian
20442,3.7,17,South Indian
4105,3.7,70,Fast Food
4315,3.8,210,Chinese
1868,3.7,57,Chinese
5135,,0,Beverages
32023,3.2,6,Fast Food
4267,3.5,22,Ice Cream
4444,3.4,24,Ice Cream
8386,3.7,15,Ice Cream
17174,3.7,17,Ice Cream
21104,,0,Ice Cream
39916,3.6,9,Ice Cream
15803,3.8,80,Fast Food
1852,3.9,37,Fast Food
8752,3.9,43,Fast Food
7848,,0,Fast Food
11858,3.9,281,Chinese
17669,4.0,220,Chinese
4031,,0,Cafe
6895,,0,Burger
16425,,0,Beverages
1709,4.0,162,Sandwich
46187,3.1,7,North Indian
39023,4.3,476,Healthy Food
8409,4.4,2111,Italian
2052,,0,Chinese
22045,,0,Beverages
2774,4.0,47,Coffee
3409,3.3,4,Rolls
42198,2.8,26,Rolls
3780,3.1,163,Rolls
41485,3.8,251,Rolls
31,3.3,184,Rolls
46248,,0,Biryani
7022,,0,Kerala
3270,3.3,14,Kebab
5466,3.1,11,Kebab
307,3.2,4,Kebab
4080,3.9,205,Fast Food
10095,3.9,879,Fast Food
3699,4.0,957,Fast Food
9547,3.9,74,Fast Food
8388,3.7,311,Chinese
301,4.1,1720,Chinese
8101,2.9,317,Chinese
11524,3.9,984,Fast Food
4171,3.1,281,Chinese
19640,3.0,451,Fast Food
4690,2.9,243,Rolls
3893,3.7,66,Fast Food
9297,3.8,228,Kebab
4211,,0,Kebab
43725,3.6,104,Chinese
43733,3.2,4,Mughlai
19012,3.4,46,Chinese
4523,3.5,75,Fast Food
24107,3.4,7,Rolls
41758,3.8,72,Kebab
9022,3.6,112,Arabian
42930,3.8,314,Arabian
4186,3.6,15,Arabian
1680,,0,Arabian
1778,,0,South Indian
5178,,0,Rolls
1986,,0,Middle Eastern
18609,,0,Rolls
7802,,0,Rolls
40013,,0,Middle Eastern
9461,3.1,570,Desserts
41636,3.6,73,Seafood
5344,3.8,263,Biryani
24745,2.9,27,Chinese
2007,3.7,50,South Indian
85,3.6,129,North Indian
393,3.8,153,Chinese
4615,3.7,30,South Indian
46316,3.6,74,North Indian
10972,3.5,16,Oriya
861,3.8,71,North Indian
2492,3.9,170,Seafood
8063,3.8,63,European
2875,3.7,37,European
7531,3.9,30,Chinese
5232,3.7,217,Chinese
13453,3.8,89,Chinese
20900,3.1,11,Oriya
9831,3.4,8,Chinese
3831,3.9,126,Chinese
42302,,0,Chinese
6734,3.6,60,Chinese
286,2.6,72,Chinese
1121,3.6,31,Chinese
1150,3.9,193,Chinese
40276,3.0,241,Chinese
6051,,0,Tibetan
7879,3.5,12,Fast Food
6921,3.4,15,Biryani
544,,0,North Indian
2273,3.1,18,South Indian
22065,3.7,50,Kerala
4481,3.9,51,Fast Food
22728,3.9,93,Chinese
4477,4.4,889,Seafood
4425,3.9,163,Chinese
11496,4.1,1555,Beverages
3124,4.4,2867,Beverages
1204,3.5,90,South Indian
1316,3.1,30,Chinese
4660,3.7,26,North Indian
10053,3.7,28,North Indian
15087,,0,Mangalorean
2845,,0,Seafood
13914,4.5,674,Seafood
41723,3.9,363,Pizza
5518,4.1,988,Italian
1985,2.8,44,Mughlai
614,,0,Juices
48119,4.0,617,Continental
3434,3.9,284,Continental
48745,3.4,10,Continental
16703,3.9,69,Continental
13879,4.4,858,Thai
37104,4.4,885,Thai
39946,3.4,38,Kebab
7210,4.0,138,Mughlai
6969,,0,Juices
867,4.3,630,Juices
6600,3.9,202,Fast Food
48538,3.2,46,Seafood
44069,3.2,4,North Indian
5623,,0,North Indian
185,3.4,82,Chinese
308,3.2,8,South Indian
24071,2.9,40,North Indian
3673,3.7,123,South Indian
3654,3.5,137,Biryani
9044,3.9,302,Seafood
7799,3.6,48,South Indian
8340,4.0,213,Chinese
22726,3.9,47,Chinese
17665,4.1,1123,Chinese
22468,3.8,140,North Indian
2383,3.5,15,Italian
1703,3.7,110,Beverages
46251,3.3,4,Beverages
17385,3.9,89,Ice Cream
1671,3.7,54,Ice Cream
40038,2.9,79,Ice Cream
42003,3.7,104,Ice Cream
25303,3.9,45,Ice Cream
12906,3.0,14,Ice Cream
22264,3.7,34,Ice Cream
24391,4.0,169,Ice Cream
48654,3.7,39,Ice Cream
51559,3.9,106,Ice Cream
3570,3.9,54,Ice Cream
8299,3.8,26,Ice Cream
39102,3.9,129,Ice Cream
9702,4.0,568,Ice Cream
4176,3.6,18,Ice Cream
49465,3.6,12,Ice Cream
18720,3.6,63,Ice Cream
1423,3.9,210,Ice Cream
31058,3.2,6,Ice Cream
45990,3.9,17,Ice Cream
8840,3.6,11,Ice Cream
5206,3.8,29,Ice Cream
5908,3.7,103,Biryani
16767,2.8,161,North Indian
906,3.8,115,North Indian
5787,,0,South Indian
4529,,0,Biryani
5598,3.1,16,Chinese
4975,3.2,135,Rolls
41055,,0,Hyderabadi
25991,3.5,19,Continental
1596,4.2,189,Mithai
7033,4.3,988,Momos
401,3.6,46,Biryani
46055,4.0,154,Kebab
14493,3.3,69,Bengali
11937,4.0,528,Italian
19732,3.8,207,North Indian
4314,3.6,32,Kerala
24011,3.7,306,Street Food
1330,3.5,11,Chinese
32017,,0,South Indian
21191,3.7,25,Chinese
20856,3.5,11,Chinese
22016,3.1,12,Chinese
104,3.8,144,Italian
6986,,0,Chinese
24016,3.8,306,Biryani
9974,4.1,569,Rolls
43012,3.8,210,Chinese
4398,4.3,787,Japanese
4446,4.0,48,Asian
17513,3.6,18,Andhra
19230,,0,South Indian
29376,3.4,9,Chinese
5747,,0,Chinese
1754,3.9,224,Mughlai
20799,,0,Continental
8657,3.1,247,Mughlai
4170,3.9,488,Mughlai
39838,3.9,125,South Indian
17018,3.4,215,Mughlai
3235,3.1,59,Fast Food
3229,3.7,37,Fast Food
11220,4.1,1786,Fast Food
4594,4.1,1120,Fast Food
15458,4.1,1473,Fast Food
28394,4.0,398,Fast Food
5846,,0,Biryani
1789,3.2,231,Biryani
1115,3.0,7,Chinese
9215,,0,Biryani
5537,4.1,407,South Indian
8483,4.1,1022,Continental
12243,3.9,155,Continental
138,3.2,379,Andhra
4001,3.8,571,Andhra
22107,,0,Fast Food
41558,3.4,8,Fast Food
48659,,0,Beverages
2614,4.6,4650,Chinese
14017,3.9,2322,Chinese
1758,4.3,3605,North Indian
1558,3.1,9,Andhra
18488,3.0,9,Biryani
1336,4.0,431,Chinese
163,4.2,1901,Sandwich
4850,4.1,61,Beverages
19792,,0,Street Food
4207,4.0,396,Chinese
4504,4.0,117,Chinese
23678,,0,Chinese
1914,3.9,52,Chinese
5772,3.5,13,Chinese
6992,3.8,1159,North Indian
834,3.8,473,North Indian
40407,3.7,856,North Indian
4683,3.8,1972,North Indian
17939,2.9,595,North Indian
13261,3.2,4,Chinese
40240,3.0,52,North Indian
444,3.4,20,South Indian
48396,3.4,10,South Indian
457,4.1,353,Chinese
41725,3.5,141,Seafood
7299,3.7,46,Juices
543,,0,Juices
8195,3.3,4,Juices
1146,3.9,331,Fast Food
6979,3.5,9,Fast Food
4535,3.8,1166,South Indian
14390,3.8,189,North Indian
41801,3.0,99,Mughlai
2697,2.8,261,Seafood
39033,4.1,184,Italian
35217,3.7,18,North Indian
35191,4.1,309,Japanese
882,3.6,571,Chinese
4121,4.4,1381,Seafood
7951,3.8,47,Sandwich
1562,,0,Chinese
29083,,0,Salad
40554,3.6,17,South Indian
42846,,0,North Indian
1620,4.1,497,Beverages
5465,3.6,151,Burger
7792,3.3,7,South Indian
549,2.8,124,Mithai
2918,3.4,277,Mithai
15405,2.9,229,Mithai
4348,2.9,163,Mithai
21050,4.0,407,Mithai
22248,,0,Fast Food
14021,2.9,539,Bakery
8762,4.0,1443,Fast Food
16388,3.8,286,Fast Food
1589,2.9,83,Chinese
1706,3.0,22,Chinese
15735,,0,Coffee
1038,,0,Biryani
20065,3.3,16,Ice Cream
20752,4.0,65,Fast Food
42528,3.6,11,Beverages
5663,3.6,23,North Indian
10520,3.8,41,North Indian
3677,3.8,68,Ice Cream
4492,3.6,11,Beverages
6221,,0,Juices
4723,3.9,38,Fast Food
3836,3.8,83,Ice Cream
14871,4.0,213,Ice Cream
46029,3.8,76,Ice Cream
17,3.5,45,Fast Food
726,3.9,169,Ice Cream
4769,3.5,9,Ice Cream
6153,,0,Fast Food
3921,3.9,152,Fast Food
1739,3.4,12,Juices
88,3.4,7,Desserts
41860,,0,Ice Cream
42261,3.7,42,Seafood
40853,3.9,327,Asian
3545,4.3,397,Pizza
3249,3.8,10,Beverages
4947,3.2,908,Biryani
10743,2.4,318,Biryani
5282,2.7,52,Biryani
41541,4.0,49,Mughlai
10708,3.1,7,Chinese
46233,,0,Biryani
5590,,0,Fast Food
16419,3.4,11,Biryani
4217,3.9,119,Steak
39346,3.7,27,Pizza
4527,3.8,41,Pizza
9170,,0,Pizza
13766,4.3,1235,Beverages
14859,4.4,580,Salad
18350,3.9,328,Mughlai
4532,4.0,162,Rolls
7911,3.5,53,Chinese
8454,4.3,687,North Indian
43647,3.9,92,North Indian
21953,3.9,52,Rolls
7829,3.2,4,Biryani
23377,3.4,122,North Indian
39386,3.2,4,Momos
22132,3.8,104,North Indian
219,,0,Chinese
23058,,0,North Eastern
43655,3.1,12,Chinese
39950,3.9,38,Beverages
12100,4.3,165,Arabian
14372,4.2,1327,Arabian
11280,4.3,1099,Fast Food
19148,4.2,315,Arabian
1644,4.1,417,Arabian
18487,4.0,652,Fast Food
2853,4.3,285,Arabian
23988,3.7,215,Fast Food
23651,3.5,12,Seafood
9116,,0,Continental
4959,3.2,4,Biryani
15025,3.4,10,Continental
37789,3.4,10,Continental
3582,3.7,94,Continental
23354,3.3,4,Nepalese
46208,4.3,252,Asian
2339,3.3,5,Chinese
14874,4.0,98,Chinese
4894,3.8,202,Burger
18479,3.9,195,Rajasthani
8713,4.3,786,Salad
13591,4.3,3275,Mexican
38976,4.3,354,Mexican
22475,4.2,405,Italian
3383,3.6,82,Chinese
19883,3.1,46,Fast Food
16572,3.9,346,Bengali
6944,3.3,4,Fast Food
5106,3.8,20,North Indian
16598,3.7,35,Asian
40557,3.6,13,Biryani
763,3.7,177,South Indian
12657,,0,Beverages
13541,4.3,3586,Asian
1270,4.7,1022,Continental
40370,4.0,21,Desserts
39797,4.0,22,Desserts
8135,,0,Chinese
14113,3.9,1717,North Indian
375,2.9,84,Italian
4152,3.7,21,North Indian
40307,4.0,38,Rolls
6898,3.4,9,North Indian
20308,3.9,144,Arabian
40241,3.6,84,Street Food
372,3.3,5,Italian
6736,,0,Beverages
4319,3.5,18,Arabian
16704,4.1,821,Italian
8124,3.9,184,Biryani
23578,3.6,92,Chinese
3019,2.7,67,Chinese
6483,3.5,7,Chinese
17802,3.2,789,Chinese
7639,3.1,10,Finger Food
9755,3.1,8,North Indian
1728,3.7,61,North Indian
48583,3.3,12,Chinese
40556,3.7,19,North Indian
20861,3.7,945,North Indian
1062,3.8,49,Chinese
2407,3.0,50,North Indian
833,3.6,17,South Indian
5626,3.9,34,North Indian
41627,3.9,130,Beverages
6231,3.1,17,Beverages
4241,3.9,148,Beverages
2165,4.2,702,Beverages
21761,3.9,124,Beverages
43149,3.9,46,Beverages
19735,3.7,28,Beverages
17227,,0,Beverages
40019,4.2,372,Beverages
22460,3.9,89,Biryani
4408,3.9,50,Biryani
1851,3.9,236,Biryani
18913,3.0,17,Biryani
43071,,0,Fast Food
333,3.4,13,Beverages
34565,,0,North Indian
5570,,0,South Indian
23860,,0,Cafe
954,3.6,98,Arabian
5502,3.3,21,Chinese
24186,,0,Fast Food
1415,3.7,47,Beverages
3828,3.7,184,Chinese
5460,4.1,668,Asian
3943,3.9,218,Chinese
11688,4.1,860,North Indian
4043,4.3,996,Beverages
41679,3.9,291,Chinese
1346,4.0,1778,Fast Food
41033,3.6,79,Chinese
42389,3.5,14,South Indian
4752,3.8,33,Sandwich
2474,4.1,1541,Chinese
6678,3.3,4,Biryani
23243,,0,Beverages
22093,3.4,7,South Indian
5622,3.2,5,Chinese
19932,,0,Fast Food
7930,3.4,39,Chinese
1334,3.6,19,Beverages
42734,3.0,8,Chinese
46658,,0,South Indian
5117,3.4,6,South Indian
20433,3.8,170,Chinese
9865,4.4,2560,Chinese
2259,2.7,74,North Indian
8595,2.7,74,North Indian
2643,3.9,62,Beverages
1021,3.6,70,Chinese
1061,3.2,7,Cafe
22495,4.1,201,North Indian
40379,4.0,485,Maharashtrian
4118,3.8,157,Momos
2596,3.8,22,Asian
51664,3.5,115,Chinese
39407,,0,Kebab
4169,3.8,27,North Indian
2887,3.6,96,North Indian
48187,3.8,42,Chinese
41817,3.7,26,Chinese
10528,3.6,42,Mangalorean
19639,3.4,8,Mangalorean
915,3.8,242,Chinese
3834,3.9,49,Chinese
6055,4.1,1320,Continental
2843,3.5,10,Chinese
13197,,0,Seafood
4130,3.8,29,Chinese
8742,3.5,25,North Indian
42202,2.7,72,Rolls
24476,3.6,42,North Indian
17820,3.9,666,Kerala
5018,3.9,391,Biryani
1272,4.5,546,Mediterranean
952,3.9,94,Salad
28911,3.7,107,Biryani
4298,3.5,551,Fast Food
2776,4.2,432,Bakery
18737,4.1,191,Tea
8487,3.6,14,Chinese
43648,3.5,254,Mughlai
5366,3.2,4,Mughlai
42739,3.5,17,Fast Food
1452,2.6,231,Rolls
52,3.9,55,Momos
667,,0,Afghan
4604,4.2,340,North Indian
43371,3.9,391,Continental
22752,4.1,327,Chinese
1427,3.6,84,Chinese
29182,3.6,12,South Indian
1406,4.1,323,Italian
347,,0,Chettinad
22085,3.8,44,Beverages
9577,3.6,18,Chinese
3849,3.7,20,Chinese
48665,,0,North Indian
48427,3.7,103,Chinese
22427,3.9,91,Chinese
32127,,0,Chinese
22373,3.6,194,South Indian
83,3.2,11,Chinese
46325,2.5,79,Chinese
40544,,0,Chinese
40620,,0,North Indian
42802,,0,North Indian
3861,,0,Biryani
42165,4.0,151,Beverages
42758,3.3,8,Beverages
3984,,0,Cafe
4669,3.6,91,South Indian
3891,3.9,214,Fast Food
21234,3.5,10,Mexican
5027,3.2,23,Chinese
4662,4.2,293,Chinese
9992,3.8,258,Chinese
856,3.6,54,South Indian
24945,3.9,375,South Indian
3486,4.4,7210,Andhra
425,4.4,4401,Chinese
2955,4.2,1751,North Indian
14059,4.3,2177,North Indian
3681,4.2,3334,Andhra
980,3.2,426,Continental
42490,4.5,785,Chinese
6021,4.0,115,Fast Food
3839,4.0,347,Thai
14084,4.0,134,Beverages
941,,0,Chinese
1015,3.5,49,Asian
755,,0,North Indian
40311,3.5,38,Biryani
41979,3.3,9,Rolls
1698,3.8,21,Continental
17990,3.2,19,Desserts
7153,2.8,26,Continental
42578,2.6,492,Mughlai
22017,2.7,37,Mughlai
17117,,0,Chinese
46276,3.2,6,Chinese
5068,2.1,254,Chinese
7173,3.2,11,Chinese
46323,3.0,10,Chinese
8134,,0,Finger Food
8121,4.1,723,Beverages
4167,4.1,601,Beverages
16977,3.8,599,Beverages
7188,,0,Chinese
7082,4.1,80,Thai
20970,,0,Beverages
5504,4.4,2266,Steak
5150,2.8,27,Chinese
27500,4.2,468,South Indian
42847,,0,Fast Food
10665,,0,South Indian
919,3.8,26,Thai
5093,3.9,1240,North Indian
47803,4.4,266,Korean
3876,4.6,1219,Korean
19952,3.0,56,Street Food
4294,3.9,914,Pizza
7519,4.0,335,Kebab
22015,3.0,49,Chinese
4941,3.6,42,Andhra
20384,,0,South Indian
90,3.4,7,North Indian
22368,3.4,10,Fast Food
2890,,0,Nepalese
3436,4.2,271,South Indian
6121,4.0,684,Momos
5453,4.3,539,Momos
5890,3.4,6,Momos
41760,4.0,124,Rolls
48754,,0,Beverages
8173,3.1,15,Momos
21943,,0,Burger
8407,3.6,10,Continental
14937,4.3,3848,European
5202,3.4,7,North Indian
3509,3.8,35,Italian
4250,3.6,218,North Indian
21367,,0,South Indian
40638,,0,South Indian
19388,,0,North Indian
40923,2.9,225,Biryani
6450,2.6,74,Seafood
19477,2.8,1870,Biryani
3751,2.9,666,Seafood
964,3.1,1365,North Indian
196,,0,Fast Food
4828,3.8,171,Momos
5211,3.1,11,Chinese
14385,4.1,551,Biryani
2803,4.2,382,Cafe
44241,4.2,383,Cafe
35483,4.2,382,Cafe
17911,3.7,27,Chinese
5907,3.9,186,Tibetan
13702,3.9,36,North Indian
17570,,0,Chinese
1297,4.2,2709,Italian
46310,3.2,119,Biryani
40488,,0,Fast Food
1051,3.4,21,Chinese
1086,4.5,1874,Burger
2740,4.2,740,Italian
4004,3.9,727,North Indian
1447,3.9,247,Italian
20487,3.3,218,Chinese
4530,3.6,109,Chinese
9520,4.0,434,Mughlai
5576,3.2,17,Chinese
46004,4.0,117,North Indian
4520,3.5,269,Chinese
976,,0,Chinese
16804,4.0,130,Chinese
17348,3.7,133,Chinese
22014,,0,Chinese
39006,4.2,504,Street Food
17224,3.7,16,Chinese
46275,,0,South Indian
3682,3.9,1233,Street Food
9120,3.7,79,Street Food
19722,4.3,2031,Finger Food
2167,4.1,888,Burger
1685,4.2,465,Chinese
1905,3.6,16,Fast Food
21820,3.0,14,Malaysian
45945,4.2,426,South Indian
130,3.6,62,Cafe
2487,,0,North Indian
13964,4.1,339,Lebanese
7831,3.8,14,North Indian
11203,4.4,1213,Pizza
42867,,0,Chinese
1042,3.9,484,Chinese
41561,2.7,25,Chinese
9015,2.7,16,North Indian
41146,3.7,36,Biryani
6988,4.3,2296,Biryani
4426,2.9,7,North Indian
2460,,0,North Indian
18610,3.0,9,North Indian
18513,3.5,94,Hyderabadi
40017,2.9,9,North Indian
41866,3.3,34,Hyderabadi
12032,2.9,46,Fast Food
2889,2.7,26,Biryani
80,3.8,155,Biryani
41677,3.7,18,American
6064,2.6,75,Chinese
48540,3.7,30,Mangalorean
7487,3.8,172,Chinese
16164,3.9,82,Desserts
16780,3.3,6,Mexican
317,,0,Chinese
3276,3.7,14,North Indian
1603,3.6,24,North Indian
419,3.9,200,Chinese
7417,3.1,7,Fast Food
41538,3.6,41,South Indian
7860,3.3,213,Andhra
4419,2.9,361,Andhra
19577,3.6,195,Chinese
2696,3.6,18,South Indian
48417,4.0,930,North Indian
42648,4.2,1459,North Indian
15610,4.3,1079,North Indian
46169,4.2,1282,North Indian
15181,4.2,902,North Indian
7528,4.1,770,North Indian
6356,4.1,1000,North Indian
21955,4.1,737,North Indian
3287,3.4,9,North Indian
2960,3.4,13,South Indian
23408,3.8,109,North Indian
1664,3.6,160,North Indian
12027,3.6,277,North Indian
18367,3.6,535,Oriya
17501,3.5,28,South Indian
1968,,0,South Indian
42351,3.3,4,Chinese
41534,4.1,308,Burger
10536,,0,Rolls
4257,4.1,1056,Continental
1463,3.1,8,Chinese
5079,3.9,204,Andhra
40023,4.4,907,Singaporean
4700,4.4,2386,Singaporean
1351,,0,Arabian
42311,,0,Kebab
39024,3.9,32,Cafe
17155,,0,North Indian
46062,4.0,21,Chinese
48218,4.0,31,Chinese
4703,3.5,79,Chinese
23400,,0,Chinese
3781,3.6,114,Kebab
10642,,0,South Indian
41823,3.7,349,Biryani
1975,2.5,47,North Indian
8561,2.9,46,Chinese
22660,2.5,47,North Indian
523,3.4,23,North Indian
140,3.5,19,Chinese
41371,3.2,5,Arabian
41852,3.3,6,Thai
51336,3.3,4,Tibetan
20245,3.5,8,Seafood
49058,2.9,11,South Indian
4620,3.7,31,Chinese
41531,2.7,61,South Indian
361,,0,North Indian
18223,,0,Modern Indian
39057,4.1,253,Street Food
3143,3.5,24,Chinese
46336,,0,North Indian
40440,3.1,71,Biryani
958,3.8,523,Chinese
5160,3.6,11,Andhra
12352,3.1,23,North Indian
3373,3.6,68,North Indian
1860,3.7,128,Biryani
4160,3.5,23,Ice Cream
10325,3.7,86,Momos
41886,3.9,39,North Indian
19478,3.7,114,Biryani
1101,3.2,154,North Indian
4929,3.8,273,Chinese
41521,3.7,229,Fast Food
3733,3.9,368,North Indian
4902,3.7,43,North Indian
6029,3.1,11,Biryani
66,3.6,42,Chinese
6710,4.0,108,Mughlai
22106,,0,Kebab
8579,3.5,54,Biryani
4742,3.6,102,Biryani
41844,3.8,46,Seafood
41710,3.3,5,Mangalorean
47427,3.0,106,Rolls
42146,4.2,600,Chinese
14352,3.3,26,Chinese
23034,4.0,51,South Indian
10063,3.4,5,Fast Food
574,3.3,7,North Indian
4107,3.7,36,North Indian
38597,3.2,4,Chinese
7590,,0,North Indian
9438,,0,Hyderabadi
11809,3.7,50,Chinese
1752,2.9,34,Chinese
173,3.6,143,Chinese
48446,3.2,123,Chinese
41,3.9,388,Seafood
46072,3.1,40,Chinese
5914,3.1,64,Chinese
9826,3.1,53,Chinese
2135,,0,Street Food
18792,3.0,177,Chinese
17427,3.4,13,North Indian
673,,0,Chinese
42390,3.6,21,Chinese
41692,3.4,13,Chinese
23451,3.5,50,Chinese
42265,4.1,62,Chinese
48346,3.3,4,Chinese
5081,,0,Chinese
38656,3.1,11,North Indian
23401,,0,Fast Food
17500,2.8,118,Chinese
2077,2.7,51,Chinese
18838,2.8,211,Chinese
25163,3.0,38,Chinese
41936,2.7,39,Chinese
42138,2.8,81,Chinese
41814,3.5,100,Chinese
20880,3.8,15,Chinese
46083,3.2,158,Chinese
48457,3.5,10,North Indian
41893,3.3,6,South Indian
3832,3.7,20,Chinese
1007,,0,Chinese
15661,2.7,39,Biryani
46492,,0,Chinese
40530,3.1,6,North Indian
47008,3.5,293,Mughlai
3228,3.8,376,Arabian
40642,,0,Chinese
19458,3.9,84,Chinese
145,3.7,70,Chinese
18183,3.4,9,Fast Food
20529,3.6,14,Chinese
48808,3.3,8,Chinese
32401,,0,Chinese
5439,3.5,47,Chinese
2194,3.6,36,Chinese
23209,,0,Chinese
21840,,0,Chinese
49067,3.2,5,Chinese
1649,3.8,70,Chinese
23511,3.0,11,Chinese
23665,3.6,77,Chinese
20918,,0,Chinese
206,3.8,39,South Indian
12312,,0,Chinese
22807,3.6,84,South Indian
3411,3.4,19,Biryani
59,3.3,6,Continental
40377,3.7,39,Chinese
6292,3.0,44,Fast Food
14763,2.9,21,Sandwich
8157,3.2,22,Chinese
9097,,0,Fast Food
6469,,0,North Indian
5589,,0,Chinese
11428,3.8,196,North Indian
7174,2.9,39,Chinese
17592,3.5,12,Chinese
42708,3.4,131,Chinese
40548,,0,Chinese
6798,2.6,54,North Indian
29122,3.7,126,Pizza
23962,3.2,17,North Indian
7864,3.8,38,Desserts
21149,,0,Chinese
6978,2.6,33,Chinese
7495,3.5,10,Chinese
48219,3.6,110,Chinese
15194,4.0,89,Street Food
1665,3.4,51,Desserts
38697,3.3,6,North Indian
17089,3.5,6,Biryani
6432,3.9,162,Biryani
5484,4.0,353,Biryani
28221,4.0,1113,Biryani
15599,3.7,110,Rolls
1319,3.6,9,Arabian
14901,,0,Kerala
3389,3.8,194,Seafood
4281,4.0,2112,North Indian
41905,3.7,168,Chinese
21631,,0,Chinese
4014,4.3,336,Japanese
3451,4.3,403,Asian
41387,4.2,411,Asian
25098,4.0,202,Chinese
1045,3.1,5,Biryani
4631,3.6,17,Chinese
6743,,0,Biryani
41928,3.9,83,North Indian
4768,4.1,297,Konkan
7457,3.6,14,Chinese
1647,4.0,220,Rolls
7422,,0,North Indian
1067,3.7,202,Italian
7151,3.4,11,Momos
9316,,0,Coffee
1364,,0,Chinese
41129,4.2,52,Beverages
3634,4.4,278,Beverages
318,,0,Beverages
18625,4.3,170,Beverages
43894,3.7,25,Desserts
4701,3.7,34,Fast Food
6417,3.2,4,Biryani
19728,3.9,40,North Indian
1320,2.9,28,Kebab
4790,3.7,279,Seafood
7322,3.8,213,Italian
22150,3.4,13,South Indian
40535,,0,South Indian
3655,3.2,38,Oriya
21173,3.1,95,Chinese
42663,3.7,88,Pizza
16262,3.2,13,Chinese
22947,4.5,418,Italian
116,3.7,29,Oriya
5201,4.1,252,Turkish
883,3.3,511,Rolls
8408,4.5,2194,Salad
22547,3.7,214,Chinese
49014,3.8,59,Chinese
18751,3.9,539,Continental
4584,,0,North Indian
1254,4.0,2729,European
18057,3.4,19,Mithai
8166,3.9,34,Bengali
3842,3.4,16,Chinese
9706,3.8,34,Fast Food
40438,,0,Chinese
24408,2.7,26,Mexican
1178,3.8,613,Mexican
4397,4.5,2062,Burger
2305,4.3,1278,Chinese
8611,3.7,100,North Indian
24322,4.5,755,Finger Food
39979,4.1,137,Finger Food
16679,4.3,840,Italian
39101,4.4,4869,Italian
3805,4.4,3738,Italian
36,4.6,2556,Italian
22925,4.4,2589,Italian
13826,4.3,4644,Italian
3990,4.4,9041,Italian
38987,4.3,355,Italian
18075,4.6,2750,Italian
1633,4.6,1755,Italian
1370,4.4,4386,Italian
530,4.5,863,Italian
39794,4.4,2110,Italian
39408,,0,Biryani
41273,2.8,29,Biryani
2685,3.9,347,Momos
10890,3.4,9,Momos
51102,3.3,10,Momos
4713,3.7,19,Momos
41662,2.9,67,Chinese
41782,2.6,166,Chinese
6277,3.4,224,Biryani
42369,3.2,7,North Indian
7414,4.4,1496,North Indian
3483,4.7,163,North Indian
17538,3.9,1117,Chinese
22095,3.0,9,Mughlai
42725,,0,Beverages
3963,3.7,53,Pizza
2438,2.9,45,Healthy Food
7013,,0,Desserts
42382,3.3,5,Biryani
15094,3.6,31,Asian
4051,3.6,20,South Indian
918,4.0,1075,Asian
7656,,0,North Indian
27481,3.9,144,Fast Food
14909,3.5,14,Finger Food
15932,3.2,41,Chinese
4499,2.8,56,Chinese
43268,3.8,70,Biryani
41900,4.1,289,Italian
6641,2.9,16,Biryani
17530,2.8,93,Biryani
5784,3.6,46,Chinese
3689,,0,Chinese
6559,3.7,244,Chinese
1394,3.8,490,Andhra
14647,4.0,224,Chinese
21127,2.9,244,North Indian
40664,,0,North Indian
46539,3.3,4,Chinese
22179,3.2,4,Chinese
2683,4.2,169,Desserts
22222,,0,Chinese
21848,3.5,11,Fast Food
19650,3.6,141,Beverages
12587,3.9,689,Beverages
2573,3.1,89,Rolls
31726,3.5,10,Beverages
12650,3.3,33,Beverages
4088,3.0,57,Beverages
838,4.0,2043,Kebab
2973,4.1,3248,Kebab
1854,4.0,1986,Kebab
45998,4.0,1586,Kebab
17869,3.9,1644,Kebab
826,3.1,119,Hyderabadi
3097,3.5,11,Chinese
1732,3.7,257,Street Food
209,3.6,42,Chinese
4248,3.7,36,Street Food
2861,,0,Fast Food
3130,3.9,601,North Indian
749,3.8,203,Mughlai
32570,,0,South Indian
41746,3.7,39,Biryani
3623,3.6,64,South Indian
5318,3.6,8,South Indian
6395,3.3,7,Chinese
16521,2.9,20,Chinese
48536,3.8,128,Continental
9292,4.0,129,Chinese
22497,,0,Chinese
12224,4.1,765,Afghan
24231,4.0,177,Burger
13614,4.5,1614,Salad
3602,4.5,1623,Salad
4881,4.5,245,Salad
4836,3.9,183,Momos
2521,3.2,33,Momos
14489,3.2,49,Rolls
2953,3.8,89,Momos
14403,3.3,156,Momos
4396,,0,Chinese
23298,3.7,73,Chinese
775,4.1,364,Asian
49104,3.1,12,Chinese
41822,4.2,100,Continental
3120,3.4,133,Chinese
4983,4.3,372,Italian
13533,3.9,847,Mughlai
4691,3.5,12,Beverages
37,4.0,324,Continental
3349,3.7,168,Beverages
2756,4.3,1133,Burger
6666,3.2,7,Chinese
35216,3.7,41,South Indian
41637,4.0,868,Mediterranean
294,4.2,244,Mexican
20898,,0,Street Food
1166,3.9,20,Street Food
4112,4.1,103,Street Food
4739,3.7,32,Street Food
7594,3.7,48,Street Food
20045,4.0,141,Street Food
43339,3.8,38,Andhra
141,3.8,35,Street Food
7740,,0,Street Food
11978,3.8,115,Street Food
15906,4.1,220,Street Food
1628,3.6,55,Street Food
48332,3.9,32,Street Food
3783,4.0,23,Beverages
7192,3.8,178,Street Food
40051,3.7,78,Chinese
1233,3.9,487,Middle Eastern
40325,,0,Beverages
2408,3.7,95,Italian
2527,4.5,799,Chinese
462,,0,Biryani
3912,3.7,91,Mangalorean
1557,3.3,5,South Indian
4553,3.8,74,Chinese
20974,,0,Mexican
21073,3.6,27,Italian
4352,3.5,9,Momos
17285,3.0,15,Fast Food
25052,3.3,17,Fast Food
42533,2.9,59,Continental
934,3.5,32,Burger
468,,0,Beverages
43536,3.9,49,Steak
16208,4.2,2020,BBQ
13612,4.2,4422,BBQ
18383,4.2,1651,BBQ
48893,3.6,23,North Indian
14465,3.9,521,North Indian
29300,3.3,5,North Indian
29692,3.8,26,Biryani
579,4.2,185,Biryani
42014,4.0,165,Beverages
39076,3.9,115,Beverages
1654,4.0,145,Beverages
5905,4.2,213,Beverages
22791,4.1,71,Beverages
16624,4.0,150,Beverages
11487,4.0,221,Beverages
12713,3.8,46,Beverages
22249,3.8,221,Beverages
39348,4.0,88,Beverages
7859,3.9,188,Beverages
2244,3.9,116,Beverages
46066,4.1,322,Beverages
3752,3.9,105,Beverages
474,3.8,71,Beverages
30143,4.2,195,Beverages
2493,4.2,213,Beverages
40729,4.0,17,Beverages
14790,4.1,117,European
3598,4.3,2040,Continental
41738,3.8,154,Biryani
19737,3.1,111,Biryani
14508,3.9,456,Biryani
6050,3.1,166,Biryani
1906,2.8,297,Biryani
18655,4.5,60,Japanese
28849,4.3,164,Japanese
9423,4.1,1125,Rolls
1993,3.9,160,Rolls
3852,3.8,832,Rolls
39825,,0,Rolls
20878,3.6,11,North Indian
5346,3.3,5,Biryani
26272,,0,Street Food
15484,,0,Desserts
39068,3.9,51,Chinese
1730,3.9,111,Mughlai
41756,4.0,238,South Indian
42297,2.9,14,Chinese
4681,3.7,170,South Indian
40293,3.5,13,Chinese
42841,,0,North Indian
14741,3.6,67,Chinese
51004,3.8,20,Chinese
48892,4.0,407,Chinese
42324,3.9,156,Chinese
9013,,0,Chinese
19176,,0,Chinese
23690,4.5,7862,North Indian
2417,4.2,174,Juices
46038,2.9,49,South Indian
4041,3.5,116,North Indian
11222,4.3,956,Andhra
41722,3.7,126,American
178,3.6,25,Chinese
3404,3.6,16,Ice Cream
7148,,0,South Indian
41798,3.8,323,Beverages
4811,3.0,353,Street Food
3896,3.3,200,Biryani
10222,4.0,768,Juices
3903,3.5,378,Juices
17828,3.1,158,Biryani
41847,,0,Biryani
31180,4.1,238,Street Food
8581,4.1,315,Street Food
7587,4.1,239,Street Food
22457,,0,Fast Food
1815,3.9,211,Beverages
41855,2.6,30,Fast Food
1779,3.4,275,Fast Food
22336,,0,Desserts
46268,3.3,4,Chinese
810,4.3,169,British
19899,4.0,108,Continental
4175,3.6,18,Ice Cream
686,,0,South Indian
4312,3.8,30,Bengali
7261,3.2,4,Street Food
5203,3.8,298,Continental
17637,,0,North Indian
41711,3.2,9,South Indian
38632,,0,Juices
18303,3.3,244,Chinese
21986,3.3,6,South Indian
14081,2.4,127,Chinese
4653,3.7,28,Desserts
23570,3.2,4,Chinese
1827,3.5,13,Chinese
1813,3.9,233,North Indian
41671,3.1,94,North Indian
17589,,0,South Indian
15700,2.8,413,Chinese
10851,2.6,307,Chinese
45786,2.8,157,Chinese
23032,3.5,312,Chinese
3527,3.9,851,Chinese
4496,3.8,283,Chinese
21956,3.9,247,North Indian
4574,4.0,169,Fast Food
7369,3.7,47,Bengali
4794,3.4,20,South Indian
7785,,0,Chinese
17152,2.8,79,Fast Food
1627,4.0,170,Rajasthani
2088,4.0,465,Chinese
40255,3.9,902,North Indian
11958,,0,Bakery
2916,3.5,59,South Indian
4870,2.8,20,Mithai
2256,3.7,27,Biryani
5026,4.0,378,Healthy Food
18976,3.9,39,Street Food
4157,3.7,434,Chinese
14491,3.9,138,Chinese
7442,3.9,61,Biryani
9128,3.7,19,Biryani
220,,0,Biryani
40394,,0,Biryani
19175,3.6,9,Biryani
21932,3.4,6,Italian
28937,3.2,6,North Indian
4923,3.9,402,North Indian
5050,3.5,43,Momos
22555,4.1,172,Arabian
12929,3.6,155,Arabian
6230,,0,Chinese
3945,3.9,225,Andhra
40076,3.3,9,Biryani
16908,3.6,116,North Indian
17087,3.7,36,Biryani
496,3.6,26,Beverages
35380,4.1,146,Continental
3554,,0,Cafe
5025,3.7,69,North Indian
5195,3.6,76,North Indian
19215,3.4,32,North Indian
231,4.0,804,Biryani
28658,3.0,20,North Indian
7213,3.0,21,North Indian
15403,3.6,216,Chinese
14296,3.2,146,Chinese
257,4.3,548,Biryani
768,,0,Biryani
39978,4.4,1980,South Indian
5596,,0,Chinese
4972,3.8,91,Seafood
21383,2.7,76,South Indian
4242,3.4,9,North Indian
3727,3.7,141,South Indian
40044,3.1,35,North Indian
3713,3.6,34,South Indian
5040,3.4,6,South Indian
3958,3.8,91,Chinese
17215,3.6,297,Fast Food
16964,3.7,118,Fast Food
23020,3.6,147,Seafood
18775,3.8,263,Mangalorean
42781,,0,Juices
857,4.3,385,Thai
7078,4.5,550,Thai
6923,3.7,40,Fast Food
29435,2.7,61,North Indian
5469,3.5,24,Seafood
17574,,0,Rolls
5005,3.1,14,Beverages
9360,4.0,624,Fast Food
46189,3.6,133,Chinese
8084,3.9,44,Momos
20306,4.0,121,Desserts
5475,3.8,106,Andhra
1181,3.5,43,Thai
1215,3.5,17,North Indian
18553,3.8,99,Burger
9187,3.4,9,Arabian
12309,,0,Beverages
610,,0,Chinese
5736,3.7,33,Mughlai
689,3.8,124,Mughlai
4293,4.1,240,Beverages
722,4.1,438,Beverages
15511,4.2,216,Beverages
22260,4.1,174,Fast Food
41628,3.9,89,Fast Food
4459,3.6,176,Rolls
6604,4.1,209,Chinese
30301,,0,Beverages
5651,3.9,213,Rolls
22102,2.8,69,Momos
32385,2.6,153,Momos
75,3.6,255,Momos
5694,3.5,132,Momos
11655,3.5,45,Momos
8987,3.6,217,Momos
6789,3.4,25,Momos
16884,3.2,122,Momos
5559,3.7,61,Momos
4698,3.5,13,Momos
16152,2.8,127,Momos
23997,3.1,138,Momos
40289,3.1,76,Momos
1828,2.7,23,Momos
2899,3.4,145,Momos
376,3.6,299,Momos
42824,3.5,56,Momos
511,3.7,61,Rolls
354,,0,Italian
7754,,0,American
2349,4.1,825,Beverages
4754,4.5,1877,Chinese
6224,3.6,13,Healthy Food
35,3.6,8,Andhra
1616,3.9,750,South Indian
17045,4.0,107,Biryani
1269,4.2,468,Beverages
271,4.0,1047,Fast Food
2192,3.8,307,North Indian
42701,4.0,223,North Indian
1724,3.9,187,Kebab
13141,4.0,269,Bengali
3894,3.3,57,Chinese
7064,4.0,193,North Indian
5960,,0,Chinese
43258,3.4,57,North Indian
4364,3.9,68,Chinese
7518,4.1,435,Biryani
6832,3.7,26,Arabian
4840,3.5,16,Biryani
20879,3.2,7,Bengali
770,,0,North Indian
12494,3.4,10,Biryani
45178,4.1,268,Continental
42100,4.2,608,South Indian
275,3.7,217,South Indian
6692,4.1,530,Fast Food
46501,,0,Chinese
50149,4.0,67,Chinese
1632,4.0,262,Chinese
1910,3.5,134,North Indian
1517,3.3,7,Biryani
3437,4.1,3020,Mediterranean
1088,4.1,464,Italian
46273,,0,Rolls
1738,4.0,159,North Indian
39733,4.3,1499,Asian
14189,4.2,1279,Burger
1395,3.8,577,Biryani
19312,,0,Sandwich
4411,3.7,24,Sandwich
25694,3.2,6,Biryani
1525,3.2,4,Seafood
1065,4.2,117,Chinese
1066,4.3,104,Beverages
2494,3.9,284,South Indian
8403,2.8,130,Continental
11803,4.1,1372,Chinese
43525,4.5,457,Lucknowi
23282,4.0,667,Chinese
49038,3.6,101,Chinese
6926,3.8,38,Street Food
3741,3.9,87,Fast Food
778,3.2,167,Chinese
14302,3.4,148,Chinese
12748,,0,Street Food
7329,3.7,66,North Indian
1751,4.0,137,Street Food
3231,4.0,76,Fast Food
2164,3.8,31,Chinese
42321,4.3,813,Street Food
41540,3.2,37,Biryani
48209,3.6,7,Chinese
41620,3.7,119,South Indian
8498,,0,Biryani
2760,3.8,337,Biryani
22233,3.2,11,South Indian
500,,0,Street Food
16299,3.4,9,Chinese
1920,,0,Chinese
5181,3.6,45,Chinese
2050,,0,Chinese
3823,3.8,62,Chinese
9211,3.8,27,Salad
7258,3.0,38,Chinese
17791,3.4,230,South Indian
5819,,0,Beverages
10669,,0,Chinese
1033,4.4,677,Biryani
1590,3.7,50,Chinese
1734,4.1,442,Seafood
14162,4.4,186,French
4852,3.9,533,Biryani
32003,3.4,7,Chinese
4890,3.6,97,Chinese
5128,4.0,153,Rolls
17803,4.0,239,Rolls
2338,4.0,326,Rolls
41754,3.2,7,Chinese
48543,,0,Arabian
1376,,0,Chinese
1284,2.9,18,North Indian
46065,3.7,67,North Indian
632,4.1,139,South Indian
42282,2.9,35,Chinese
48354,3.2,5,Seafood
6,3.8,918,Italian
39400,3.3,19,South Indian
42263,4.1,432,Maharashtrian
23577,,0,North Indian
58,2.9,126,Beverages
12375,,0,South Indian
1774,3.8,53,Fast Food
6572,2.9,47,Sandwich
7884,,0,Juices
22060,4.2,216,North Indian
38989,3.7,81,Chinese
19767,4.0,152,Fast Food
21810,3.3,5,Pizza
1826,3.9,33,Biryani
44043,3.1,15,Chinese
982,3.0,102,Chinese
42266,4.0,149,Fast Food
7397,3.5,13,Chinese
48876,3.2,4,Chinese
3778,3.8,49,Chinese
47793,4.9,246,Mediterranean
1141,3.4,5,North Indian
6200,,0,South Indian
8856,2.9,34,North Indian
22127,,0,South Indian
3998,4.6,1193,Chinese
4292,3.6,122,Chinese
2786,3.7,44,Continental
46340,,0,Chinese
17523,3.1,216,Andhra
2409,3.6,75,Biryani
15731,3.5,9,Fast Food
35706,3.7,136,Chinese
38569,3.4,10,Chinese
5427,3.2,6,Chinese
48241,3.2,27,North Indian
39119,4.2,343,Chinese
48394,3.9,441,Biryani
5800,3.3,10,Chinese
4766,3.9,1227,Chinese
2023,3.9,467,Chinese
23005,3.7,370,Chinese
3086,4.1,1447,Chinese
3978,2.9,827,Chinese
979,3.9,420,Chinese
6340,,0,Chinese
41565,3.3,7,Pizza
153,3.3,4,Beverages
17239,4.6,545,Mughlai
41896,4.6,514,South Indian
41888,4.1,426,Chinese
1429,4.0,349,Beverages
41890,3.9,36,Mangalorean
3286,4.1,298,Kerala
8505,4.3,334,South Indian
2437,3.8,500,Chinese
1058,2.9,380,Chinese
4638,4.3,1101,Pizza
29703,4.3,1108,Pizza
41389,3.3,4,Chinese
12727,3.7,19,Desserts
443,,0,BBQ
25110,,0,BBQ
20779,,0,BBQ
5759,,0,BBQ
5714,,0,BBQ
1154,,0,BBQ
6602,,0,BBQ
3052,,0,South Indian
1285,2.8,38,Continental
17221,,0,Biryani
1916,3.0,30,Mughlai
12842,,0,Fast Food
2586,3.5,221,Street Food
32481,2.9,11,Mughlai
2920,3.3,73,South Indian
4451,3.2,6,Mughlai
12861,,0,Chinese
12154,3.9,84,Chinese
13574,4.4,256,European
41749,3.1,12,Chinese
3175,4.0,154,Seafood
5658,3.0,20,South Indian
868,,0,Chinese
4659,4.1,248,Vietnamese
8820,3.8,33,North Indian
7507,3.1,39,Chinese
11265,4.4,1944,North Indian
18044,4.0,546,North Indian
2915,4.0,985,North Indian
10178,4.0,774,North Indian
9110,3.9,142,North Indian
42631,3.9,1994,North Indian
39826,3.9,770,North Indian
21183,,0,Chinese
1302,3.1,28,Chinese
46059,3.9,111,North Indian
48440,3.8,74,Chinese
1801,3.6,519,Chinese
3115,4.1,205,Chinese
5087,2.7,52,Fast Food
6402,3.5,8,Chinese
3014,3.5,39,North Indian
960,3.7,159,Thai
3969,3.6,39,Chinese
909,3.5,262,Chinese
18585,3.9,644,Chinese
11860,3.9,579,Chinese
22466,3.8,360,Chinese
4860,4.0,580,Chinese
3613,4.1,391,North Indian
5144,4.2,1867,North Indian
5976,3.6,37,Beverages
5375,,0,Chinese
9210,,0,Chinese
12654,,0,Chinese
12658,,0,North Indian
17636,,0,Street Food
891,,0,North Indian
12810,3.9,152,Fast Food
11737,3.0,10,Chinese
40522,,0,North Indian
9785,,0,Fast Food
17212,,0,Fast Food
40100,4.4,1313,Vietnamese
412,3.6,14,Chinese
48488,3.2,4,Chinese
559,,0,Chinese
255,4.1,28,Beverages
47234,3.2,7,Seafood
6044,3.3,5,Beverages
41550,3.5,40,South Indian
41635,3.6,28,Chinese
1310,,0,Bakery
24806,3.4,9,Chinese
8915,3.3,10,Mithai
17917,3.5,11,Mithai
11636,3.7,31,Mithai
1799,4.1,840,Chinese
1489,3.2,7,Chinese
46625,2.9,16,Chinese
3158,2.8,33,Chinese
3829,3.8,14,Chinese
4744,3.5,17,North Indian
16458,3.7,130,Chinese
41520,3.3,7,Chinese
3136,,0,Chinese
20222,3.7,96,North Indian
2373,,0,Biryani
46049,3.9,31,Mughlai
4378,3.0,139,Chinese
1307,3.5,11,Street Food
11502,3.9,331,Momos
41496,4.0,340,Street Food
18369,3.2,9,Chinese
17666,,0,North Indian
10876,4.0,492,Seafood
4454,4.1,268,Seafood
751,3.1,68,Kebab
5236,3.9,431,Chinese
7060,,0,Fast Food
18235,4.5,2949,Chinese
13655,4.2,217,Asian
1022,3.8,514,North Indian
575,3.5,17,North Indian
38550,3.3,4,Continental
21906,3.2,55,Continental
38655,3.4,9,North Indian
18659,4.0,510,Chinese
11197,4.5,1932,Italian
5456,3.9,681,Seafood
41753,4.2,166,Seafood
46244,3.2,4,Seafood
19915,3.1,19,Biryani
4317,3.6,44,Pizza
5820,3.3,11,South Indian
1835,3.6,218,South Indian
24971,,0,Seafood
43775,,0,Biryani
1057,3.9,419,Chinese
1262,4.4,159,Desserts
16730,,0,Continental
42650,4.1,99,North Indian
23433,3.9,224,Seafood
23508,3.1,5,Biryani
21925,3.5,15,North Indian
2718,4.3,570,Italian
17529,3.2,5,Fast Food
807,4.0,537,Asian
13974,4.2,1418,Finger Food
12645,3.4,33,Seafood
18406,4.0,769,Italian
2603,4.0,324,Mediterranean
3454,3.6,255,Mediterranean
4032,3.7,127,Desserts
41475,3.6,99,Desserts
1296,4.1,50,Burger
7104,3.7,42,South Indian
48878,3.9,96,Continental
666,,0,Chinese
1657,4.1,364,North Indian
12913,4.2,377,Chinese
725,,0,Chinese
1504,3.1,14,Street Food
18221,4.4,953,American
14339,4.2,538,Chinese
40877,4.0,189,Chinese
38,4.2,504,Italian
7975,4.0,128,Burger
39041,4.2,1440,Burger
13925,4.0,399,Burger
8683,4.3,3547,Burger
1341,4.2,1692,Burger
2755,4.1,1852,Burger
4640,4.0,1205,Italian
46219,,0,Chinese
11845,4.0,1382,Thai
4935,3.3,4,Thai
40242,3.6,171,Chinese
24904,2.8,100,Chinese
4187,3.8,94,Thai
14599,4.6,5421,Desserts
3429,4.6,2496,Desserts
2518,3.3,10,Rolls
10190,3.6,91,Rolls
1368,4.2,99,Beverages
13813,4.6,1687,Beverages
3967,3.6,18,Beverages
39009,4.2,287,Continental
39792,4.4,390,Continental
8985,,0,Juices
13051,,0,North Indian
13324,,0,Pizza
21836,,0,Beverages
5179,3.9,52,Fast Food
6078,3.5,31,Beverages
46193,3.9,263,Thai
22244,,0,Beverages
4926,4.3,342,Beverages
5755,3.4,39,Beverages
1658,2.7,377,Thai
12226,4.3,524,Naga
595,,0,Continental
17731,,0,Chinese
14062,4.4,282,Chinese
23726,4.4,4090,Pizza
2816,3.9,315,Italian
15093,3.8,217,Continental
1063,3.6,18,North Indian
528,3.7,266,Asian
4937,4.3,269,Healthy Food
17261,3.9,112,Salad
10709,3.9,38,Salad
4125,4.1,433,Burger
1453,3.4,102,Chinese
16349,3.3,6,South Indian
8538,3.1,120,Chinese
1533,3.4,11,Chinese
48176,3.9,358,Chinese
42328,4.3,1033,Chinese
5841,3.5,14,Andhra
46113,3.8,30,South Indian
20180,4.0,121,Biryani
40628,2.6,382,Biryani
13615,4.1,1224,Kerala
2812,3.8,190,Chinese
4512,3.2,97,Chinese
8719,3.4,5,Pizza
654,3.2,202,Chinese
22699,3.1,9,Chinese
18578,3.3,4,Beverages
1580,3.3,4,North Indian
487,3.4,8,Chinese
183,3.9,90,Chinese
1080,3.9,165,Chinese
22374,3.5,16,Biryani
35219,3.8,88,Continental
42508,3.9,63,Continental
4,4.1,787,Thai
5429,3.2,59,Biryani
8565,3.8,52,Italian
7900,3.0,74,European
22471,3.9,321,Seafood
9067,,0,South Indian
5396,2.8,116,Chinese
9907,3.3,5,Chinese
16161,3.2,4,Chinese
41696,3.1,9,Chinese
40279,3.2,4,North Indian
5483,2.9,22,Chinese
41804,3.4,36,Seafood
15560,,0,Sandwich
21045,3.7,95,Seafood
4050,3.0,68,Biryani
6652,2.7,33,Chinese
43935,3.0,29,Biryani
4381,2.9,76,Biryani
232,3.5,47,Bengali
21377,2.7,39,Kebab
7672,,0,Mughlai
51672,,0,South Indian
19328,3.4,8,Chinese
13916,4.0,861,Cafe
1110,2.5,118,Continental
9081,2.6,20,North Indian
1282,2.8,33,Chinese
14247,3.9,224,South Indian
41601,3.8,33,Juices
22323,4.0,120,Juices
41998,3.7,71,Juices
5451,3.6,24,Chinese
6876,3.4,186,Chinese
22207,3.5,54,Chinese
23565,3.7,161,Chinese
9756,3.4,5,Fast Food
48216,4.0,182,Juices
23272,3.3,351,Biryani
15640,,0,Fast Food
1645,4.1,211,Fast Food
40441,3.5,20,Chinese
42391,,0,North Indian
23496,,0,Chinese
1764,3.7,40,Chinese
27,3.1,4,Chinese
10623,3.6,11,Chinese
19887,3.1,54,Chinese
20145,3.6,64,Street Food
6312,3.4,19,Chinese
4094,3.5,234,Chinese
15529,,0,Fast Food
6863,,0,Juices
21188,4.0,156,Chinese
74,3.7,14,Chinese
693,,0,Mithai
1898,3.6,14,Chinese
2241,3.2,4,Chinese
1919,2.8,21,South Indian
5061,,0,Biryani
23275,3.7,71,North Indian
3289,3.7,27,Chinese
5130,3.6,336,Chinese
39871,3.8,88,Chinese
5378,,0,North Indian
16036,,0,Gujarati
43285,3.5,11,South Indian
676,4.1,175,Chinese
17625,,0,Chinese
13849,,0,Chinese
15636,3.2,9,Chinese
14585,3.7,443,North Indian
14199,4.2,770,Chinese
39881,3.8,16,Chinese
22406,3.9,265,Chinese
17988,3.4,13,Chinese
3899,3.1,226,Chinese
1995,4.0,64,Chinese
47639,4.0,141,Chinese
40910,3.9,160,Chinese
19633,3.1,19,Juices
42209,3.5,7,Seafood
1171,4.0,98,North Indian
22352,3.4,5,Street Food
48491,,0,Chinese
3264,,0,Chinese
660,,0,South Indian
4970,,0,Chinese
3865,3.8,135,Chinese
3848,3.8,7,Fast Food
1832,3.8,99,Chinese
10618,3.0,67,Chinese
15704,,0,Chinese
46,3.8,42,Chinese
13652,3.6,592,Continental
4453,3.9,661,Continental
29,3.8,148,Chinese
23353,3.6,62,Chinese
47419,,0,Biryani
7574,3.6,27,Fast Food
48264,3.4,83,Chinese
14740,3.9,160,Chinese
41266,3.7,53,North Indian
24620,3.6,108,Chinese
3768,3.7,131,Chinese
22768,3.9,96,South Indian
14188,4.3,687,Indonesian
19028,,0,Seafood
48571,3.3,6,Chinese
1365,,0,Chinese
21954,4.0,161,Chinese
3468,3.9,135,Chinese
5628,,0,South Indian
10666,,0,South Indian
7844,,0,Chinese
14136,,0,South Indian
18035,,0,Beverages
7190,,0,Rolls
7603,3.3,9,Biryani
40382,,0,Chinese
10928,3.6,30,Chinese
1959,3.7,0,Rolls
311,3.4,6,South Indian
12267,2.7,77,Fast Food
5437,,0,North Indian
4460,,0,Coffee
24256,4.3,295,Pizza
18827,4.3,544,Pizza
3560,4.3,556,Pizza
13861,4.5,2687,Beverages
1266,4.5,2594,Pizza
4232,4.2,2192,Continental
41539,4.6,2315,Chinese
13516,,0,North Indian
16239,,0,North Indian
3506,3.7,15,Andhra
1177,3.4,7,South Indian
6041,3.6,19,Beverages
41584,3.7,42,Kebab
14762,3.8,73,Chinese
8204,,0,Chinese
41107,3.5,41,Salad
46200,3.7,167,Salad
39964,3.4,141,Salad
2028,3.8,177,Sandwich
41598,2.4,71,Fast Food
18932,4.0,388,North Indian
17382,3.7,287,North Indian
23299,3.7,105,Chinese
3253,3.8,473,Chinese
2064,3.8,155,Chinese
23081,2.7,182,Chinese
42179,3.7,89,Fast Food
38738,3.8,54,Chinese
3715,3.6,21,Biryani
43883,2.7,28,Momos
22020,,0,Kebab
3275,4.1,361,Kebab
1026,4.5,3458,Salad
11425,3.2,4,Fast Food
46702,3.3,4,Rolls
41697,3.3,7,Chinese
5666,3.8,499,Beverages
41836,3.3,44,Seafood
11998,4.1,1327,Seafood
46717,,0,Seafood
2414,3.0,13,Salad
438,,0,Chinese
821,,0,South Indian
436,,0,North Indian
7816,,0,Chinese
22848,,0,Chinese
23273,,0,North Indian
29501,,0,South Indian
40313,3.1,8,Chinese
621,,0,Sandwich
4722,,0,North Indian
508,,0,Kerala
41911,2.5,60,Chinese
14518,3.6,51,Chinese
5650,3.6,49,Mughlai
2201,,0,Fast Food
1327,3.6,216,Mughlai
1853,3.5,179,Beverages
41913,3.5,15,Biryani
40359,3.4,7,North Indian
51022,3.5,16,Bengali
43898,3.4,16,Fast Food
21176,3.6,53,North Indian
1526,4.1,783,Chinese
38734,,0,Chinese
25197,3.4,24,Chinese
15926,,0,Italian
41815,3.4,589,Chinese
41777,3.8,591,Chinese
48573,3.2,11,Andhra
5558,3.9,218,Chinese
49155,3.7,174,Chinese
5180,3.7,291,Chinese
42275,3.9,35,South Indian
4336,3.9,14,Chinese
3443,,0,Chinese
10746,3.5,165,Chinese
417,,0,Chinese
1479,,0,Fast Food
16367,3.4,11,Fast Food
7363,2.8,25,Fast Food
15771,3.8,113,Beverages
20730,,0,Cafe
18422,3.8,201,Mangalorean
4091,3.9,180,Momos
166,4.2,1647,Momos
105,3.9,93,American
22131,3.6,17,Beverages
4021,4.1,402,Arabian
40390,,0,North Indian
4018,4.1,521,Italian
10120,3.8,30,Fast Food
1760,4.1,1959,Fast Food
22289,4.0,777,Fast Food
19861,3.9,147,Fast Food
12073,4.0,910,Fast Food
5162,3.7,168,Fast Food
3057,4.1,389,Fast Food
15086,,0,Korean
41865,3.7,101,Seafood
5220,3.8,149,Chinese
18878,3.5,10,Steak
17355,3.1,39,Fast Food
8090,3.7,85,Beverages
25015,2.7,227,Continental
23274,3.9,611,North Indian
4967,4.0,181,Biryani
40890,3.9,168,Biryani
17069,3.5,69,Biryani
5547,,0,Rolls
6122,3.6,71,Kebab
5267,4.1,1003,Chinese
3585,3.4,22,Fast Food
4802,,0,Continental
17392,3.5,5,Biryani
5509,,0,Biryani
17489,3.9,81,Biryani
820,3.0,290,Biryani
17598,3.2,5,Chinese
22648,3.4,28,BBQ
985,4.0,0,North Indian
15214,3.5,124,Beverages
1256,3.1,7,Street Food
4329,,0,Chinese
3665,,0,Bengali
1018,3.4,183,Thai
4644,4.1,322,Continental
756,3.6,43,Mughlai
16215,3.6,25,Chinese
46256,,0,North Indian
2912,3.2,23,Chinese
7029,,0,Chinese
4878,3.1,59,Rolls
2677,3.6,23,Chinese
4784,3.5,22,Chinese
251,,0,Street Food
13803,4.0,336,Momos
23610,,0,Biryani
41666,3.2,10,Ice Cream
7751,3.7,21,Chinese
45993,3.0,29,Seafood
41480,2.9,6,Arabian
20790,,0,Chinese
253,3.1,245,Momos
46490,,0,Rolls
24805,,0,Chinese
21312,,0,Fast Food
5473,3.4,8,Chinese
41571,3.6,60,Momos
35831,3.7,98,Chinese
5775,3.3,9,Finger Food
7627,,0,Chinese
10887,3.1,131,Biryani
5380,,0,Fast Food
21031,3.7,82,South Indian
13970,3.9,660,North Indian
1373,3.7,31,North Indian
3642,3.9,67,North Indian
39817,,0,North Indian
39017,3.2,9,North Indian
3532,3.6,34,Cafe
22220,3.4,12,South Indian
3696,3.0,9,Fast Food
15357,3.7,70,Fast Food
15862,4.0,736,Fast Food
957,3.9,44,Mughlai
16799,3.8,168,Rolls
51422,3.2,41,Kebab
18019,3.8,26,South Indian
11772,4.7,6745,Italian
43507,4.4,619,Italian
8990,3.5,10,Desserts
1613,,0,Beverages
13927,4.1,1141,Momos
3534,2.9,19,Tea
3562,,0,Fast Food
1328,4.3,633,Mediterranean
7907,4.2,859,Continental
23297,4.1,98,American
22447,4.4,203,Japanese
21311,,0,Chinese
1409,4.2,413,Beverages
2097,3.5,12,Chinese
374,,0,BBQ
11478,3.9,122,Tibetan
6558,,0,Seafood
4495,4.2,522,Momos
3517,4.0,61,Continental
8439,3.6,25,Seafood
40908,4.0,244,Afghan
7204,3.9,1337,Italian
3255,4.3,378,Indonesian
40591,3.5,21,Seafood
8404,3.1,4,Chinese
23716,3.6,30,Chinese
1998,3.6,382,South Indian
41490,3.8,462,South Indian
215,3.1,509,South Indian
5154,,0,South Indian
2951,3.9,418,South Indian
3864,3.4,692,South Indian
904,3.8,571,South Indian
18260,3.0,530,South Indian
27892,3.9,420,South Indian
24014,3.6,24,Beverages
2567,3.6,23,Beverages
5239,,0,Beverages
4285,3.3,7,Beverages
21150,3.3,18,Beverages
9701,3.4,21,Beverages
961,3.9,135,Continental
1605,3.6,163,Kerala
3989,3.8,84,Kerala
5503,3.1,100,Continental
7509,3.6,30,South Indian
13867,4.4,4575,Thai
1530,4.1,130,Pizza
9933,3.8,273,Chinese
31805,4.1,100,Chinese
5143,2.6,51,Chinese
41578,4.5,785,Burmese
12177,4.1,473,Pizza
13937,4.3,606,North Indian
13583,4.2,240,Chinese
851,2.6,329,Chinese
42105,4.1,730,Italian
4193,4.2,1168,Italian
40173,4.1,673,Chinese
45970,3.9,523,American
13084,4.1,117,North Indian
23629,4.3,576,Pizza
40798,4.3,2283,Finger Food
5001,4.3,3485,Finger Food
762,4.7,544,Continental
41663,3.9,105,Momos
20112,3.4,9,Mughlai
371,4.1,520,Kebab
5910,4.4,76,Chinese
42836,,0,Desserts
14553,3.8,426,North Indian
987,4.7,10413,Mediterranean
3477,4.8,7023,Mediterranean
18245,4.3,4187,Burger
8807,3.7,91,Continental
24685,3.6,34,North Indian
2524,3.8,60,Chinese
9166,,0,South Indian
133,3.9,90,North Indian
9208,3.4,10,South Indian
19520,3.1,16,Chinese
7758,,0,Chinese
4543,4.4,223,Italian
4159,3.8,26,Fast Food
1702,3.0,29,Chinese
10278,3.2,4,Desserts
3288,3.5,9,Beverages
719,,0,Beverages
5394,3.2,18,Fast Food
1348,4.2,223,Wraps
6272,4.1,291,Momos
4578,2.9,50,Chinese
51299,3.4,17,Chinese
6085,,0,South Indian
21851,3.8,311,Chinese
40228,,0,Mughlai
13749,3.3,4,Chinese
28144,3.0,13,Pan Asian
14171,3.8,135,Italian
22237,4.1,399,Italian
22280,3.9,64,Beverages
4872,,0,Beverages
24124,3.8,63,Bakery
8016,3.9,205,Fast Food
5403,,0,Fast Food
4783,4.2,1031,Seafood
69,4.2,164,Continental
8936,,0,Fast Food
7472,,0,Sandwich
40794,4.4,383,Chinese
41698,3.5,11,Desserts
4729,3.6,16,Sandwich
2705,4.0,25,Beverages
6672,3.4,116,Chinese
4633,3.7,58,Arabian
20151,2.7,18,Arabian
20590,3.6,197,Andhra
1219,3.7,74,North Indian
46053,4.3,3077,European
7254,2.8,5,Salad
20776,,0,Salad
521,,0,Salad
7801,,0,Salad
1184,3.6,399,Continental
6294,3.8,20,Mexican
18416,4.1,1739,American
14705,4.6,3760,Vietnamese
22143,3.5,9,Chinese
3435,4.4,4099,North Indian
23692,4.3,223,Italian
21838,3.2,7,Arabian
3995,4.2,233,Tea
8619,4.0,24,Beverages
1037,,0,Chinese
6801,4.0,176,Sandwich
9830,,0,Continental
22267,3.4,10,Fast Food
13306,2.9,46,Sandwich
10479,3.1,15,Sandwich
6103,3.1,31,Sandwich
17932,3.5,138,Sandwich
650,2.6,64,Sandwich
43444,3.2,4,Sandwich
17613,,0,Sandwich
16387,3.8,34,Sandwich
7298,2.9,25,Sandwich
21697,,0,Sandwich
42478,4.8,3932,Asian
968,4.4,201,Asian
36369,3.6,70,Chinese
368,3.6,6,Biryani
1675,3.7,9,Biryani
8536,3.6,8,Biryani
17615,3.1,6,Biryani
39870,3.6,18,Biryani
23986,3.5,15,Biryani
9550,3.6,10,Biryani
20785,3.9,23,Biryani
48255,,0,Biryani
28453,3.7,13,Biryani
4099,3.6,10,Biryani
3026,3.6,11,Biryani
39070,3.8,30,Biryani
11543,3.7,6,Biryani
9810,4.1,54,South Indian
20972,,0,Chinese
38519,3.2,13,Seafood
21941,4.0,178,Italian
4332,4.1,765,Italian
1072,2.8,80,Chinese
4260,4.0,797,Continental
5255,3.1,16,North Indian
41551,,0,South Indian
3481,4.3,994,Continental
38988,4.3,854,North Indian
24168,4.6,7129,Burger
8544,3.5,29,Continental
13656,4.0,115,Chinese
5316,3.9,36,Burger
3925,3.8,57,Pizza
651,3.9,117,Beverages
17188,2.8,64,Andhra
505,3.4,4,Chinese
42529,,0,Continental
19881,2.8,20,Sandwich
25053,3.9,39,Bakery
41743,,0,Burger
5212,3.5,13,Lebanese
38975,4.2,358,Continental
40250,4.0,210,Momos
6176,,0,Chinese
6810,3.2,42,Fast Food
15634,2.9,94,Chinese
4674,4.4,218,Mangalorean
147,3.9,888,Chinese
51308,3.7,19,Mughlai
46405,4.2,53,Seafood
2818,3.8,25,Fast Food
22448,4.2,1196,Italian
23682,3.8,152,Burger
23658,4.0,1408,Pizza
42318,4.5,3953,Modern Indian
3660,,0,Italian
6259,,0,Italian
3892,,0,Coffee
24274,3.1,25,Italian
14988,3.7,34,South Indian
3196,4.1,229,Seafood
18287,4.4,542,North Indian
8503,4.3,622,Thai
21360,,0,Fast Food
42514,2.6,62,Andhra
21239,3.3,22,Bengali
4622,3.6,18,Desserts
3125,3.7,89,Chinese
41367,3.4,13,Continental
21276,3.2,15,South Indian
3955,4.3,220,Bakery
6301,,0,Healthy Food
7095,,0,Seafood
23630,4.5,578,Continental
4052,4.2,2924,Steak
1082,3.3,177,Continental
4321,4.2,2273,Mediterranean
8037,3.7,15,Continental
8523,3.9,158,Indonesian
40801,4.5,2745,Italian
13675,2.9,319,Kerala
4651,3.5,239,Biryani
40523,,0,Beverages
1084,2.7,43,South Indian
15026,3.6,11,Pizza
42077,4.2,563,Afghan
16818,4.8,1724,Beverages
1455,2.8,45,Salad
4602,2.9,32,Biryani
38972,4.2,371,Asian
3996,3.7,404,Chinese
2304,3.9,163,Chinese
51647,3.8,26,Chinese
41933,3.7,33,Hyderabadi
4637,4.1,1318,Mediterranean
809,4.2,1137,Mediterranean
3154,3.7,483,Chinese
5710,2.9,48,Momos
11119,4.5,2540,Chinese
51,3.7,23,North Indian
46168,3.8,43,Continental
5564,4.3,1585,Pizza
1619,4.3,1037,Beverages
14886,3.3,4,Mediterranean
3507,4.0,107,Salad
35324,4.1,94,Salad
21905,3.7,68,Biryani
1158,,0,Ice Cream
23468,3.7,100,Chinese
2775,3.7,66,Italian
11253,3.1,29,Chinese
1882,3.7,124,Chinese
7540,4.3,760,Japanese
16723,4.2,560,South Indian
41630,3.7,16,Chinese
42091,4.0,775,North Indian
3539,3.9,60,Street Food
4216,4.0,1913,Korean
5379,,0,Beverages
40259,3.7,51,Mughlai
11175,4.6,866,Asian
18646,,0,Chinese
79,3.7,133,Continental
3874,,0,North Indian
18389,4.0,726,North Indian
22632,3.9,77,Continental
1339,4.1,306,Mexican
127,3.0,62,North Indian
17617,4.0,167,Sandwich
5041,3.9,46,Burger
8673,4.0,1701,American
40138,4.2,1113,BBQ
8041,3.9,56,Fast Food
3040,4.1,270,Momos
40119,4.2,221,Momos
4774,3.4,7,Momos
328,3.8,584,Biryani
27973,3.8,584,Biryani
41342,,0,North Indian
26597,4.4,2075,Chinese
1343,3.6,16,Beverages
4907,4.2,1208,Salad
1241,4.1,60,Salad
6359,3.5,27,Chinese
48898,3.1,61,Chinese
39022,4.3,90,Desserts
13884,4.2,311,Desserts
24173,4.4,1227,Desserts
16870,,0,Desserts
8941,,0,Desserts
3632,3.3,294,South Indian
4016,3.8,69,Biryani
30278,3.8,71,Biryani
22268,3.6,8,Beverages
5120,,0,North Indian
42856,,0,North Indian
12153,3.9,234,Continental
15211,3.6,179,Mughlai
1333,,0,Continental
2490,4.3,245,Continental
4311,4.0,957,Momos
8545,2.9,31,Chinese
16725,3.8,137,Asian
1740,3.7,69,Chinese
11691,4.1,1235,North Indian
139,3.6,39,Beverages
5105,4.4,3667,Asian
17993,,0,American
790,4.2,882,South Indian
5615,,0,Chinese
18275,4.2,2901,North Indian
18271,4.4,2993,North Indian
3438,4.4,2182,Continental
3871,3.8,54,Chinese
18225,4.7,14956,Pizza
9861,,0,Fast Food
4963,3.5,283,Oriya
42976,,0,Chinese
6166,3.5,13,Fast Food
38963,4.3,1099,Mediterranean
40834,4.3,654,Mediterranean
6194,,0,Fast Food
43016,3.8,79,Seafood
19813,2.8,31,Chinese
115,3.8,74,North Indian
14092,4.4,189,Continental
8620,4.2,618,Continental
6263,4.4,100,Beverages
46324,3.6,18,North Indian
5778,3.6,33,Chinese
9981,4.2,70,Sandwich
13767,4.6,1308,Burger
8669,4.5,3568,Burger
1242,4.7,14654,Burger
22405,4.5,1181,Burger
45948,4.7,3912,Burger
1790,3.0,58,North Indian
3804,3.1,19,Chinese
1438,4.2,450,Fast Food
16796,3.8,721,Kebab
22035,3.8,139,Continental
932,4.1,163,Street Food
3141,4.1,454,American
6345,3.4,5,Chinese
260,3.6,9,Chinese
10268,3.3,5,Chinese
8080,3.6,17,Continental
18448,3.5,10,Biryani
42945,3.2,13,Biryani
14598,3.3,12,Biryani
24913,3.1,14,Biryani
4906,3.4,9,Biryani
4092,3.5,5,Biryani
21061,3.6,13,Biryani
41747,3.3,13,Biryani
3296,3.2,9,Biryani
44353,3.2,10,Biryani
36200,3.2,10,Biryani
3771,4.0,77,Chinese
8886,3.8,170,South Indian
9515,,0,Chinese
39913,3.6,12,Chinese
17936,2.6,140,Chinese
44034,3.8,35,Chinese
41906,3.0,44,South Indian
1551,3.8,74,Chinese
13009,2.8,64,Chinese
554,2.9,199,Chinese
3997,3.7,37,Chinese
8929,3.7,446,Chinese
7684,,0,Chinese
3630,3.8,240,Chinese
884,3.9,57,Chinese
39118,3.8,40,North Indian
1398,4.2,60,Chinese
4188,3.6,14,Chinese
46012,3.7,15,Chinese
46271,3.2,7,Chinese
5850,,0,North Indian
3380,2.9,42,Chinese
49036,3.3,6,Chinese
3051,3.3,13,Chinese
12574,3.6,16,Chinese
679,3.8,58,North Indian
43583,4.1,97,South Indian
525,,0,North Indian
1131,2.9,177,Biryani
41730,3.8,111,Chinese
4483,3.9,134,Chinese
46145,3.9,149,Chinese
6199,,0,Chinese
2814,,0,Chinese
16038,3.7,23,Beverages
40524,,0,Healthy Food
6949,2.8,12,Fast Food
6322,3.3,5,Fast Food
6671,4.0,76,Street Food
14827,3.0,64,Fast Food
5158,3.7,66,Chinese
7451,3.9,119,Chinese
392,3.8,39,North Indian
4610,3.8,55,Chinese
754,3.9,40,South Indian
1861,3.8,339,Chinese
2255,4.0,166,Chinese
3643,3.9,24,Chinese
803,3.0,25,Chinese
3077,,0,Mughlai
4258,3.9,112,Beverages
40085,3.5,45,Biryani
2741,3.9,462,Continental
44226,3.9,464,Continental
36277,3.9,464,Continental
29212,3.6,23,Continental
13544,4.1,840,Continental
17311,3.3,10,Street Food
1175,3.5,9,South Indian
9123,,0,Seafood
43255,2.4,63,Salad
8440,3.6,23,Italian
49082,3.6,14,Chinese
3496,4.2,175,Momos
42281,2.9,21,Continental
2355,,0,South Indian
1405,3.9,124,Asian
19991,3.3,9,Chinese
4343,4.1,481,Biryani
369,,0,Chinese
41780,2.3,178,South Indian
11779,4.6,766,North Indian
7462,4.6,2726,Italian
18230,4.2,6907,Chinese
7473,,0,Chinese
24,3.1,6,Chinese
2292,,0,Chinese
45217,3.8,86,Chinese
7170,2.3,291,Chinese
44789,2.5,301,Chinese
16734,3.0,317,Chinese
2900,3.8,265,Chinese
12623,3.0,53,Chinese
31229,2.8,289,Chinese
6501,2.8,29,Chinese
8955,3.7,532,Chinese
15427,3.7,58,Chinese
48324,3.8,36,Chinese
9906,,0,Chinese
175,2.8,5,Continental
9780,,0,Asian
48930,,0,South Indian
8189,3.6,40,Chinese
453,3.3,62,Chinese
5182,4.2,1617,Desserts
51212,4.6,142,Desserts
29430,3.4,6,Rolls
22219,2.9,54,Rolls
4474,3.2,4,Desserts
11397,4.1,523,Momos
40608,4.0,69,Mangalorean
38617,3.7,20,Chinese
3972,3.4,63,Andhra
939,3.6,15,Chinese
4485,,0,Chinese
39879,3.8,36,South Indian
8606,3.2,22,Chinese
1329,3.4,10,South Indian
3484,3.9,1225,Gujarati
1029,4.1,2456,North Indian
13347,,0,Kerala
2948,,0,Chinese
434,3.0,46,Andhra
17353,3.5,338,Kerala
5177,3.4,11,Juices
6236,3.7,55,Juices
4025,3.7,46,Desserts
606,3.8,280,Andhra
19876,4.1,360,Italian
2039,4.2,2115,Continental
4542,3.9,205,Continental
13348,,0,Chinese
5284,3.3,57,Street Food
43407,3.7,132,Oriya
6796,3.0,33,North Indian
6867,,0,Chinese
1383,4.1,172,Healthy Food
23431,3.7,21,Beverages
876,3.7,294,Middle Eastern
43378,3.3,72,Chinese
560,,0,Chinese
15584,3.6,13,South Indian
7441,3.8,115,Biryani
303,,0,Chinese
4782,4.0,36,Bakery
18055,3.9,24,Ice Cream
5935,4.3,676,Beverages
1505,3.9,70,Ice Cream
1403,4.0,41,Desserts
3528,4.0,85,Desserts
35329,3.9,87,American
35600,3.9,87,American
732,3.7,97,Chinese
1793,3.4,83,Rolls
17462,3.0,10,Chinese
287,4.2,354,Indonesian
22467,4.0,662,South Indian
5532,3.8,14,Momos
2699,4.0,108,Beverages
3784,4.0,1014,Continental
38437,4.1,493,Chinese
48025,,0,Chinese
8504,3.9,53,North Indian
48134,3.7,113,Continental
48759,3.4,8,Chinese
6337,3.6,38,Fast Food
4984,4.1,1774,European
4365,3.9,231,Wraps
10586,3.3,11,Fast Food
21973,3.1,22,Fast Food
3519,3.9,45,Chinese
24308,,0,Fast Food
9353,3.8,177,Chinese
42115,3.7,96,North Indian
14888,4.2,258,North Indian
22977,4.2,74,BBQ
40106,4.1,2773,Chinese
26787,4.5,42,North Indian
28,4.0,308,Asian
7909,3.3,4,Continental
40525,3.3,10,Seafood
914,4.6,5892,Salad
46015,3.9,163,Momos
1683,4.3,1587,Chinese
22546,4.1,223,Thai
4355,4.1,461,Italian
21962,3.4,6,Biryani
39367,3.5,14,Beverages
49100,3.3,8,Continental
1494,2.7,85,Fast Food
128,3.7,180,Fast Food
39875,3.4,47,Biryani
11924,4.1,1053,Steak
6747,2.5,433,North Indian
3992,2.6,208,North Indian
8566,2.3,116,North Indian
24215,3.6,38,Desserts
2839,3.6,20,Desserts
10659,2.8,34,Desserts
5839,,0,Desserts
4316,3.5,17,Desserts
20113,3.5,15,Desserts
9191,3.4,5,Kebab
7880,3.8,46,Rolls
2188,,0,Mangalorean
5587,3.7,40,Fast Food
46224,3.2,18,Momos
7440,,0,North Indian
8938,,0,Chinese
988,4.4,1533,Asian
3198,4.3,148,Kebab
3501,4.0,942,North Indian
18482,3.6,1111,North Indian
42654,3.8,53,Chinese
20471,4.0,427,Continental
13673,4.0,162,Momos
13897,4.6,2339,Cantonese
5909,3.7,22,Ice Cream
2608,,0,Chinese
23018,3.6,104,Cafe
8629,3.6,7,Cafe
13986,4.0,339,Cafe
1268,4.4,939,Continental
24246,4.4,950,Continental
18565,4.7,231,Chinese
4340,4.1,99,Fast Food
31691,3.4,7,Mediterranean
46159,3.4,9,Desserts
41695,,0,Desserts
46297,,0,Bihari
8012,,0,Sandwich
39392,3.0,24,Chinese
40511,,0,Chinese
415,3.2,4,Fast Food
2788,3.6,44,Fast Food
6639,,0,Chinese
1935,3.2,4,Chinese
4225,3.0,111,Chinese
905,3.6,19,Beverages
48548,3.3,59,Chinese
95,3.5,8,Biryani
6998,2.4,96,Thai
14472,4.2,2015,Chinese
3820,4.1,1538,Chinese
1189,,0,Sandwich
3946,3.9,255,Lebanese
18126,,0,Biryani
9536,2.9,84,Chinese
22419,4.4,347,Mughlai
25120,4.3,53,Mughlai
859,4.0,31,Chinese
14195,,0,North Indian
5963,,0,Desserts
2384,4.4,351,Pizza
7906,4.4,788,Pizza
19575,3.7,34,Street Food
41616,3.6,9,Fast Food
5516,3.1,320,Biryani
10152,2.8,178,Biryani
3050,3.8,214,Biryani
4484,2.6,155,Biryani
19678,3.6,89,Biryani
40965,,0,Chinese
20427,4.1,245,Chinese
6954,3.7,32,Chinese
6599,2.6,170,Japanese
21705,,0,Beverages
16729,3.6,62,Mediterranean
2622,3.8,91,Chinese
3561,4.3,894,Continental
41920,3.7,33,Biryani
23011,3.9,191,Chinese
18721,2.7,135,North Indian
4577,,0,Chinese
40486,3.4,37,North Indian
2615,3.2,49,Burger
18247,4.6,2785,North Indian
2630,4.1,218,Biryani
22088,3.5,24,Beverages
6961,4.3,597,Malaysian
42732,3.1,11,Italian
22576,3.7,209,North Indian
13707,4.0,419,South Indian
4521,4.0,933,Salad
38977,4.0,344,Chinese
119,3.1,13,Italian
2928,3.6,16,Cafe
36468,3.5,58,South Indian
970,4.4,1149,BBQ
42482,4.5,1909,BBQ
1481,3.0,17,Chinese
22574,3.7,399,Chinese
135,3.0,23,South Indian
41655,3.9,210,Fast Food
22469,3.6,519,Fast Food
2906,3.9,169,Fast Food
4795,3.7,16,South Indian
11426,,0,Chinese
40629,,0,Chinese
3177,,0,Chinese
4077,,0,Chinese
9949,,0,Chinese
43840,3.4,32,Kebab
1263,4.4,2859,Sandwich
4676,3.3,6,Fast Food
5495,3.6,25,Chinese
41828,3.5,46,North Indian
4037,3.0,566,Street Food
4404,4.1,51,Street Food
24677,2.7,194,Street Food
1194,3.8,155,Street Food
8350,2.7,425,Street Food
9268,3.8,685,Street Food
41701,3.5,78,Street Food
31626,2.7,249,Street Food
7351,3.6,42,Street Food
26200,3.8,98,North Indian
22580,3.6,244,Street Food
42111,2.7,82,Street Food
46125,3.0,50,Street Food
21347,3.1,352,Street Food
17853,3.7,32,Street Food
11208,2.8,484,Street Food
28426,4.1,41,Street Food
16222,2.9,22,Street Food
40914,2.5,544,Street Food
956,3.6,213,Street Food
48397,2.9,96,Street Food
17497,2.8,210,Street Food
1661,3.3,5,Biryani
1997,3.8,120,Chinese
14595,3.2,574,Seafood
951,4.9,6375,BBQ
3480,4.7,881,BBQ
16682,4.8,2882,BBQ
22400,4.6,1502,BBQ
42493,4.8,12121,BBQ
22064,3.8,164,Chinese
3002,3.5,735,North Indian
3803,3.3,455,Chinese
39888,3.7,173,Chinese
461,,0,Street Food
22503,4.2,783,Salad
2921,,0,Fast Food
46030,4.0,336,Biryani
21897,3.7,90,Chinese
4163,3.9,370,North Indian
6733,3.8,22,Rolls
48184,3.9,185,Rolls
48249,3.2,4,Chinese
3095,3.6,113,Biryani
3151,3.9,169,Chinese
4113,3.6,208,Chinese
18193,3.6,118,Chinese
8593,3.6,133,Chinese
20787,,0,Chinese
39829,3.9,52,Chinese
11226,3.9,682,Seafood
897,3.4,22,Kerala
4932,,0,Rolls
3738,3.9,255,Chinese
8662,4.4,568,Mughlai
2792,4.4,98,Mughlai
1006,,0,Beverages
22614,3.8,140,Burger
17801,3.8,107,Seafood
1287,,0,Seafood
19576,3.0,148,Biryani
4619,3.8,256,Seafood
4344,3.0,4,Seafood
23467,3.7,64,Fast Food
16841,4.1,701,Italian
22554,4.0,241,Italian
1792,3.1,4,Andhra
24998,4.0,469,Biryani
43382,3.7,19,Beverages
19787,3.8,241,Biryani
19720,3.7,106,Biryani
2067,4.1,666,Chinese
5728,,0,South Indian
46139,3.4,9,Chinese
24451,,0,Andhra
41759,3.9,317,Seafood
21957,3.9,121,Chinese
42489,4.4,730,BBQ
4976,4.1,841,Chinese
4540,4.2,854,Chinese
21033,3.9,236,Andhra
41728,3.6,89,Rolls
23000,3.9,358,Rolls
42384,3.3,4,Fast Food
5526,2.9,90,Biryani
18229,4.1,177,Italian
8243,4.0,127,South Indian
22595,3.7,83,Seafood
40271,3.7,26,Juices
7592,,0,Seafood
9222,,0,Seafood
19421,,0,Seafood
224,,0,Seafood
40473,,0,Seafood
7539,4.1,237,Burmese
4008,3.0,16,Asian
1027,4.9,2178,Momos
6869,2.8,80,North Indian
46317,3.7,91,Chinese
1098,3.6,116,Italian
48367,3.4,10,Chinese
2112,4.3,734,Street Food
4509,2.8,95,Arabian
36317,4.2,176,Beverages
35198,4.3,429,Japanese
46177,3.9,123,Pizza
41719,3.5,107,Finger Food
11780,4.6,634,Chinese
9225,,0,Beverages
19266,,0,Beverages
5595,,0,North Indian
41791,3.8,86,Charcoal Chicken
3853,4.0,903,Hyderabadi
1323,2.8,48,Juices
4755,4.2,532,Asian
598,,0,North Indian
2821,4.0,44,Burger
709,3.6,20,Chinese
16059,3.6,18,Kerala
18127,,0,Fast Food
5452,,0,Arabian
14175,4.1,209,North Indian
3482,4.3,1303,Andhra
1020,3.4,173,South Indian
4440,3.7,65,Chinese
3683,3.8,188,Chinese
13422,3.7,83,Chinese
8444,4.4,1065,BBQ
48116,4.5,1282,BBQ
40793,4.4,2131,BBQ
22404,4.2,1132,BBQ
16722,3.8,32,BBQ
13538,4.7,7152,BBQ
1025,4.7,3852,BBQ
7896,4.7,3614,BBQ
787,4.3,1147,BBQ
42494,4.3,1074,BBQ
18320,4.2,2445,Italian
18650,4.3,176,Beverages
22310,4.3,496,Desserts
42914,3.8,345,Chinese
4461,4.0,869,Fast Food
19513,3.1,20,Biryani
3684,3.8,419,Chinese
5359,3.1,140,Chinese
17354,,0,Rolls
21129,2.7,53,Rolls
907,4.0,415,Asian
2641,3.8,52,Asian
19332,3.4,6,Hot dogs
10660,4.3,392,Coffee
51189,3.8,179,Pizza
1787,3.8,55,Momos
6382,3.0,38,Street Food
8709,4.3,521,Sandwich
572,4.1,201,Street Food
9784,3.2,6,Kerala
4918,4.1,125,Pizza
22232,3.5,12,Kerala
8111,,0,Desserts
39787,4.1,868,North Indian
21118,4.1,859,North Indian
43233,3.2,426,Rolls
18708,3.9,854,Bengali
23319,2.3,119,North Indian
41434,2.5,81,North Indian
5153,2.3,131,North Indian
42684,2.0,259,North Indian
18983,3.8,35,North Indian
5735,3.6,21,Beverages
5494,3.7,20,Mughlai
29346,,0,Desserts
87,,0,Chinese
20619,3.4,7,Biryani
912,4.7,6876,Chinese
11111,,0,European
14,3.2,4,Burger
48220,4.0,555,Chinese
29268,3.2,4,Fast Food
13537,4.7,9021,Mediterranean
6984,4.5,678,Thai
3590,,0,Cafe
4677,4.1,292,Fast Food
4246,,0,Kebab
25081,3.7,600,Beverages
23294,3.8,200,Beverages
46058,3.8,258,Chinese
46046,3.0,30,South Indian
137,3.5,18,South Indian
41617,3.3,210,Chettinad
4122,3.9,667,Seafood
903,3.9,678,Seafood
18767,3.9,1618,Seafood
40267,3.9,393,Seafood
43533,3.8,1819,Seafood
47076,3.7,22,Seafood
5198,3.4,301,Andhra
42678,3.7,32,Andhra
2098,,0,North Indian
17100,3.7,751,Andhra
41956,,0,Biryani
4596,3.5,11,North Indian
4151,3.8,70,Biryani
20587,3.5,86,Mughlai
267,4.0,618,Andhra
1761,,0,Andhra
2638,3.9,158,Continental
3473,3.0,120,Asian
4201,4.1,1845,Burger
1340,4.1,400,Steak
17066,4.4,150,Beverages
40254,3.9,119,Gujarati
18842,3.9,1214,Steak
16859,4.5,733,French
4987,4.3,950,Burger
29419,3.3,7,Seafood
18563,,0,Mediterranean
3614,3.9,146,Beverages
990,4.2,1721,North Indian
5553,3.7,20,Sandwich
18447,4.0,1623,Italian
16034,4.3,700,Pizza
2968,3.7,22,Rolls
9109,,0,Pizza
3017,3.7,50,Burger
18167,4.7,5746,Steak
2092,4.1,970,American
3843,3.6,10,Sandwich
45979,3.3,7,Sandwich
22403,4.4,2329,Pizza
3970,2.7,48,Street Food
4812,4.0,387,Italian
23115,3.7,20,Street Food
4212,4.2,1142,Korean
21232,4.1,237,Pizza
5078,4.4,3870,Chinese
411,3.5,23,Andhra
2115,4.0,191,Street Food
5811,3.7,98,Beverages
18273,4.3,879,Finger Food
989,4.5,3125,Thai
16702,4.0,345,Mediterranean
11740,3.9,144,Pizza
24294,4.1,2450,Desserts
39353,3.7,29,Momos
1869,3.0,213,Biryani
25503,,0,Sandwich
1410,3.4,7,Cafe
41582,4.0,605,Pizza
13783,,0,Italian
5457,4.2,1347,Salad
4056,4.9,16345,South Indian
22422,4.2,1989,Asian
8738,4.1,114,Wraps
29133,4.1,115,Wraps
36029,4.1,117,Wraps
118,4.1,216,Desserts
5314,4.2,500,Salad
22399,4.2,559,Burger
2704,4.3,2671,Burger
11061,4.0,144,Beverages
866,4.1,102,Fast Food
1301,4.2,869,Italian
836,4.1,354,North Indian
2757,3.6,95,Fast Food
2717,4.2,164,Pizza
48136,3.7,239,Beverages
13624,4.3,1651,German
1160,3.8,186,Italian
2625,3.8,23,Fast Food
4998,3.6,484,Chinese
8682,4.1,563,Continental
3557,3.8,114,Italian
16861,4.2,500,Cafe
1462,3.7,132,Beverages
22884,3.3,5,Juices
18852,3.7,39,Mexican
19166,3.4,90,Street Food
1464,3.3,14,Bakery
3952,4.0,719,Salad
3558,4.0,341,Salad
4914,4.1,3001,Salad
16868,3.4,54,Salad
14138,3.5,11,Continental
6580,4.0,201,Burger
18512,4.3,559,Desserts
3567,4.1,719,Italian
41510,3.9,171,Chinese
3761,3.6,76,Chinese
4835,,0,Chinese
14046,4.6,1423,European
2599,4.3,153,South Indian
41691,3.5,12,Chinese
6960,4.2,170,Biryani
5646,4.1,600,Desserts
2057,,0,Arabian
103,3.9,133,Chinese
2562,3.8,49,Continental
433,3.8,412,Chinese
10100,,0,Rolls
10193,3.9,46,North Indian
16986,3.7,38,Chinese
13845,4.4,105,Fast Food
35601,3.9,272,Sandwich
4142,3.5,18,Fast Food
14414,3.4,257,Chinese
41820,3.9,81,Chinese
4400,4.0,55,North Indian
4065,4.0,105,Kebab
17860,4.2,334,Beverages
4751,4.4,2239,Italian
7400,4.1,952,Beverages
23744,,0,North Indian
24473,2.9,36,Burger
39808,3.8,124,Italian
573,3.8,101,Burger
3408,3.9,204,Italian
3510,3.6,136,Burger
16955,3.5,32,Italian
19802,3.3,4,Mangalorean
6028,3.8,37,North Indian
25059,3.3,14,North Indian
21279,,0,North Indian
14637,3.5,15,North Indian
4456,3.7,25,Chinese
1842,3.5,88,Biryani
4060,4.5,1365,BBQ
39989,4.6,4955,BBQ
41524,4.8,6433,BBQ
1187,,0,Fast Food
13628,4.4,79,Korean
19381,,0,Sandwich
28961,4.1,445,Beverages
16567,4.0,279,Momos
41567,3.8,284,Biryani
3769,4.0,209,Chinese
14604,3.9,747,North Indian
11568,4.0,313,Vietnamese
2671,3.9,519,Vietnamese
3811,3.9,194,Vietnamese
4428,4.0,536,Vietnamese
25200,3.3,145,Vietnamese
41812,4.0,537,Vietnamese
22520,4.0,702,Vietnamese
11713,4.0,360,Vietnamese
42271,3.9,134,Vietnamese
4569,2.9,29,Thai
11219,2.8,94,Vietnamese
41834,4.1,444,Seafood
4006,4.3,7546,Finger Food
8082,4.0,280,North Indian
11794,4.3,331,Beverages
13677,4.2,589,Continental
16765,3.8,118,Asian
3300,,0,Rolls
12295,,0,Chinese
14822,3.3,59,Biryani
48262,3.5,15,Seafood
3488,4.1,198,Mangalorean
7058,4.1,466,Seafood
38990,3.7,56,Continental
4412,4.3,63,Mangalorean
9355,3.4,97,Seafood
14334,3.9,680,Seafood
22988,4.3,191,Jewish
42530,3.7,23,Fast Food
5818,,0,North Indian
14721,4.2,176,Steak
3266,4.3,1434,American
4825,3.8,30,South Indian
2365,3.6,42,Italian
3898,3.3,10,South Indian
22549,3.9,293,Chettinad
198,4.2,237,Continental
7075,3.6,19,Momos
5387,4.3,2563,Chinese
11954,3.6,41,Asian
14035,4.0,97,Steak
14087,3.0,59,Fast Food
5062,4.1,587,Chinese
8452,4.3,678,Thai
3333,,0,Chinese
13765,3.9,48,Beverages
4111,3.7,59,Chinese
6751,,0,Chinese
38552,3.4,11,Italian
68,4.0,507,Beverages
6133,3.5,9,Mangalorean
4486,4.0,44,Fast Food
1475,3.0,82,Street Food
3629,3.6,16,Chinese
10128,3.1,325,Street Food
19476,3.8,384,Biryani
4178,3.6,6,Kebab
20019,3.5,178,Kebab
4368,3.1,42,Kebab
7328,3.1,81,Momos
13833,,0,Coffee
1651,3.9,505,Street Food
5136,,0,Chinese
5644,,0,North Indian
782,3.7,36,Italian
203,3.8,361,Rajasthani
43163,2.8,68,Fast Food
5199,,0,South Indian
5789,3.7,173,Chinese
41638,4.0,58,Burger
40304,,0,Fast Food
39421,,0,Kebab
1265,4.3,1800,Fast Food
4209,,0,South Indian
14393,4.3,289,South Indian
2427,3.2,115,Biryani
1652,3.5,61,Chinese
11712,3.6,8,Chinese
4547,3.9,226,Continental
21811,3.9,367,Continental
3863,3.8,798,Continental
42081,4.3,2316,American
13969,4.0,209,Burger
1965,3.5,15,Biryani
18752,4.1,1341,North Indian
5029,3.8,61,Seafood
852,3.9,441,Biryani
2122,3.8,139,Beverages
40964,3.9,276,BBQ
16019,4.1,1453,Italian
11174,4.4,110,Asian
5546,4.4,345,Burger
1252,3.9,128,Juices
359,3.5,6,Biryani
1016,4.0,54,Malaysian
16251,,0,Beverages
1974,2.7,159,Chinese
3648,3.2,20,Biryani
28846,4.2,1534,Street Food
29388,,0,Chinese
2851,4.5,857,Continental
18555,4.4,1034,Continental
3592,4.4,632,Continental
39043,4.5,230,Continental
586,,0,Continental
10112,4.6,143,Continental
1518,4.5,1181,Continental
41161,3.6,10,Continental
22355,4.4,287,Continental
5768,4.0,128,Lebanese
41771,3.5,16,South Indian
39424,,0,Beverages
1235,3.4,35,Burger
270,,0,Continental
5362,3.5,435,Continental
17090,3.8,58,North Indian
11167,4.7,3197,Italian
14005,4.1,137,Continental
3627,4.1,617,North Indian
17627,4.0,391,Fast Food
2594,3.9,74,North Indian
50844,4.0,19,Pizza
5328,3.4,34,Biryani
41682,4.1,669,Beverages
1079,3.8,38,Chinese
3069,3.9,95,Chinese
1036,4.1,6875,Chinese
4064,3.6,113,Chinese
8336,4.0,88,Chinese
2878,4.0,2692,Chinese
7835,3.9,3831,Chinese
2406,,0,Chinese
26094,4.1,2402,Chinese
2595,4.1,1864,Chinese
13579,4.4,2090,Chinese
8453,4.0,3209,Chinese
3802,4.3,3178,Chinese
170,4.4,4884,Chinese
39066,4.0,601,Chinese
16976,3.5,156,Chinese
3712,3.8,2084,Chinese
23008,4.0,3128,Chinese
31600,3.9,144,Arabian
13627,4.2,8176,Chinese
16860,4.3,330,Cafe
815,4.2,64,Juices
1271,4.4,464,Sandwich
862,4.2,731,Healthy Food
15059,3.3,16,Chinese
6111,4.1,505,North Indian
3505,3.9,52,American
984,3.5,148,Biryani
1809,4.1,1063,BBQ
502,,0,Continental
10792,,0,Afghan
13047,2.6,43,South Indian
10886,3.9,261,Rolls
3522,3.9,132,BBQ
2828,3.7,53,BBQ
5060,3.8,72,Burger
3793,4.2,1964,Middle Eastern
2832,4.1,1272,North Indian
12139,4.4,2039,Italian
5221,4.4,383,Beverages
40795,4.5,523,North Indian
10407,3.8,88,Italian
11132,4.5,6348,Seafood
24401,2.9,12,Continental
22548,3.9,74,Asian
4571,3.7,182,Chinese
44098,,0,Juices
764,4.4,809,Desserts
21790,3.9,751,BBQ
8732,4.0,649,Fast Food
2942,3.4,12,Biryani
41897,3.0,28,North Indian
955,3.9,418,Biryani
922,3.5,9,Kebab
1807,3.9,62,Finger Food
6196,,0,Chinese
12429,,0,Healthy Food
13704,2.9,24,Chinese
5357,3.5,10,Burger
1581,3.4,5,Continental
3456,3.7,37,Fast Food
13654,,0,Continental
2838,3.5,8,Seafood
16726,3.5,185,South Indian
16683,4.9,2745,BBQ
42480,4.7,7154,BBQ
7475,3.8,82,Chinese
649,,0,North Indian
15388,,0,Desserts
38537,3.3,4,Street Food
46328,3.7,29,North Indian
6027,3.5,42,Biryani
22602,3.8,88,Arabian
40563,3.3,12,Biryani
808,4.3,1387,European
5019,3.0,88,Chinese
7650,2.6,56,Chinese
42703,2.8,48,Chinese
40471,3.4,10,Chinese
157,2.8,506,Burger
9213,,0,Burger
7025,2.9,54,Burger
240,,0,Burger
24183,3.7,48,Beverages
6317,3.4,5,Sandwich
1735,3.7,131,Biryani
42859,,0,Andhra
43381,3.7,17,Rolls
16615,4.1,210,Salad
4533,4.4,1146,Momos
7846,4.4,366,North Indian
22262,3.8,110,Desserts
2061,3.3,8,Rolls
20816,3.2,234,Chinese
17076,,0,Pizza
1338,4.1,137,Beverages
19814,3.4,372,Juices
274,3.9,627,North Indian
39864,,0,Burger
20767,3.0,546,North Indian
4253,3.3,628,North Indian
3618,3.2,113,North Indian
2852,3.6,531,North Indian
42674,2.8,132,North Indian
17760,3.2,835,North Indian
39056,3.3,535,North Indian
1524,3.9,582,North Indian
9073,3.8,377,North Indian
14286,3.8,1082,Salad
41599,4.0,702,Continental
17710,,0,Seafood
12335,,0,Momos
4391,3.2,16,Momos
2307,4.1,336,Italian
6936,3.2,4,Arabian
21589,,0,Chinese
40558,3.7,95,Sandwich
4871,3.2,144,Rolls
2833,3.1,7,Arabian
894,4.4,1710,Chinese
42315,4.5,2711,Chinese
766,4.3,1265,Salad
4162,4.1,836,Beverages
18805,4.2,794,Desserts
8681,4.4,1084,Desserts
3543,4.2,5308,Desserts
2798,4.0,777,Salad
296,3.6,163,Chinese
13906,4.3,371,Beverages
2817,3.8,37,Spanish
871,3.9,407,Seafood
9650,3.5,18,Kerala
2514,4.0,370,South Indian
19928,4.2,175,Chinese
8,3.5,12,South Indian
3165,4.1,732,Beverages
835,3.9,291,Italian
18490,3.8,424,North Indian
14411,3.8,259,Kerala
4068,4.3,2840,Cafe
111,3.4,6,South Indian
4221,3.9,715,Steak
7657,,0,Arabian
7995,4.1,564,Turkish
4915,3.9,88,Wraps
4807,2.5,321,Rolls
41503,4.1,637,European
24271,4.2,817,Italian
341,4.1,868,North Indian
3862,4.0,78,Beverages
2804,3.8,22,Fast Food
9121,4.5,2781,Chinese
1847,,0,Fast Food
2702,4.7,4678,Continental
11771,,0,Asian
18489,4.0,1413,Continental
19311,,0,Seafood
7374,4.0,2151,BBQ
51345,3.1,41,Thai
29102,3.6,54,Fast Food
8636,2.8,43,Italian
18407,4.2,69,Seafood
46144,3.5,137,Seafood
5742,3.8,117,Healthy Food
2051,,0,Beverages
3983,,0,Cafe
8183,3.6,16,Italian
22075,,0,Beverages
7936,4.6,1580,Beverages
3565,2.9,95,Fast Food
71,3.6,32,Arabian
42078,4.1,4767,Korean
39016,3.9,72,Italian
7929,3.4,8,Maharashtrian
17788,4.5,224,Thai
42889,3.9,308,Momos
5272,3.2,9,Seafood
1322,3.6,27,Biryani
9311,,0,North Indian
4299,3.8,207,Street Food
1114,3.3,5,Rolls
3401,3.5,83,Arabian
41737,3.6,6,Street Food
41522,3.7,62,Juices
41869,3.1,94,Kebab
9768,4.0,787,Kebab
2049,,0,Kerala
3988,3.9,222,Biryani
41752,3.5,79,Chinese
22117,,0,Juices
40396,3.6,59,South Indian
41523,3.8,328,Street Food
24222,3.7,49,Biryani
15126,3.7,257,Seafood
1391,,0,North Indian
41935,,0,Kerala
1537,3.9,340,North Indian
40159,3.8,201,Biryani
23506,3.4,8,North Indian
48245,3.6,121,South Indian
6053,,0,Kerala
5065,3.4,11,Andhra
17389,3.7,73,Biryani
17822,3.5,18,Biryani
11887,4.4,712,North Indian
3164,4.1,66,North Indian
48516,,0,Street Food
7800,,0,Italian
20788,,0,Italian
21316,,0,Momos
681,3.8,540,Chinese
13735,,0,Beverages
43164,3.8,60,Fast Food
3449,3.9,44,Burger
2267,4.1,93,Sandwich
917,4.1,466,Continental
2332,3.2,68,Desserts
8730,3.8,320,Biryani
9134,4.6,311,Seafood
43251,4.0,632,Bengali
1264,4.3,1463,Burger
7271,,0,Thai
22530,3.9,36,Pizza
16134,4.0,40,Asian
3934,4.1,1112,Hyderabadi
9092,3.7,21,North Indian
5219,3.3,12,Biryani
22610,4.0,268,Chinese
4054,4.0,717,Chinese
184,2.8,70,North Indian
2037,,0,Andhra
1631,3.8,237,Arabian
4081,3.4,33,North Indian
20919,4.0,593,Biryani
46274,3.4,6,Burger
4733,3.7,39,Pizza
1926,3.8,124,Desserts
4422,3.5,26,Seafood
281,3.3,13,Street Food
889,2.4,125,Biryani
3193,3.9,239,Kebab
724,3.7,264,Beverages
6735,2.9,238,Kebab
6433,3.6,241,Chettinad
14566,3.9,366,Kebab
17740,3.7,487,Arabian
3586,3.9,22,Burger
39837,4.3,2003,Biryani
16680,4.2,767,Biryani
22418,4.5,1228,South Indian
40837,4.4,2382,Biryani
23435,3.4,182,Biryani
1601,3.3,211,Beverages
2025,2.9,345,Momos
22776,3.3,4,Arabian
11817,,0,Asian
11121,4.3,2349,North Indian
5017,3.6,14,North Indian
2731,4.3,860,Salad
13887,4.3,766,Salad
16578,3.5,10,Beverages
21078,,0,Pizza
1185,2.9,7,Italian
7223,3.8,34,North Indian
14023,3.7,28,Fast Food
8517,3.9,310,Continental
51306,3.5,38,Chinese
1422,3.6,27,Beverages
41766,2.9,139,Biryani
42314,4.3,1042,Italian
17328,3.1,105,Biryani
7302,3.2,8,Biryani
16698,4.0,2807,Afghan
15305,4.1,1827,Continental
6104,3.7,31,Kerala
3082,4.0,138,Chinese
20442,3.7,17,Chinese
4315,3.8,210,Fast Food
1868,3.7,57,Fast Food
5135,,0,Juices
11858,3.9,281,North Indian
17669,4.0,220,Biryani
6895,,0,Rolls
1709,4.0,162,Fast Food
8388,3.7,311,Fast Food
301,4.1,1720,Fast Food
8101,2.9,317,Fast Food
4171,3.1,281,Fast Food
3893,3.7,66,Beverages
9297,3.8,228,Juices
9022,3.6,112,Chinese
42930,3.8,314,BBQ
1680,,0,Biryani
1778,,0,Fast Food
5178,,0,Biryani
1986,,0,Arabian
18609,,0,Biryani
40013,,0,Arabian
9461,3.1,570,North Indian
41636,3.6,73,South Indian
2007,3.7,50,North Indian
393,3.8,153,Andhra
4615,3.7,30,Street Food
46316,3.6,74,Street Food
2492,3.9,170,Biryani
13453,3.8,89,South Indian
1121,3.6,31,Desserts
6051,,0,Momos
7879,3.5,12,Ice Cream
2273,3.1,18,North Indian
1204,3.5,90,North Indian
4660,3.7,26,Chinese
2845,,0,Mangalorean
13914,4.5,674,Kerala
41723,3.9,363,Continental
16703,3.9,69,American
39946,3.4,38,Biryani
7210,4.0,138,Middle Eastern
185,3.4,82,Kebab
3654,3.5,137,South Indian
9044,3.9,302,Biryani
8340,4.0,213,Street Food
22726,3.9,47,Street Food
17665,4.1,1123,Street Food
2383,3.5,15,South Indian
41055,,0,Biryani
1596,4.2,189,Chinese
401,3.6,46,North Indian
14493,3.3,69,Oriya
21191,3.7,25,Biryani
43012,3.8,210,Rolls
4398,4.3,787,Asian
5747,,0,Thai
1754,3.9,224,Street Food
20799,,0,North Indian
8657,3.1,247,Street Food
4170,3.9,488,Street Food
39838,3.9,125,Chinese
17018,3.4,215,Street Food
3235,3.1,59,North Indian
3229,3.7,37,North Indian
11220,4.1,1786,Steak
4594,4.1,1120,Steak
15458,4.1,1473,Steak
28394,4.0,398,Steak
5846,,0,Rolls
8483,4.1,1022,South Indian
12243,3.9,155,South Indian
138,3.2,379,Biryani
4001,3.8,571,South Indian
2614,4.6,4650,Finger Food
14017,3.9,2322,Beverages
1758,4.3,3605,Mithai
163,4.2,1901,Beverages
4850,4.1,61,Sandwich
6992,3.8,1159,Chinese
834,3.8,473,Chinese
40407,3.7,856,Chinese
4683,3.8,1972,Chinese
17939,2.9,595,Chinese
13261,3.2,4,Street Food
40240,3.0,52,Biryani
41725,3.5,141,Chinese
1146,3.9,331,Beverages
4535,3.8,1166,North Indian
2697,2.8,261,North Indian
39033,4.1,184,North Indian
35191,4.1,309,Chinese
882,3.6,571,North Indian
7951,3.8,47,Beverages
15735,,0,Juices
20065,3.3,16,Sandwich
3677,3.8,68,Fast Food
6221,,0,Sandwich
46029,3.8,76,Fast Food
4769,3.5,9,Sandwich
42261,3.7,42,South Indian
40853,3.9,327,Italian
41541,4.0,49,Hyderabadi
46233,,0,Rolls
13766,4.3,1235,Burger
18350,3.9,328,North Indian
4532,4.0,162,Chinese
7911,3.5,53,Rolls
43647,3.9,92,Chinese
23377,3.4,122,Chinese
22132,3.8,104,Chinese
23058,,0,Chinese
39950,3.9,38,Rolls
12100,4.3,165,Fast Food
14372,4.2,1327,Fast Food
11280,4.3,1099,Desserts
19148,4.2,315,Fast Food
1644,4.1,417,Fast Food
18487,4.0,652,Salad
2853,4.3,285,Fast Food
23651,3.5,12,Momos
4959,3.2,4,Italian
3582,3.7,94,North Indian
23354,3.3,4,Tibetan
46208,4.3,252,Chinese
4894,3.8,202,Pizza
8713,4.3,786,Continental
22475,4.2,405,Juices
3383,3.6,82,North Indian
16572,3.9,346,Chinese
5106,3.8,20,Italian
16598,3.7,35,Continental
763,3.7,177,Italian
13541,4.3,3586,North Indian
14113,3.9,1717,Goan
375,2.9,84,North Indian
6898,3.4,9,Fast Food
4319,3.5,18,Rolls
23578,3.6,92,Kebab
3019,2.7,67,Kebab
6483,3.5,7,Kebab
17802,3.2,789,Kebab
9755,3.1,8,Chinese
1728,3.7,61,Chinese
43071,,0,North Indian
23860,,0,Coffee
954,3.6,98,Mughlai
3828,3.7,184,Mughlai
11688,4.1,860,Chinese
41679,3.9,291,Bakery
1346,4.0,1778,Juices
42389,3.5,14,Mughlai
2474,4.1,1541,Biryani
42734,3.0,8,South Indian
46658,,0,Chinese
5117,3.4,6,Chinese
9865,4.4,2560,BBQ
2643,3.9,62,Fast Food
1021,3.6,70,Andhra
1061,3.2,7,Desserts
2596,3.8,22,Beverages
41817,3.7,26,Seafood
915,3.8,242,Biryani
17820,3.9,666,Seafood
1272,4.5,546,Beverages
952,3.9,94,Beverages
28911,3.7,107,Beverages
4298,3.5,551,BBQ
2776,4.2,432,Greek
8487,3.6,14,Momos
43648,3.5,254,Fast Food
5366,3.2,4,Fast Food
1452,2.6,231,Biryani
4604,4.2,340,Pizza
43371,3.9,391,Biryani
1406,4.1,323,Beverages
48665,,0,Juices
83,3.2,11,Street Food
42165,4.0,151,Cafe
42758,3.3,8,Cafe
3984,,0,Continental
4669,3.6,91,Kerala
3891,3.9,214,Rolls
856,3.6,54,Continental
24945,3.9,375,Chinese
3486,4.4,7210,North Indian
2955,4.2,1751,Seafood
14059,4.3,2177,Seafood
3681,4.2,3334,North Indian
980,3.2,426,Mangalorean
42490,4.5,785,South Indian
3839,4.0,347,Mughlai
14084,4.0,134,Italian
1015,3.5,49,Italian
41979,3.3,9,Salad
42578,2.6,492,Biryani
22017,2.7,37,Biryani
5150,2.8,27,Street Food
27500,4.2,468,Italian
919,3.8,26,Asian
5093,3.9,1240,Mughlai
47803,4.4,266,Indonesian
3876,4.6,1219,Indonesian
4294,3.9,914,BBQ
7519,4.0,335,Rolls
4941,3.6,42,South Indian
90,3.4,7,Chinese
2890,,0,Tibetan
3436,4.2,271,Momos
21943,,0,North Indian
8407,3.6,10,South Indian
14937,4.3,3848,North Indian
4250,3.6,218,Kebab
40638,,0,Chinese
40923,2.9,225,Chinese
6450,2.6,74,Chinese
19477,2.8,1870,Chinese
3751,2.9,666,Chinese
964,3.1,1365,Chinese
2803,4.2,382,Burger
44241,4.2,383,Burger
35483,4.2,382,Burger
17911,3.7,27,North Indian
5907,3.9,186,Momos
13702,3.9,36,Pizza
2740,4.2,740,Burger
1447,3.9,247,Burger
5576,3.2,17,Biryani
4520,3.5,269,Momos
976,,0,Momos
16804,4.0,130,Fast Food
17348,3.7,133,Italian
3682,3.9,1233,Fast Food
9120,3.7,79,Fast Food
2167,4.1,888,Salad
45945,4.2,426,North Indian
130,3.6,62,European
2487,,0,Tea
7831,3.8,14,South Indian
11203,4.4,1213,Finger Food
1042,3.9,484,Biryani
41561,2.7,25,Biryani
80,3.8,155,Rolls
6064,2.6,75,Street Food
16164,3.9,82,Salad
16780,3.3,6,Chinese
317,,0,Biryani
419,3.9,200,Seafood
7417,3.1,7,Rolls
19577,3.6,195,Seafood
48417,4.0,930,Chinese
42648,4.2,1459,Chinese
15610,4.3,1079,Chinese
46169,4.2,1282,Chinese
15181,4.2,902,Chinese
7528,4.1,770,Chinese
6356,4.1,1000,Chinese
21955,4.1,737,Chinese
2960,3.4,13,North Indian
18367,3.6,535,North Indian
1968,,0,Ice Cream
41534,4.1,308,Salad
4257,4.1,1056,Pizza
40023,4.4,907,Asian
4700,4.4,2386,Asian
4703,3.5,79,Mangalorean
23400,,0,Seafood
3781,3.6,114,Rolls
41823,3.7,349,Chinese
41371,3.2,5,Momos
41852,3.3,6,Italian
41531,2.7,61,Beverages
39057,4.1,253,Mithai
958,3.8,523,North Indian
5160,3.6,11,South Indian
3373,3.6,68,Chinese
1860,3.7,128,South Indian
4160,3.5,23,Juices
41886,3.9,39,South Indian
1101,3.2,154,South Indian
4929,3.8,273,Steak
3733,3.9,368,Chinese
4902,3.7,43,Chinese
66,3.6,42,South Indian
8579,3.5,54,Rolls
4742,3.6,102,Rolls
23034,4.0,51,Street Food
7590,,0,South Indian
9438,,0,Kebab
11809,3.7,50,North Indian
1752,2.9,34,North Indian
173,3.6,143,North Indian
48446,3.2,123,North Indian
41,3.9,388,Andhra
46072,3.1,40,North Indian
5914,3.1,64,North Indian
9826,3.1,53,North Indian
48346,3.3,4,Street Food
5081,,0,Street Food
38656,3.1,11,Beverages
17500,2.8,118,Fast Food
2077,2.7,51,Street Food
18838,2.8,211,Street Food
25163,3.0,38,Street Food
41936,2.7,39,Beverages
42138,2.8,81,Street Food
41814,3.5,100,Street Food
20880,3.8,15,Street Food
1007,,0,Beverages
47008,3.5,293,Rolls
3228,3.8,376,Rolls
48808,3.3,8,Street Food
2194,3.6,36,Street Food
1649,3.8,70,Street Food
40377,3.7,39,North Indian
14763,2.9,21,North Indian
9097,,0,Biryani
6469,,0,Chinese
11428,3.8,196,American
29122,3.7,126,Italian
23962,3.2,17,South Indian
21149,,0,Fast Food
6978,2.6,33,Beverages
15194,4.0,89,Juices
1665,3.4,51,Beverages
38697,3.3,6,Seafood
1319,3.6,9,Juices
14901,,0,Biryani
3389,3.8,194,South Indian
4281,4.0,2112,Burger
41905,3.7,168,Continental
4014,4.3,336,Malaysian
25098,4.0,202,Street Food
1045,3.1,5,Kebab
41928,3.9,83,Mangalorean
4768,4.1,297,Desserts
7457,3.6,14,Continental
7422,,0,Asian
9316,,0,Tea
1364,,0,South Indian
43894,3.7,25,Beverages
19728,3.9,40,Italian
7322,3.8,213,Chinese
42663,3.7,88,North Indian
22947,4.5,418,Korean
5201,4.1,252,Afghan
883,3.3,511,Chinese
22547,3.7,214,Beverages
18751,3.9,539,Burger
1254,4.0,2729,Juices
24408,2.7,26,Chinese
1178,3.8,613,Chinese
4397,4.5,2062,BBQ
2305,4.3,1278,Thai
41782,2.6,166,Rolls
7414,4.4,1496,Mexican
3483,4.7,163,European
17538,3.9,1117,Salad
42725,,0,Mexican
4051,3.6,20,North Indian
918,4.0,1075,Italian
27481,3.9,144,Beverages
15932,3.2,41,Fast Food
4499,2.8,56,Fast Food
6641,2.9,16,Mangalorean
17530,2.8,93,Mangalorean
14647,4.0,224,Juices
21127,2.9,244,Chinese
40664,,0,Chinese
2573,3.1,89,Fast Food
4088,3.0,57,Momos
826,3.1,119,North Indian
3097,3.5,11,Street Food
209,3.6,42,North Indian
2861,,0,Chinese
3130,3.9,601,Chinese
24231,4.0,177,American
4396,,0,Biryani
23298,3.7,73,Momos
775,4.1,364,Chinese
49104,3.1,12,Street Food
4983,4.3,372,South Indian
41637,4.0,868,Cafe
40051,3.7,78,Biryani
1233,3.9,487,North Indian
2527,4.5,799,North Indian
462,,0,Street Food
20974,,0,Beverages
21073,3.6,27,Burger
4352,3.5,9,Bengali
17285,3.0,15,Beverages
25052,3.3,17,Beverages
42533,2.9,59,South Indian
934,3.5,32,Fast Food
16208,4.2,2020,Steak
13612,4.2,4422,Steak
18383,4.2,1651,Steak
48893,3.6,23,Finger Food
14465,3.9,521,Biryani
42014,4.0,165,Sandwich
39076,3.9,115,Sandwich
1654,4.0,145,Sandwich
5905,4.2,213,Sandwich
22791,4.1,71,Sandwich
16624,4.0,150,Sandwich
11487,4.0,221,Sandwich
12713,3.8,46,Sandwich
22249,3.8,221,Sandwich
39348,4.0,88,Sandwich
7859,3.9,188,Sandwich
2244,3.9,116,Sandwich
46066,4.1,322,Sandwich
3752,3.9,105,Sandwich
474,3.8,71,Sandwich
30143,4.2,195,Sandwich
2493,4.2,213,Sandwich
40729,4.0,17,Sandwich
14790,4.1,117,Tex-Mex
3598,4.3,2040,American
19737,3.1,111,Seafood
14508,3.9,456,Seafood
6050,3.1,166,Seafood
1906,2.8,297,Seafood
9423,4.1,1125,Mughlai
1993,3.9,160,Mughlai
3852,3.8,832,Mughlai
39825,,0,Mughlai
20878,3.6,11,Beverages
26272,,0,Rolls
15484,,0,Sandwich
42841,,0,South Indian
48892,4.0,407,Street Food
19176,,0,Desserts
23690,4.5,7862,Salad
2417,4.2,174,Salad
4041,3.5,116,Hyderabadi
11222,4.3,956,Chinese
178,3.6,25,North Indian
3896,3.3,200,Chinese
1815,3.9,211,Salad
46268,3.3,4,North Indian
19899,4.0,108,Finger Food
7261,3.2,4,Chinese
1813,3.9,233,Salad
41671,3.1,94,Biryani
2088,4.0,465,Street Food
2916,3.5,59,Continental
2256,3.7,27,Chinese
7442,3.9,61,Desserts
9128,3.7,19,Desserts
220,,0,Desserts
40394,,0,Desserts
19175,3.6,9,Desserts
21932,3.4,6,Continental
22555,4.1,172,Mexican
3945,3.9,225,Chinese
496,3.6,26,Kebab
35380,4.1,146,European
3554,,0,Coffee
5025,3.7,69,Biryani
5195,3.6,76,Biryani
19215,3.4,32,Biryani
231,4.0,804,Rolls
15403,3.6,216,Seafood
257,4.3,548,Kebab
768,,0,Mughlai
39978,4.4,1980,North Indian
5596,,0,Mughlai
21383,2.7,76,Biryani
4242,3.4,9,Biryani
3727,3.7,141,Chinese
3713,3.6,34,Chinese
5040,3.4,6,Chinese
17215,3.6,297,Rolls
23020,3.6,147,Rolls
18775,3.8,263,Chinese
857,4.3,385,Malaysian
6923,3.7,40,Momos
29435,2.7,61,Chinese
5469,3.5,24,Rolls
9360,4.0,624,Ice Cream
1181,3.5,43,Continental
1215,3.5,17,South Indian
18553,3.8,99,BBQ
9187,3.4,9,Kerala
12309,,0,Desserts
5736,3.7,33,Rolls
689,3.8,124,Rolls
4293,4.1,240,Fast Food
722,4.1,438,Fast Food
15511,4.2,216,Fast Food
4459,3.6,176,Momos
7754,,0,Chinese
4754,4.5,1877,Continental
35,3.6,8,Chinese
271,4.0,1047,Chinese
2192,3.8,307,Rolls
42701,4.0,223,Chinese
5960,,0,Hyderabadi
43258,3.4,57,Momos
20879,3.2,7,Biryani
45178,4.1,268,Street Food
42100,4.2,608,Street Food
275,3.7,217,Fast Food
6692,4.1,530,Street Food
46501,,0,Fast Food
50149,4.0,67,Fast Food
1632,4.0,262,Juices
3437,4.1,3020,Iranian
1088,4.1,464,Continental
1738,4.0,159,Seafood
39733,4.3,1499,North Indian
1395,3.8,577,Beverages
4411,3.7,24,Fast Food
1525,3.2,4,South Indian
1065,4.2,117,Arabian
11803,4.1,1372,Finger Food
23282,4.0,667,Mexican
3741,3.9,87,Street Food
778,3.2,167,Juices
12748,,0,Beverages
1751,4.0,137,Chinese
42321,4.3,813,Juices
9211,3.8,27,Healthy Food
7258,3.0,38,Seafood
5819,,0,Rolls
1734,4.1,442,Pizza
14162,4.4,186,Italian
32003,3.4,7,Continental
5128,4.0,153,Desserts
17803,4.0,239,Desserts
2338,4.0,326,Desserts
48543,,0,Continental
39400,3.3,19,Chinese
42263,4.1,432,Goan
23577,,0,Bengali
21810,3.3,5,Sandwich
42266,4.0,149,Chinese
3778,3.8,49,Street Food
1141,3.4,5,Biryani
3998,4.6,1193,Finger Food
4292,3.6,122,North Indian
2786,3.7,44,Pizza
17523,3.1,216,North Indian
2409,3.6,75,Seafood
35706,3.7,136,Street Food
38569,3.4,10,Street Food
48394,3.9,441,Rolls
4766,3.9,1227,Seafood
2023,3.9,467,Fast Food
23005,3.7,370,Beverages
3086,4.1,1447,Beverages
3978,2.9,827,Kerala
979,3.9,420,Fast Food
6340,,0,Pizza
41565,3.3,7,Burger
17239,4.6,545,Mexican
41896,4.6,514,North Indian
1429,4.0,349,South Indian
3286,4.1,298,Mangalorean
8505,4.3,334,Continental
2437,3.8,500,Seafood
1058,2.9,380,Seafood
4638,4.3,1101,Salad
29703,4.3,1108,Salad
17221,,0,Fast Food
12842,,0,Beverages
2586,3.5,221,Chinese
13574,4.4,256,North Indian
5658,3.0,20,North Indian
868,,0,Italian
7507,3.1,39,Charcoal Chicken
11265,4.4,1944,Chinese
18044,4.0,546,Chinese
2915,4.0,985,Chinese
10178,4.0,774,Chinese
9110,3.9,142,Chinese
42631,3.9,1994,Chinese
39826,3.9,770,Chinese
21183,,0,Charcoal Chicken
48440,3.8,74,Street Food
3115,4.1,205,Juices
960,3.7,159,Chinese
3969,3.6,39,Continental
22466,3.8,360,Italian
3613,4.1,391,Mughlai
5976,3.6,37,Desserts
12810,3.9,152,Street Food
40100,4.4,1313,Korean
1799,4.1,840,Juices
1489,3.2,7,Juices
41520,3.3,7,Seafood
20222,3.7,96,Street Food
46049,3.9,31,Chinese
1307,3.5,11,Fast Food
18369,3.2,9,North Indian
751,3.1,68,Rolls
18235,4.5,2949,Thai
1022,3.8,514,Biryani
575,3.5,17,Chinese
18659,4.0,510,South Indian
11197,4.5,1932,Modern Indian
5456,3.9,681,Biryani
4317,3.6,44,Burger
5820,3.3,11,Chinese
43775,,0,Fast Food
2718,4.3,570,Burger
807,4.0,537,Italian
13974,4.2,1418,North Indian
12645,3.4,33,Mangalorean
7104,3.7,42,Seafood
48878,3.9,96,North Indian
1657,4.1,364,Street Food
38,4.2,504,Momos
7975,4.0,128,American
39041,4.2,1440,American
13925,4.0,399,American
8683,4.3,3547,American
1341,4.2,1692,American
2755,4.1,1852,American
4640,4.0,1205,Burger
46219,,0,Beverages
11845,4.0,1382,Italian
4935,3.3,4,BBQ
40242,3.6,171,BBQ
24904,2.8,100,Steak
4187,3.8,94,Italian
14599,4.6,5421,Salad
3429,4.6,2496,Salad
13324,,0,Chinese
46193,3.9,263,Chinese
12226,4.3,524,Steak
14062,4.4,282,Finger Food
23726,4.4,4090,Chinese
15093,3.8,217,North Indian
1063,3.6,18,Biryani
528,3.7,266,Italian
1453,3.4,102,Beverages
16349,3.3,6,Chinese
20180,4.0,121,Andhra
40628,2.6,382,Andhra
13615,4.1,1224,Sri Lankan
2812,3.8,190,North Indian
4512,3.2,97,North Indian
18578,3.3,4,Fast Food
487,3.4,8,Fast Food
1080,3.9,165,Biryani
35219,3.8,88,Asian
5429,3.2,59,Continental
7900,3.0,74,Fast Food
22471,3.9,321,North Indian
9067,,0,Beverages
16161,3.2,4,Biryani
21045,3.7,95,Biryani
21377,2.7,39,Mughlai
7672,,0,Biryani
6876,3.4,186,Street Food
22207,3.5,54,North Indian
23565,3.7,161,Street Food
40441,3.5,20,Street Food
23496,,0,Street Food
1764,3.7,40,Fast Food
19887,3.1,54,Street Food
20145,3.6,64,Chinese
4094,3.5,234,Street Food
6863,,0,Street Food
3289,3.7,27,Street Food
39871,3.8,88,Fast Food
16036,,0,Bengali
43285,3.5,11,Fast Food
676,4.1,175,Beverages
17625,,0,Beverages
14199,4.2,770,Beverages
39881,3.8,16,Beverages
3899,3.1,226,Beverages
1995,4.0,64,Beverages
47639,4.0,141,Beverages
40910,3.9,160,Beverages
1171,4.0,98,Chinese
4970,,0,Hyderabadi
13652,3.6,592,North Indian
4453,3.9,661,Street Food
29,3.8,148,Fast Food
14188,4.3,687,Asian
19028,,0,Chinese
10928,3.6,30,Burger
1959,3.7,0,Bakery
18827,4.3,544,Burger
3560,4.3,556,Burger
13861,4.5,2687,Burger
1266,4.5,2594,Burger
4232,4.2,2192,North Indian
16239,,0,Fast Food
3506,3.7,15,Cafe
8204,,0,Andhra
2028,3.8,177,Healthy Food
3253,3.8,473,Street Food
2064,3.8,155,Street Food
23081,2.7,182,Beverages
42179,3.7,89,Street Food
38738,3.8,54,Desserts
5666,3.8,499,Desserts
11998,4.1,1327,Continental
46717,,0,Continental
2414,3.0,13,Bakery
7816,,0,Desserts
23273,,0,Biryani
29501,,0,Hyderabadi
40313,3.1,8,Biryani
4722,,0,South Indian
508,,0,Chinese
41911,2.5,60,Mangalorean
14518,3.6,51,Biryani
2201,,0,Biryani
41913,3.5,15,North Indian
1526,4.1,783,Street Food
38734,,0,Beverages
15926,,0,Japanese
41815,3.4,589,Biryani
5558,3.9,218,Biryani
5180,3.7,291,Biryani
15771,3.8,113,Desserts
4021,4.1,402,Chinese
15086,,0,Thai
41865,3.7,101,Malaysian
4967,4.0,181,Hyderabadi
5547,,0,Beverages
5267,4.1,1003,Rolls
820,3.0,290,Kebab
985,4.0,0,Asian
15214,3.5,124,Desserts
4329,,0,Kebab
4644,4.1,322,North Indian
23610,,0,Kebab
41480,2.9,6,Mughlai
20790,,0,Biryani
253,3.1,245,Rolls
21312,,0,Street Food
35831,3.7,98,Beverages
10887,3.1,131,Rolls
22220,3.4,12,North Indian
16799,3.8,168,Juices
51422,3.2,41,Beverages
11772,4.7,6745,North Indian
43507,4.4,619,North Indian
13927,4.1,1141,Italian
1328,4.3,633,Italian
7907,4.2,859,Mediterranean
23297,4.1,98,Beverages
22447,4.4,203,BBQ
11478,3.9,122,Momos
7204,3.9,1337,Steak
40591,3.5,21,North Indian
1998,3.6,382,North Indian
41490,3.8,462,North Indian
215,3.1,509,North Indian
5154,,0,North Indian
2951,3.9,418,North Indian
3864,3.4,692,North Indian
904,3.8,571,North Indian
18260,3.0,530,North Indian
27892,3.9,420,North Indian
5503,3.1,100,European
9933,3.8,273,Biryani
41578,4.5,785,Japanese
12177,4.1,473,Continental
13937,4.3,606,Finger Food
851,2.6,329,Biryani
4193,4.2,1168,Burger
40173,4.1,673,Italian
45970,3.9,523,Continental
13084,4.1,117,South Indian
23629,4.3,576,BBQ
762,4.7,544,Chinese
5910,4.4,76,Mughlai
3477,4.8,7023,BBQ
18245,4.3,4187,Finger Food
24685,3.6,34,Bengali
9166,,0,Mangalorean
19520,3.1,16,Grill
7758,,0,Italian
4543,4.4,223,Beverages
10278,3.2,4,Bakery
1348,4.2,223,Beverages
13749,3.3,4,Seafood
14171,3.8,135,Beverages
22237,4.1,399,Beverages
8016,3.9,205,Desserts
5403,,0,Kebab
4783,4.2,1031,North Indian
69,4.2,164,Italian
20590,3.6,197,Biryani
1219,3.7,74,Pizza
46053,4.3,3077,North Indian
1184,3.6,399,Bengali
6294,3.8,20,Burger
18416,4.1,1739,Asian
14705,4.6,3760,Malaysian
3435,4.4,4099,Continental
23692,4.3,223,North Indian
21838,3.2,7,Biryani
8619,4.0,24,Burger
6801,4.0,176,Pizza
9830,,0,Chinese
42478,4.8,3932,Italian
968,4.4,201,Italian
36369,3.6,70,Continental
38519,3.2,13,Biryani
21941,4.0,178,Steak
4332,4.1,765,Steak
1072,2.8,80,North Indian
3481,4.3,994,North Indian
38988,4.3,854,South Indian
13656,4.0,115,European
5316,3.9,36,Italian
17188,2.8,64,Chinese
42529,,0,Beverages
19881,2.8,20,Chinese
41743,,0,Beverages
147,3.9,888,Fast Food
22448,4.2,1196,Salad
23658,4.0,1408,BBQ
3892,,0,Beverages
18287,4.4,542,South Indian
4622,3.6,18,Chinese
3955,4.3,220,Desserts
7095,,0,South Indian
4052,4.2,2924,Continental
4321,4.2,2273,Asian
40801,4.5,2745,North Indian
13675,2.9,319,Mughlai
4651,3.5,239,Kerala
1084,2.7,43,Chinese
4602,2.9,32,Chinese
3996,3.7,404,Street Food
2304,3.9,163,Street Food
51647,3.8,26,Street Food
4637,4.1,1318,Chinese
809,4.2,1137,Chinese
3154,3.7,483,Salad
11119,4.5,2540,American
23468,3.7,100,Continental
2775,3.7,66,Pizza
1882,3.7,124,Seafood
7540,4.3,760,Italian
41630,3.7,16,Beverages
3539,3.9,60,Beverages
4216,4.0,1913,Burmese
40259,3.7,51,Biryani
11175,4.6,866,North Indian
18646,,0,Thai
79,3.7,133,North Indian
3874,,0,Chinese
18389,4.0,726,Chinese
17617,4.0,167,Beverages
5041,3.9,46,Coffee
8673,4.0,1701,Desserts
8041,3.9,56,Beverages
3040,4.1,270,Fast Food
40119,4.2,221,Fast Food
4774,3.4,7,Fast Food
26597,4.4,2075,Pizza
4907,4.2,1208,Beverages
1241,4.1,60,Beverages
3632,3.3,294,Biryani
5120,,0,South Indian
15211,3.6,179,Rolls
1333,,0,Italian
2490,4.3,245,Momos
11691,4.1,1235,Chinese
5105,4.4,3667,Malaysian
17993,,0,Italian
790,4.2,882,Chinese
5615,,0,North Indian
18271,4.4,2993,Mexican
3438,4.4,2182,Mexican
3871,3.8,54,Continental
6166,3.5,13,Rolls
40834,4.3,654,Salad
115,3.8,74,South Indian
14092,4.4,189,Italian
8620,4.2,618,Pizza
9981,4.2,70,Coffee
13767,4.6,1308,Steak
8669,4.5,3568,Steak
1242,4.7,14654,Steak
22405,4.5,1181,Steak
45948,4.7,3912,Steak
1790,3.0,58,Rolls
3804,3.1,19,Continental
932,4.1,163,Momos
6345,3.4,5,Street Food
260,3.6,9,Arabian
10268,3.3,5,Arabian
8080,3.6,17,Chinese
18448,3.5,10,Kebab
42945,3.2,13,Kebab
14598,3.3,12,Kebab
24913,3.1,14,Kebab
4906,3.4,9,Kebab
4092,3.5,5,Kebab
21061,3.6,13,Kebab
41747,3.3,13,Kebab
3296,3.2,9,Kebab
44353,3.2,10,Kebab
36200,3.2,10,Kebab
39913,3.6,12,Street Food
41906,3.0,44,Street Food
8929,3.7,446,Street Food
3630,3.8,240,Street Food
884,3.9,57,Street Food
39118,3.8,40,Desserts
1398,4.2,60,Street Food
46012,3.7,15,Street Food
3380,2.9,42,Fast Food
3051,3.3,13,Street Food
679,3.8,58,Juices
1131,2.9,177,Andhra
754,3.9,40,Fast Food
3077,,0,Seafood
2741,3.9,462,Steak
44226,3.9,464,Steak
36277,3.9,464,Steak
9123,,0,Biryani
8440,3.6,23,South Indian
1405,3.9,124,Italian
4343,4.1,481,Chinese
369,,0,Biryani
41780,2.3,178,Street Food
11779,4.6,766,Finger Food
45217,3.8,86,Street Food
7170,2.3,291,Street Food
44789,2.5,301,Street Food
2900,3.8,265,Street Food
12623,3.0,53,Street Food
31229,2.8,289,Street Food
8955,3.7,532,Street Food
15427,3.7,58,Street Food
48324,3.8,36,Mexican
175,2.8,5,Biryani
9780,,0,Continental
8189,3.6,40,North Indian
5182,4.2,1617,Pizza
51212,4.6,142,Pizza
4474,3.2,4,Sandwich
11397,4.1,523,Thai
4485,,0,Fast Food
39879,3.8,36,North Indian
3484,3.9,1225,Maharashtrian
1029,4.1,2456,South Indian
13347,,0,Chinese
434,3.0,46,Seafood
17353,3.5,338,North Indian
4025,3.7,46,Sandwich
19876,4.1,360,Pizza
2039,4.2,2115,Desserts
4542,3.9,205,Desserts
13348,,0,Biryani
43407,3.7,132,Mithai
6867,,0,Street Food
1383,4.1,172,Juices
43378,3.3,72,Seafood
303,,0,North Indian
4782,4.0,36,Ice Cream
1403,4.0,41,Beverages
3528,4.0,85,Beverages
1793,3.4,83,Beverages
287,4.2,354,Japanese
22467,4.0,662,Italian
38437,4.1,493,Continental
48025,,0,Continental
4984,4.1,1774,Italian
4365,3.9,231,Rolls
3519,3.9,45,Beverages
40106,4.1,2773,Finger Food
26787,4.5,42,Italian
7909,3.3,4,Chinese
1683,4.3,1587,Thai
22546,4.1,223,Seafood
4355,4.1,461,Pizza
1494,2.7,85,Beverages
128,3.7,180,Beverages
11924,4.1,1053,American
24215,3.6,38,Beverages
2839,3.6,20,Beverages
10659,2.8,34,Beverages
5839,,0,Beverages
4316,3.5,17,Beverages
20113,3.5,15,Beverages
2188,,0,Seafood
7440,,0,Steak
8938,,0,Italian
42654,3.8,53,Lebanese
20471,4.0,427,Italian
13897,4.6,2339,Tea
23018,3.6,104,Steak
8629,3.6,7,Steak
13986,4.0,339,Steak
18565,4.7,231,Thai
4340,4.1,99,Healthy Food
46297,,0,Oriya
8012,,0,Street Food
39392,3.0,24,Kerala
2788,3.6,44,Tibetan
4225,3.0,111,Biryani
14472,4.2,2015,North Indian
3820,4.1,1538,North Indian
1189,,0,Beverages
22419,4.4,347,Andhra
25120,4.3,53,Andhra
14195,,0,Arabian
2384,4.4,351,Sandwich
7906,4.4,788,Sandwich
5516,3.1,320,Rolls
10152,2.8,178,Rolls
3050,3.8,214,Rolls
4484,2.6,155,Rolls
19678,3.6,89,Rolls
21705,,0,Ice Cream
16729,3.6,62,North Indian
2622,3.8,91,Continental
3561,4.3,894,Burger
41920,3.7,33,Chinese
4577,,0,Beverages
6961,4.3,597,Vietnamese
42732,3.1,11,South Indian
22576,3.7,209,Chinese
13707,4.0,419,Arabian
2928,3.6,16,Coffee
36468,3.5,58,Continental
1263,4.4,2859,Beverages
41828,3.5,46,South Indian
4037,3.0,566,Fast Food
24677,2.7,194,Fast Food
9268,3.8,685,Fast Food
41701,3.5,78,Fast Food
31626,2.7,249,Fast Food
7351,3.6,42,Fast Food
22580,3.6,244,Fast Food
42111,2.7,82,Fast Food
46125,3.0,50,Fast Food
21347,3.1,352,Fast Food
11208,2.8,484,Fast Food
16222,2.9,22,Fast Food
40914,2.5,544,Fast Food
956,3.6,213,Fast Food
48397,2.9,96,Fast Food
17497,2.8,210,Fast Food
3002,3.5,735,Seafood
4163,3.9,370,Kebab
3095,3.6,113,Rolls
3151,3.9,169,Seafood
4113,3.6,208,Seafood
18193,3.6,118,Seafood
8593,3.6,133,Seafood
20787,,0,Seafood
39829,3.9,52,Seafood
4932,,0,Momos
22614,3.8,140,Pizza
17801,3.8,107,Chinese
1792,3.1,4,Biryani
5728,,0,Beverages
24451,,0,Biryani
21957,3.9,121,Rolls
21033,3.9,236,Biryani
5526,2.9,90,Chinese
18229,4.1,177,Asian
7592,,0,BBQ
9222,,0,BBQ
19421,,0,BBQ
224,,0,BBQ
40473,,0,BBQ
7539,4.1,237,Korean
1098,3.6,116,North Indian
4509,2.8,95,Kerala
46177,3.9,123,North Indian
3853,4.0,903,North Indian
1323,2.8,48,Desserts
4755,4.2,532,Nepalese
2821,4.0,44,Desserts
3482,4.3,1303,Bengali
1020,3.4,173,Chinese
4440,3.7,65,BBQ
3683,3.8,188,BBQ
13422,3.7,83,BBQ
8444,4.4,1065,Kebab
48116,4.5,1282,Kebab
40793,4.4,2131,Kebab
22404,4.2,1132,Kebab
16722,3.8,32,Kebab
13538,4.7,7152,Kebab
1025,4.7,3852,Kebab
7896,4.7,3614,Kebab
787,4.3,1147,Kebab
42494,4.3,1074,Kebab
18650,4.3,176,Salad
4461,4.0,869,Kebab
17354,,0,Beverages
19332,3.4,6,Sandwich
10660,4.3,392,Continental
8709,4.3,521,Italian
4918,4.1,125,North Indian
5494,3.7,20,North Indian
29346,,0,Healthy Food
20619,3.4,7,Thai
912,4.7,6876,Asian
11111,,0,BBQ
4677,4.1,292,Kebab
41956,,0,Kebab
4151,3.8,70,Chinese
267,4.0,618,South Indian
1761,,0,South Indian
17066,4.4,150,Desserts
40254,3.9,119,Fast Food
16859,4.5,733,Burger
990,4.2,1721,Desserts
18447,4.0,1623,Salad
16034,4.3,700,North Indian
9109,,0,Seafood
2092,4.1,970,Asian
3843,3.6,10,Fast Food
22403,4.4,2329,Italian
3970,2.7,48,Finger Food
4212,4.2,1142,Mexican
5078,4.4,3870,Finger Food
2115,4.0,191,Beverages
989,4.5,3125,Salad
1869,3.0,213,Seafood
5457,4.2,1347,Beverages
4056,4.9,16345,Finger Food
8738,4.1,114,Pizza
29133,4.1,115,Pizza
36029,4.1,117,Pizza
836,4.1,354,Mexican
48136,3.7,239,Desserts
13624,4.3,1651,French
8682,4.1,563,Cafe
1462,3.7,132,Desserts
1464,3.3,14,Desserts
3567,4.1,719,Beverages
14046,4.6,1423,Salad
6960,4.2,170,Chettinad
103,3.9,133,Momos
10193,3.9,46,Ice Cream
16986,3.7,38,Mangalorean
4400,4.0,55,Rolls
17860,4.2,334,Desserts
23744,,0,Bar Food
24473,2.9,36,Cafe
39808,3.8,124,Pizza
573,3.8,101,Cafe
3408,3.9,204,Bakery
3510,3.6,136,Cafe
16955,3.5,32,Pizza
39989,4.6,4955,Mexican
41524,4.8,6433,Mexican
28961,4.1,445,Desserts
4006,4.3,7546,Momos
8082,4.0,280,Steak
11794,4.3,331,Pizza
13677,4.2,589,Mediterranean
12295,,0,North Indian
3488,4.1,198,Chinese
38990,3.7,56,Mangalorean
4412,4.3,63,Konkan
22988,4.3,191,Sandwich
3266,4.3,1434,BBQ
198,4.2,237,Italian
11954,3.6,41,Thai
14035,4.0,97,Italian
14087,3.0,59,Burger
3333,,0,Italian
13765,3.9,48,Desserts
6133,3.5,9,Chinese
5136,,0,Fast Food
41638,4.0,58,Sandwich
39421,,0,North Indian
1265,4.3,1800,Steak
42081,4.3,2316,North Indian
13969,4.0,209,Beverages
18752,4.1,1341,Chinese
5546,4.4,345,Pizza
1974,2.7,159,Beverages
3648,3.2,20,Mexican
28846,4.2,1534,Desserts
29388,,0,Continental
2851,4.5,857,Sandwich
18555,4.4,1034,Sandwich
3592,4.4,632,Sandwich
39043,4.5,230,Desserts
586,,0,Sandwich
10112,4.6,143,Sandwich
1518,4.5,1181,Sandwich
41161,3.6,10,Desserts
22355,4.4,287,Sandwich
5768,4.0,128,Mediterranean
1235,3.4,35,North Indian
17090,3.8,58,Beverages
11167,4.7,3197,North Indian
14005,4.1,137,Healthy Food
3627,4.1,617,Seafood
2594,3.9,74,Kerala
5328,3.4,34,Seafood
1079,3.8,38,Continental
3069,3.9,95,North Indian
4064,3.6,113,North Indian
8336,4.0,88,North Indian
2406,,0,North Indian
16976,3.5,156,North Indian
31600,3.9,144,North Indian
815,4.2,64,Burger
1271,4.4,464,Pizza
862,4.2,731,Desserts
15059,3.3,16,Mughlai
6111,4.1,505,Burger
3505,3.9,52,Chinese
502,,0,Arabian
13047,2.6,43,Beverages
3793,4.2,1964,Fast Food
2832,4.1,1272,Chinese
12139,4.4,2039,Pizza
10407,3.8,88,North Indian
11132,4.5,6348,Salad
22548,3.9,74,Thai
4571,3.7,182,Fast Food
44098,,0,Beverages
764,4.4,809,Italian
21790,3.9,751,Salad
15388,,0,North Indian
808,4.3,1387,Seafood
5019,3.0,88,Sandwich
7650,2.6,56,Sandwich
42703,2.8,48,Sandwich
6317,3.4,5,Rolls
43381,3.7,17,Tea
2061,3.3,8,Beverages
17076,,0,Sandwich
1338,4.1,137,Desserts
274,3.9,627,Continental
39864,,0,Biryani
20767,3.0,546,Continental
4253,3.3,628,Continental
3618,3.2,113,Continental
2852,3.6,531,Continental
42674,2.8,132,Continental
17760,3.2,835,Continental
39056,3.3,535,Continental
1524,3.9,582,Continental
9073,3.8,377,Continental
14286,3.8,1082,American
41599,4.0,702,Mexican
2307,4.1,336,North Indian
4162,4.1,836,Desserts
296,3.6,163,Biryani
13906,4.3,371,Cafe
2817,3.8,37,Bakery
9650,3.5,18,Seafood
3165,4.1,732,Mediterranean
835,3.9,291,Desserts
4068,4.3,2840,Asian
7657,,0,Fast Food
7995,4.1,564,Fast Food
4915,3.9,88,Rolls
4807,2.5,321,Juices
41503,4.1,637,Steak
341,4.1,868,Chinese
3862,4.0,78,Juices
2702,4.7,4678,Cafe
18489,4.0,1413,Steak
7374,4.0,2151,Salad
18407,4.2,69,Spanish
2051,,0,Juices
3983,,0,Healthy Food
7929,3.4,8,North Indian
41523,3.8,328,Juices
41935,,0,North Indian
20788,,0,Asian
2332,3.2,68,Beverages
22530,3.9,36,Beverages
16134,4.0,40,Chinese
22610,4.0,268,South Indian
4054,4.0,717,South Indian
2037,,0,Beverages
46274,3.4,6,Desserts
4733,3.7,39,Sandwich
889,2.4,125,Fast Food
3193,3.9,239,Juices
6735,2.9,238,Juices
6433,3.6,241,Chinese
14566,3.9,366,Juices
3586,3.9,22,Beverages
39837,4.3,2003,Seafood
16680,4.2,767,Seafood
22418,4.5,1228,Beverages
40837,4.4,2382,Seafood
22776,3.3,4,North Indian
11817,,0,North Indian
5017,3.6,14,Chinese
2731,4.3,860,Momos
13887,4.3,766,Momos
21078,,0,Burger
1185,2.9,7,Beverages
7223,3.8,34,Fast Food
42314,4.3,1042,Japanese
7302,3.2,8,Chinese
6104,3.7,31,Juices
11858,3.9,281,Italian
17669,4.0,220,Beverages
1709,4.0,162,Beverages
42930,3.8,314,Middle Eastern
1680,,0,Rolls
5178,,0,Charcoal Chicken
1986,,0,Charcoal Chicken
18609,,0,Charcoal Chicken
393,3.8,153,Biryani
1121,3.6,31,Juices
7879,3.5,12,Mithai
1204,3.5,90,Chinese
16703,3.9,69,Asian
7210,4.0,138,Grill
8340,4.0,213,Mithai
22726,3.9,47,Mithai
17665,4.1,1123,Mithai
2383,3.5,15,North Indian
1596,4.2,189,Beverages
21191,3.7,25,Beverages
5747,,0,American
1754,3.9,224,North Indian
8657,3.1,247,North Indian
4170,3.9,488,North Indian
17018,3.4,215,North Indian
8483,4.1,1022,Street Food
1758,4.3,3605,Rajasthani
40240,3.0,52,Beverages
4535,3.8,1166,Chinese
35191,4.1,309,South Indian
15735,,0,Tea
20065,3.3,16,Fast Food
3677,3.8,68,Sandwich
13766,4.3,1235,Desserts
18350,3.9,328,BBQ
23377,3.4,122,Beverages
23058,,0,Fast Food
39950,3.9,38,Sandwich
12100,4.3,165,Salad
14372,4.2,1327,Salad
11280,4.3,1099,Healthy Food
19148,4.2,315,Salad
1644,4.1,417,Salad
18487,4.0,652,Healthy Food
2853,4.3,285,Salad
4959,3.2,4,Chinese
3582,3.7,94,Chinese
8713,4.3,786,Beverages
22475,4.2,405,Mexican
3383,3.6,82,Kerala
763,3.7,177,North Indian
13541,4.3,3586,Burger
14113,3.9,1717,Burger
23578,3.6,92,Fast Food
3019,2.7,67,Fast Food
6483,3.5,7,Fast Food
17802,3.2,789,Fast Food
9755,3.1,8,Andhra
1728,3.7,61,Andhra
43071,,0,Seafood
23860,,0,Rolls
3828,3.7,184,Rolls
41679,3.9,291,Desserts
2474,4.1,1541,Juices
9865,4.4,2560,Momos
1021,3.6,70,Biryani
2596,3.8,22,Nepalese
41817,3.7,26,South Indian
952,3.9,94,Italian
2776,4.2,432,Beverages
1452,2.6,231,Kebab
4604,4.2,340,European
42165,4.0,151,Desserts
42758,3.3,8,Desserts
3984,,0,Healthy Food
3891,3.9,214,Beverages
3839,4.0,347,Seafood
5150,2.8,27,Juices
27500,4.2,468,European
5093,3.9,1240,Salad
47803,4.4,266,Malaysian
3876,4.6,1219,Malaysian
21943,,0,Desserts
40923,2.9,225,Seafood
6450,2.6,74,Biryani
19477,2.8,1870,Seafood
3751,2.9,666,Biryani
964,3.1,1365,BBQ
2803,4.2,382,Finger Food
44241,4.2,383,Finger Food
35483,4.2,382,Finger Food
5576,3.2,17,Seafood
16804,4.0,130,Beverages
3682,3.9,1233,Mithai
9120,3.7,79,Mithai
2167,4.1,888,Healthy Food
11203,4.4,1213,Continental
7417,3.1,7,Kebab
19577,3.6,195,Biryani
2960,3.4,13,Chinese
18367,3.6,535,Biryani
40023,4.4,907,Chinese
4700,4.4,2386,Chinese
4703,3.5,79,Seafood
41823,3.7,349,Kebab
41852,3.3,6,South Indian
5160,3.6,11,Biryani
4160,3.5,23,Sandwich
17500,2.8,118,Beverages
1007,,0,Fast Food
3228,3.8,376,Juices
29122,3.7,126,North Indian
4281,4.0,2112,Pizza
4014,4.3,336,Thai
7422,,0,Healthy Food
42663,3.7,88,Chinese
22947,4.5,418,Malaysian
883,3.3,511,North Indian
18751,3.9,539,Pizza
41782,2.6,166,Juices
3483,4.7,163,Continental
17538,3.9,1117,Beverages
21127,2.9,244,Fast Food
40664,,0,Fast Food
209,3.6,42,Momos
2861,,0,Street Food
41637,4.0,868,Steak
1233,3.9,487,Chinese
3598,4.3,2040,Burger
15484,,0,Italian
2417,4.2,174,Burger
1815,3.9,211,Healthy Food
3554,,0,Desserts
39978,4.4,1980,Asian
21383,2.7,76,Andhra
17215,3.6,297,Momos
18775,3.8,263,North Indian
29435,2.7,61,Fast Food
4293,4.1,240,Sandwich
722,4.1,438,Sandwich
15511,4.2,216,Sandwich
4754,4.5,1877,Mangalorean
271,4.0,1047,Momos
5960,,0,Arabian
42100,4.2,608,Fast Food
275,3.7,217,Juices
6692,4.1,530,Desserts
1088,4.1,464,Chinese
39733,4.3,1499,South Indian
23282,4.0,667,Italian
32003,3.4,7,Italian
42263,4.1,432,Seafood
4292,3.6,122,Andhra
17523,3.1,216,Biryani
35706,3.7,136,Beverages
38569,3.4,10,Fast Food
4766,3.9,1227,Biryani
3978,2.9,827,Seafood
17239,4.6,545,BBQ
41896,4.6,514,Chinese
1429,4.0,349,North Indian
3286,4.1,298,Seafood
2437,3.8,500,Kerala
1058,2.9,380,Kerala
48440,3.8,74,Beverages
3613,4.1,391,Steak
40100,4.4,1313,Chinese
1799,4.1,840,Ice Cream
46049,3.9,31,Street Food
18369,3.2,9,Arabian
751,3.1,68,Chinese
1022,3.8,514,Desserts
11197,4.5,1932,Pizza
5456,3.9,681,Mangalorean
4317,3.6,44,Beverages
2718,4.3,570,Beverages
7104,3.7,42,Salad
48878,3.9,96,Finger Food
1657,4.1,364,Rolls
38,4.2,504,Beverages
7975,4.0,128,Steak
39041,4.2,1440,Steak
13925,4.0,399,Steak
8683,4.3,3547,Steak
1341,4.2,1692,Steak
2755,4.1,1852,Steak
4640,4.0,1205,Pizza
11845,4.0,1382,BBQ
4935,3.3,4,Steak
4187,3.8,94,BBQ
14599,4.6,5421,Juices
3429,4.6,2496,Juices
46193,3.9,263,Momos
12226,4.3,524,Momos
23726,4.4,4090,Finger Food
15093,3.8,217,Seafood
528,3.7,266,Continental
2812,3.8,190,Street Food
4512,3.2,97,Street Food
18578,3.3,4,Sandwich
7900,3.0,74,North Indian
6876,3.4,186,Beverages
20145,3.6,64,Beverages
4094,3.5,234,Juices
3289,3.7,27,Juices
16036,,0,Street Food
13652,3.6,592,Pizza
14188,4.3,687,Momos
10928,3.6,30,Pizza
1959,3.7,0,Arabian
18827,4.3,544,Desserts
3560,4.3,556,Desserts
13861,4.5,2687,Desserts
1266,4.5,2594,Desserts
8204,,0,Fast Food
38738,3.8,54,Street Food
2414,3.0,13,Juices
7816,,0,Fast Food
23273,,0,Kebab
41913,3.5,15,Mangalorean
15926,,0,Mexican
15086,,0,Sushi
985,4.0,0,Bakery
15214,3.5,124,Italian
4329,,0,Biryani
4644,4.1,322,South Indian
41480,2.9,6,Chinese
21312,,0,Mithai
22220,3.4,12,Rolls
13927,4.1,1141,North Indian
1328,4.3,633,Desserts
7907,4.2,859,Italian
40591,3.5,21,Chinese
1998,3.6,382,Chinese
41490,3.8,462,Chinese
215,3.1,509,Chinese
5154,,0,Chinese
2951,3.9,418,Chinese
3864,3.4,692,Chinese
904,3.8,571,Chinese
18260,3.0,530,Chinese
27892,3.9,420,Chinese
9933,3.8,273,Seafood
12177,4.1,473,Beverages
18245,4.3,4187,Pizza
7758,,0,Continental
4783,4.2,1031,Momos
1219,3.7,74,South Indian
46053,4.3,3077,Mediterranean
1184,3.6,399,Momos
6294,3.8,20,Italian
18416,4.1,1739,North Indian
14705,4.6,3760,Beverages
3435,4.4,4099,Asian
23692,4.3,223,Chinese
8619,4.0,24,Continental
1072,2.8,80,Seafood
3481,4.3,994,South Indian
5316,3.9,36,Salad
41743,,0,Continental
147,3.9,888,Juices
3955,4.3,220,Sandwich
4052,4.2,2924,BBQ
4321,4.2,2273,Salad
40801,4.5,2745,Finger Food
13675,2.9,319,Arabian
3154,3.7,483,Desserts
11119,4.5,2540,Pizza
2775,3.7,66,Continental
4216,4.0,1913,Chinese
5041,3.9,46,Desserts
8041,3.9,56,Desserts
3040,4.1,270,Indonesian
40119,4.2,221,Indonesian
4774,3.4,7,Indonesian
26597,4.4,2075,Thai
5105,4.4,3667,Vietnamese
17993,,0,Fast Food
8620,4.2,618,Steak
9981,4.2,70,Desserts
260,3.6,9,North Indian
10268,3.3,5,North Indian
39118,3.8,40,Continental
1131,2.9,177,Mangalorean
1405,3.9,124,North Indian
4343,4.1,481,North Indian
7170,2.3,291,Juices
2900,3.8,265,Juices
3484,3.9,1225,South Indian
17353,3.5,338,Biryani
4025,3.7,46,Italian
19876,4.1,360,Salad
43378,3.3,72,Rolls
287,4.2,354,Chinese
40106,4.1,2773,Momos
26787,4.5,42,Seafood
1683,4.3,1587,Momos
22546,4.1,223,Momos
4355,4.1,461,Burger
2188,,0,South Indian
8938,,0,Desserts
46297,,0,North Indian
2788,3.6,44,Chinese
14472,4.2,2015,Desserts
3820,4.1,1538,Desserts
2384,4.4,351,Salad
16729,3.6,62,Continental
6961,4.3,597,Korean
2928,3.6,16,Fast Food
3002,3.5,735,South Indian
3151,3.9,169,Rolls
4113,3.6,208,Rolls
18193,3.6,118,Rolls
8593,3.6,133,Rolls
20787,,0,Rolls
39829,3.9,52,Rolls
22614,3.8,140,Salad
5728,,0,Desserts
24451,,0,Chinese
7539,4.1,237,Vietnamese
1098,3.6,116,Chinese
46177,3.9,123,Salad
3853,4.0,903,South Indian
1323,2.8,48,Seafood
4755,4.2,532,Momos
1020,3.4,173,BBQ
8709,4.3,521,Burger
4918,4.1,125,Chinese
5494,3.7,20,Oriya
29346,,0,North Indian
11111,,0,Finger Food
40254,3.9,119,Afghan
16859,4.5,733,Mexican
18447,4.0,1623,Cafe
16034,4.3,700,Chinese
4212,4.2,1142,Thai
8738,4.1,114,Cafe
29133,4.1,115,Cafe
36029,4.1,117,Cafe
13624,4.3,1651,Spanish
8682,4.1,563,Salad
6960,4.2,170,Konkan
10193,3.9,46,Mithai
12295,,0,Kerala
22988,4.3,191,Vegan
3266,4.3,1434,European
198,4.2,237,Salad
14035,4.0,97,Burger
5136,,0,Hyderabadi
39421,,0,Oriya
42081,4.3,2316,Chinese
18752,4.1,1341,Finger Food
5546,4.4,345,Seafood
29388,,0,Ice Cream
2851,4.5,857,Desserts
18555,4.4,1034,Desserts
3592,4.4,632,Desserts
586,,0,Desserts
10112,4.6,143,Desserts
1518,4.5,1181,Desserts
22355,4.4,287,Desserts
14005,4.1,137,Italian
3627,4.1,617,South Indian
2594,3.9,74,South Indian
5328,3.4,34,South Indian
3069,3.9,95,Charcoal Chicken
4064,3.6,113,Charcoal Chicken
8336,4.0,88,Charcoal Chicken
2406,,0,Charcoal Chicken
16976,3.5,156,Charcoal Chicken
31600,3.9,144,Juices
815,4.2,64,Desserts
1271,4.4,464,Desserts
862,4.2,731,Sandwich
3505,3.9,52,North Indian
3793,4.2,1964,North Indian
2832,4.1,1272,Seafood
12139,4.4,2039,Salad
44098,,0,Desserts
764,4.4,809,Pizza
21790,3.9,751,Italian
15388,,0,Chinese
5019,3.0,88,Desserts
7650,2.6,56,Desserts
42703,2.8,48,Desserts
274,3.9,627,Salad
39864,,0,Pizza
20767,3.0,546,Salad
4253,3.3,628,Salad
3618,3.2,113,Salad
2852,3.6,531,Salad
42674,2.8,132,Salad
17760,3.2,835,Salad
39056,3.3,535,Salad
1524,3.9,582,Salad
9073,3.8,377,Salad
14286,3.8,1082,Biryani
41599,4.0,702,Momos
2307,4.1,336,Chinese
13906,4.3,371,Desserts
4068,4.3,2840,Desserts
7995,4.1,564,Burger
4915,3.9,88,Salad
41503,4.1,637,Salad
341,4.1,868,Steak
3983,,0,Juices
16134,4.0,40,Continental
46274,3.4,6,Juices
4733,3.7,39,Desserts
6433,3.6,241,Arabian
39837,4.3,2003,Beverages
16680,4.2,767,Beverages
40837,4.4,2382,Beverages
11858,3.9,281,Steak
1709,4.0,162,Burger
393,3.8,153,Kebab
5747,,0,Arabian
1754,3.9,224,Chinese
8657,3.1,247,Chinese
4170,3.9,488,Chinese
17018,3.4,215,Chinese
8483,4.1,1022,Juices
13766,4.3,1235,Pizza
12100,4.3,165,Healthy Food
14372,4.2,1327,Healthy Food
11280,4.3,1099,Salad
19148,4.2,315,Healthy Food
1644,4.1,417,Healthy Food
18487,4.0,652,Desserts
2853,4.3,285,Healthy Food
4959,3.2,4,Arabian
8713,4.3,786,Italian
22475,4.2,405,Pizza
3383,3.6,82,Desserts
763,3.7,177,Chinese
14113,3.9,1717,Cafe
23860,,0,Wraps
2596,3.8,22,Tibetan
952,3.9,94,Burger
47803,4.4,266,Singaporean
3876,4.6,1219,Singaporean
21943,,0,Biryani
964,3.1,1365,Biryani
2803,4.2,382,Fast Food
44241,4.2,383,Fast Food
35483,4.2,382,Fast Food
2167,4.1,888,Italian
11203,4.4,1213,Italian
7417,3.1,7,North Indian
2960,3.4,13,Kebab
40023,4.4,907,Momos
4700,4.4,2386,Momos
4703,3.5,79,Biryani
17500,2.8,118,Desserts
4014,4.3,336,Vietnamese
7422,,0,Fast Food
42663,3.7,88,Momos
22947,4.5,418,Thai
883,3.3,511,Juices
1233,3.9,487,BBQ
3598,4.3,2040,BBQ
15484,,0,Pizza
2417,4.2,174,Beverages
3554,,0,Sandwich
18775,3.8,263,Seafood
39733,4.3,1499,Momos
4292,3.6,122,Seafood
4766,3.9,1227,Rolls
3978,2.9,827,Biryani
41896,4.6,514,Mughlai
1429,4.0,349,Kebab
2437,3.8,500,Arabian
1058,2.9,380,Arabian
40100,4.4,1313,Thai
46049,3.9,31,Beverages
18369,3.2,9,Hyderabadi
11197,4.5,1932,Burger
7104,3.7,42,Asian
1657,4.1,364,Juices
11845,4.0,1382,Steak
4187,3.8,94,Steak
14599,4.6,5421,Steak
3429,4.6,2496,Steak
15093,3.8,217,Thai
18578,3.3,4,Finger Food
7900,3.0,74,Mughlai
10928,3.6,30,Salad
1959,3.7,0,Charcoal Chicken
18827,4.3,544,Beverages
3560,4.3,556,Beverages
13861,4.5,2687,Pizza
1266,4.5,2594,Beverages
7816,,0,Ice Cream
23273,,0,Andhra
985,4.0,0,Chinese
15214,3.5,124,Salad
4644,4.1,322,Chinese
41480,2.9,6,Biryani
7907,4.2,859,Desserts
1998,3.6,382,Seafood
41490,3.8,462,Seafood
215,3.1,509,Arabian
5154,,0,Arabian
2951,3.9,418,Arabian
3864,3.4,692,Arabian
904,3.8,571,Seafood
18260,3.0,530,Arabian
27892,3.9,420,Arabian
7758,,0,South Indian
18416,4.1,1739,Steak
1072,2.8,80,Mangalorean
5316,3.9,36,Pizza
3955,4.3,220,Beverages
4052,4.2,2924,Salad
40801,4.5,2745,Asian
13675,2.9,319,Beverages
3154,3.7,483,Seafood
11119,4.5,2540,Finger Food
3040,4.1,270,Korean
40119,4.2,221,Korean
4774,3.4,7,Korean
5105,4.4,3667,Sri Lankan
9981,4.2,70,Continental
260,3.6,9,Cafe
10268,3.3,5,Cafe
1405,3.9,124,Biryani
3484,3.9,1225,Bengali
43378,3.3,72,North Indian
287,4.2,354,Thai
6961,4.3,597,Chinese
2928,3.6,16,Momos
22614,3.8,140,Steak
7539,4.1,237,Chinese
1323,2.8,48,South Indian
4918,4.1,125,Ice Cream
29346,,0,South Indian
11111,,0,Asian
16859,4.5,733,Desserts
16034,4.3,700,Finger Food
6960,4.2,170,Mangalorean
10193,3.9,46,Rajasthani
12295,,0,Seafood
22988,4.3,191,Coffee
3266,4.3,1434,Salad
14035,4.0,97,Desserts
5136,,0,North Indian
39421,,0,Rolls
18752,4.1,1341,Asian
29388,,0,North Indian
14005,4.1,137,Coffee
3069,3.9,95,Beverages
4064,3.6,113,Beverages
8336,4.0,88,Beverages
2406,,0,Beverages
16976,3.5,156,Beverages
815,4.2,64,Pizza
1271,4.4,464,Beverages
862,4.2,731,Pizza
3505,3.9,52,Finger Food
3793,4.2,1964,Mughlai
12139,4.4,2039,Kebab
764,4.4,809,North Indian
15388,,0,Bakery
274,3.9,627,American
39864,,0,Italian
20767,3.0,546,American
4253,3.3,628,American
3618,3.2,113,American
2852,3.6,531,American
42674,2.8,132,American
17760,3.2,835,American
39056,3.3,535,American
1524,3.9,582,American
9073,3.8,377,American
2307,4.1,336,Modern Indian
13906,4.3,371,Spanish
4068,4.3,2840,Pizza
7995,4.1,564,Beverages
41503,4.1,637,Desserts
3983,,0,North Indian
16134,4.0,40,Malaysian
4733,3.7,39,Beverages
6433,3.6,241,Andhra
1709,4.0,162,Desserts
1754,3.9,224,South Indian
8657,3.1,247,South Indian
4170,3.9,488,South Indian
17018,3.4,215,South Indian
13766,4.3,1235,Bakery
12100,4.3,165,Desserts
14372,4.2,1327,Desserts
19148,4.2,315,Desserts
1644,4.1,417,Desserts
2853,4.3,285,Desserts
4959,3.2,4,Steak
8713,4.3,786,Sandwich
3383,3.6,82,Seafood
964,3.1,1365,Beverages
2803,4.2,382,Sandwich
44241,4.2,383,Sandwich
35483,4.2,382,Sandwich
17500,2.8,118,Street Food
4014,4.3,336,Momos
42663,3.7,88,Andhra
22947,4.5,418,Vietnamese
883,3.3,511,Kebab
1233,3.9,487,Cafe
3598,4.3,2040,Salad
15484,,0,Bakery
2417,4.2,174,Desserts
4766,3.9,1227,Beverages
2437,3.8,500,Juices
1058,2.9,380,Juices
7104,3.7,42,Grill
7900,3.0,74,South Indian
1959,3.7,0,Desserts
985,4.0,0,European
15214,3.5,124,Ice Cream
7907,4.2,859,Beverages
1998,3.6,382,Juices
41490,3.8,462,Juices
215,3.1,509,Beverages
5154,,0,Kebab
2951,3.9,418,Kerala
3864,3.4,692,Kebab
904,3.8,571,Juices
18260,3.0,530,Beverages
27892,3.9,420,Kerala
3955,4.3,220,Salad
40801,4.5,2745,Momos
3154,3.7,483,Italian
5105,4.4,3667,Burmese
9981,4.2,70,Salad
1405,3.9,124,Juices
287,4.2,354,Momos
2928,3.6,16,North Indian
7539,4.1,237,North Indian
16859,4.5,733,Pizza
12295,,0,Street Food
14035,4.0,97,Pizza
5136,,0,South Indian
39421,,0,Tea
18752,4.1,1341,Thai
29388,,0,South Indian
14005,4.1,137,Desserts
862,4.2,731,Salad
3793,4.2,1964,Seafood
764,4.4,809,Chinese
15388,,0,Kebab
274,3.9,627,Burger
39864,,0,Fast Food
20767,3.0,546,Burger
4253,3.3,628,Burger
3618,3.2,113,Burger
2852,3.6,531,Burger
42674,2.8,132,Burger
17760,3.2,835,Burger
39056,3.3,535,Burger
1524,3.9,582,Burger
9073,3.8,377,Burger
2307,4.1,336,Asian
3983,,0,Sandwich
6433,3.6,241,Kerala
1709,4.0,162,Pizza
1754,3.9,224,Andhra
8657,3.1,247,Andhra
4170,3.9,488,Andhra
17018,3.4,215,Andhra
13766,4.3,1235,European
3383,3.6,82,South Indian
42663,3.7,88,Kebab
22947,4.5,418,Chinese
883,3.3,511,Desserts
15484,,0,Salad
985,4.0,0,Japanese
15214,3.5,124,Finger Food
5154,,0,Kerala
3864,3.4,692,Kerala
3955,4.3,220,Rolls
9981,4.2,70,Asian
